precio,tipo_inmueble,alcaldia,estado,m2,recamaras,banos,estacionamientos,url,fuente,precio_por_m2
95000.0,local,Álvaro Obregón,Ciudad de México,280.0,,3.0,2.0,https://www.lamudi.com.mx/detalle/41032-73-90c849b622e0-7d9d-19dcb9a-98a3-7358,lamudi,339.2857142857143
42240.0,oficina,Álvaro Obregón,Ciudad de México,134.0,,2.0,1.0,https://www.lamudi.com.mx/detalle/41032-73-7a812b1331b2-5f3c-19c54bb-be1c-7f4f,lamudi,315.2238805970149
36000.0,oficina,Álvaro Obregón,Ciudad de México,100.0,,2.0,1.0,https://www.lamudi.com.mx/detalle/41032-73-807a32d55d20-9cda-19a99eb-9b3e-7a57,lamudi,360.0
73035.0,oficina,Álvaro Obregón,Ciudad de México,162.0,,,5.0,https://www.lamudi.com.mx/detalle/41032-73-e7e39a0c3be8-d304-19dd619-ab69-724a,lamudi,450.8333333333333
2500.0,oficina,Álvaro Obregón,Ciudad de México,30.0,,5.0,,https://www.lamudi.com.mx/detalle/41032-73-485dcb419cd8-40c9-2d1ecf0-af5d-465e,lamudi,83.33333333333333
2500.0,oficina,Álvaro Obregón,Ciudad de México,10.0,,5.0,,https://www.lamudi.com.mx/detalle/41032-73-94ddb6512507-a434-da4271-a6dc-48cb,lamudi,250.0
96413.0,oficina,Álvaro Obregón,Ciudad de México,192.0,,,,https://www.lamudi.com.mx/detalle/41032-73-e5a9eaf65f1e-6c94-19e6a2d-b400-7176,lamudi,502.1510416666667
18480.0,oficina,Álvaro Obregón,Ciudad de México,44.0,,,,https://www.lamudi.com.mx/detalle/41032-73-dfd1839b0e57-404a-19d7b09-92e6-78d9,lamudi,420.0
78000.0,oficina,Álvaro Obregón,Ciudad de México,200.0,,,2.0,https://www.lamudi.com.mx/detalle/41032-73-5872825a9449-ada8-1985974-8094-79f9,lamudi,390.0
75000.0,oficina,Álvaro Obregón,Ciudad de México,300.0,,2.0,6.0,https://www.lamudi.com.mx/detalle/41032-73-7d7400450b75-992b-19549b6-94ba-7159,lamudi,250.0
28710.0,oficina,Álvaro Obregón,Ciudad de México,63.0,,,,https://www.lamudi.com.mx/detalle/41032-73-96ce304f4247-5110-19e419a-b207-7f2b,lamudi,455.7142857142857
19000.0,oficina,Álvaro Obregón,Ciudad de México,40.0,,1.0,,https://www.lamudi.com.mx/detalle/41032-73-5062896e9882-4317-19bf0d7-b732-7aaf,lamudi,475.0
58900.0,oficina,Álvaro Obregón,Ciudad de México,150.0,,,,https://www.lamudi.com.mx/detalle/41032-73-37ac4a7c964c-9ec3-19bf0dc-8807-75dc,lamudi,392.6666666666667
14430.0,oficina,Álvaro Obregón,Ciudad de México,37.0,,,,https://www.lamudi.com.mx/detalle/41032-73-7427ffe91b04-6dec-19e651c-9590-7532,lamudi,390.0
69540.0,oficina,Álvaro Obregón,Ciudad de México,183.0,,,,https://www.lamudi.com.mx/detalle/41032-73-8dfa55b8ecfe-1827-19e45cc-83e5-758e,lamudi,380.0
42244.0,oficina,Álvaro Obregón,Ciudad de México,10.0,,2.0,,https://www.lamudi.com.mx/detalle/41032-73-20e316943de4-ebd0-19e4198-b470-71a2,lamudi,4224.4
25000.0,oficina,Álvaro Obregón,Ciudad de México,45.0,,,2.0,https://www.lamudi.com.mx/detalle/41032-73-8e8467821dab-1e3d-19e7949-83bc-7e3d,lamudi,555.5555555555555
40000.0,oficina,Álvaro Obregón,Ciudad de México,80.0,,,4.0,https://www.lamudi.com.mx/detalle/41032-73-e5d8fa8056f-153c-19e7949-9c4f-76ed,lamudi,500.0
25950.0,oficina,Álvaro Obregón,Ciudad de México,28.0,,1.0,,https://www.lamudi.com.mx/detalle/41032-73-93915265af7b-6168-19e4afd-a739-77ef,lamudi,926.7857142857143
25950.0,oficina,Álvaro Obregón,Ciudad de México,55.0,,1.0,,https://www.lamudi.com.mx/detalle/41032-73-948e5520e4b7-6b92-19e40d6-a7c7-7b7a,lamudi,471.8181818181818
31542.0,oficina,Álvaro Obregón,Ciudad de México,90.0,,,,https://www.lamudi.com.mx/detalle/41032-73-516d0ddeb417-c966-19c0a9a-a8ee-79c2,lamudi,350.46666666666664
29225.0,oficina,Álvaro Obregón,Ciudad de México,83.0,,,,https://www.lamudi.com.mx/detalle/41032-73-91fcf26a1c66-b765-19c0a86-a8b5-7f15,lamudi,352.10843373493975
27650.0,oficina,Álvaro Obregón,Ciudad de México,90.0,,,,https://www.lamudi.com.mx/detalle/41032-73-fe361c23a7ce-613d-19c0a91-8b58-7098,lamudi,307.22222222222223
15200.0,oficina,Álvaro Obregón,Ciudad de México,10.0,,,,https://www.lamudi.com.mx/detalle/41032-73-c7f3052ccd5-55dd-19c0a7b-98d5-7065,lamudi,1520.0
24800.0,oficina,Álvaro Obregón,Ciudad de México,15.0,,,,https://www.lamudi.com.mx/detalle/41032-73-fbb8568dd425-cde8-19c14cc-aaf0-723b,lamudi,1653.3333333333333
95000.0,local,Álvaro Obregón,Ciudad de México,150.0,,1.0,,https://www.lamudi.com.mx/detalle/41032-73-6b0b3fdf6e86-f521-19e28d0-bf6c-75f3,lamudi,633.3333333333334
21368.0,oficina,Álvaro Obregón,Ciudad de México,61.0,,2.0,1.0,https://www.lamudi.com.mx/detalle/41032-73-76a654202cd9-5068-191ee53-b507-7416,lamudi,350.2950819672131
44080.0,oficina,Álvaro Obregón,Ciudad de México,92.0,,,,https://www.lamudi.com.mx/detalle/41032-73-8665b034cf0e-7267-19c929b-ab4f-7823,lamudi,479.1304347826087
57365.0,oficina,Álvaro Obregón,Ciudad de México,163.0,,2.0,3.0,https://www.lamudi.com.mx/detalle/41032-73-ef3676dc007c-5718-191ee53-bac2-777b,lamudi,351.9325153374233
31763.0,oficina,Álvaro Obregón,Ciudad de México,90.0,,2.0,2.0,https://www.lamudi.com.mx/detalle/41032-73-2f0ab0f72492-715a-191ee53-be79-7dca,lamudi,352.9222222222222
75000.0,oficina,Álvaro Obregón,Ciudad de México,175.0,,2.0,5.0,https://www.lamudi.com.mx/detalle/41032-73-7c544ef96ea9-4056-a03a4f1e-a22a-4a44,lamudi,428.57142857142856
50000.0,departamento,Álvaro Obregón,Ciudad de México,215.0,2.0,2.0,2.0,https://www.lamudi.com.mx/detalle/41032-73-9b125b6f6ca-80ef-19d31c6-afc7-7648,lamudi,232.5581395348837
98000.0,oficina,Álvaro Obregón,Ciudad de México,268.0,,2.0,10.0,https://www.lamudi.com.mx/detalle/41032-73-8eba6dbe00d6-d190-19af02b-b28c-72f5,lamudi,365.67164179104475
73000.0,oficina,Álvaro Obregón,Ciudad de México,162.0,,,4.0,https://www.lamudi.com.mx/detalle/41032-73-c11d5b2d0f32-2976-19ce057-9f2b-7189,lamudi,450.61728395061726
49500.0,oficina,Álvaro Obregón,Ciudad de México,123.0,,1.0,2.0,https://www.lamudi.com.mx/detalle/41032-73-d8eba65cbe88-6581-19a1851-ac00-7762,lamudi,402.4390243902439
84700.0,oficina,Álvaro Obregón,Ciudad de México,275.0,,,2.0,https://www.lamudi.com.mx/detalle/41032-73-926dfdc06c96-313a-19e5a43-b71c-7c9c,lamudi,308.0
80000.0,oficina,Álvaro Obregón,Ciudad de México,250.0,,,,https://www.lamudi.com.mx/detalle/41032-73-552071dd012b-490c-197d394-8e4a-7346,lamudi,320.0
34500.0,oficina,Álvaro Obregón,Ciudad de México,120.0,,1.0,1.0,https://www.lamudi.com.mx/detalle/41032-73-311f9cc5dac8-d8c1-19bc4ca-8999-7121,lamudi,287.5
54800.0,oficina,Álvaro Obregón,Ciudad de México,94.0,,,3.0,https://www.lamudi.com.mx/detalle/41032-73-a65f0974a854-3506-19db71d-9882-76b5,lamudi,582.9787234042553
40000.0,oficina,Álvaro Obregón,Ciudad de México,60.0,,1.0,1.0,https://www.lamudi.com.mx/detalle/41032-73-6a195201609c-ffc-19d7c89-9dc2-78c4,lamudi,666.6666666666666
87000.0,oficina,Álvaro Obregón,Ciudad de México,300.0,,,,https://www.lamudi.com.mx/detalle/41032-73-414b02692e45-a7ed-55cac49a-b300-3e30,lamudi,290.0
36750.0,bodega,Azcapotzalco,Ciudad de México,210.0,,,,https://www.lamudi.com.mx/detalle/41032-73-7f06aa120ee0-af2b-194bab2-a774-7d04,lamudi,175.0
29865.0,departamento,Azcapotzalco,Ciudad de México,85.0,,,,https://www.lamudi.com.mx/detalle/41032-73-279ace2d5607-2c5a-198ecf0-aa43-75c4,lamudi,351.3529411764706
20000.0,local,Azcapotzalco,Ciudad de México,49.0,,,,https://www.lamudi.com.mx/detalle/41032-73-b7801fdbd40-a592-19e472e-a30d-7563,lamudi,408.16326530612247
78743.0,local,Azcapotzalco,Ciudad de México,213.0,,,,https://www.lamudi.com.mx/detalle/41032-73-1fa8ab45eef3-d043-19d22da-9256-7c69,lamudi,369.6854460093897
17500.0,departamento,Azcapotzalco,Ciudad de México,64.0,3.0,2.0,2.0,https://www.lamudi.com.mx/detalle/41032-73-364107e5c16e-4e6f-19eaf44-8bfe-7b46,lamudi,273.4375
35000.0,oficina,Azcapotzalco,Ciudad de México,100.0,,3.0,,https://www.lamudi.com.mx/detalle/41032-73-f4fc310b49f0-cd41-19d9b30-a86d-7c3e,lamudi,350.0
9900.0,departamento,Azcapotzalco,Ciudad de México,65.0,1.0,1.0,,https://www.lamudi.com.mx/detalle/41032-73-850b2cbd67e7-14cc-19e8e51-b26c-7693,lamudi,152.30769230769232
17000.0,departamento,Azcapotzalco,Ciudad de México,70.0,2.0,2.0,2.0,https://www.lamudi.com.mx/detalle/41032-73-56a5e260e960-c8c7-19e8dd8-a9ee-739b,lamudi,242.85714285714286
85000.0,oficina,Benito Juárez,Ciudad de México,200.0,1.0,2.0,6.0,https://www.lamudi.com.mx/detalle/41032-73-8f0e3f39482f-fc88-1958c14-9a3c-7d83,lamudi,425.0
20600.0,oficina,Benito Juárez,Ciudad de México,8.0,,2.0,,https://www.lamudi.com.mx/detalle/41032-73-dbcb7cbeec5c-7dc5-19c73b0-a7a1-75e7,lamudi,2575.0
55000.0,oficina,Benito Juárez,Ciudad de México,260.0,5.0,2.0,,https://www.lamudi.com.mx/detalle/41032-73-e3f06ef84eae-1c76-198ce5a-9fdc-7be3,lamudi,211.53846153846155
77300.0,oficina,Benito Juárez,Ciudad de México,30.0,,2.0,,https://www.lamudi.com.mx/detalle/41032-73-ee5dde507823-53f3-19d7b40-83c9-7c14,lamudi,2576.6666666666665
45000.0,oficina,Benito Juárez,Ciudad de México,117.0,,,,https://www.lamudi.com.mx/detalle/41032-73-f8f476567d18-afa3-19d7b1e-b6a2-73f9,lamudi,384.61538461538464
28900.0,oficina,Benito Juárez,Ciudad de México,12.0,,2.0,,https://www.lamudi.com.mx/detalle/41032-73-105f2cf07a72-6303-19d7b30-96d1-7930,lamudi,2408.3333333333335
28200.0,oficina,Benito Juárez,Ciudad de México,11.0,,2.0,,https://www.lamudi.com.mx/detalle/41032-73-9b8bdad1f54f-5a02-19d7b58-aa44-771e,lamudi,2563.6363636363635
15000.0,oficina,Benito Juárez,Ciudad de México,40.0,,,1.0,https://www.lamudi.com.mx/detalle/41032-73-5cf13303d8b6-5b08-19d7b22-8a81-7ea0,lamudi,375.0
62500.0,oficina,Benito Juárez,Ciudad de México,50.0,,8.0,,https://www.lamudi.com.mx/detalle/41032-73-f2a1c59d66a8-f6d0-19e4199-b34a-7afa,lamudi,1250.0
60000.0,oficina,Benito Juárez,Ciudad de México,200.0,,,3.0,https://www.lamudi.com.mx/detalle/41032-73-df2edbfe84e3-3b60-1948bda-bdbd-7984,lamudi,300.0
95000.0,oficina,Benito Juárez,Ciudad de México,356.0,,,,https://www.lamudi.com.mx/detalle/41032-73-cb6a6693d8b1-c318-19d9aaf-87e4-70c5,lamudi,266.85393258426967
25442.0,oficina,Benito Juárez,Ciudad de México,20.0,,1.0,,https://www.lamudi.com.mx/detalle/41032-73-fc2e0cbd0073-97c6-19e71f0-86cf-7c0b,lamudi,1272.1
53500.0,oficina,Benito Juárez,Ciudad de México,169.0,,,2.0,https://www.lamudi.com.mx/detalle/41032-73-c84758b2bd64-bfa5-19e02da-a6f4-7ed8,lamudi,316.56804733727813
19000.0,oficina,Benito Juárez,Ciudad de México,78.0,,,,https://www.lamudi.com.mx/detalle/41032-73-220484f2a21b-b4df-adefe9ba-8541-4b96,lamudi,243.5897435897436
45900.0,oficina,Benito Juárez,Ciudad de México,180.0,,2.0,1.0,https://www.lamudi.com.mx/detalle/41032-73-802af38fb3be-7cb4-19cc60d-a8df-7edf,lamudi,255.0
96280.0,oficina,Benito Juárez,Ciudad de México,250.0,,4.0,3.0,https://www.lamudi.com.mx/detalle/41032-73-59f329fadd81-8bc1-19c458c-92a7-72d7,lamudi,385.12
34400.0,oficina,Benito Juárez,Ciudad de México,68.0,,4.0,,https://www.lamudi.com.mx/detalle/41032-73-f0f95c1d9822-6fa6-19cd809-8dd8-7758,lamudi,505.88235294117646
55000.0,oficina,Benito Juárez,Ciudad de México,150.0,,,2.0,https://www.lamudi.com.mx/detalle/41032-73-6ed726d8ecdb-29f2-19c35ee-a84b-7e11,lamudi,366.6666666666667
98700.0,oficina,Benito Juárez,Ciudad de México,300.0,,6.0,6.0,https://www.lamudi.com.mx/detalle/41032-73-34a045d3ff61-74ca-1988283-b39c-7b03,lamudi,329.0
21650.0,oficina,Benito Juárez,Ciudad de México,66.0,,1.0,,https://www.lamudi.com.mx/detalle/41032-73-5871685094cb-733c-f275c327-a027-4506,lamudi,328.030303030303
105600.0,oficina,Benito Juárez,Ciudad de México,330.0,,6.0,5.0,https://www.lamudi.com.mx/detalle/41032-73-125f117439d6-1ba0-ab235e1c-a4a8-3f35,lamudi,320.0
29640.0,oficina,Benito Juárez,Ciudad de México,60.0,,4.0,,https://www.lamudi.com.mx/detalle/41032-73-b626e196d969-6945-19cd809-a1ce-7836,lamudi,494.0
58500.0,oficina,Benito Juárez,Ciudad de México,130.0,,4.0,3.0,https://www.lamudi.com.mx/detalle/41032-73-d7f786dd300c-e877-1976ec3-a468-7c37,lamudi,450.0
34500.0,oficina,Benito Juárez,Ciudad de México,110.0,,2.0,1.0,https://www.lamudi.com.mx/detalle/41032-73-f29794de45f0-14c3-19cdffb-a32d-7281,lamudi,313.6363636363636
27500.0,oficina,Benito Juárez,Ciudad de México,75.0,,,1.0,https://www.lamudi.com.mx/detalle/41032-73-e0f99294da95-7bbd-19c35ed-8672-7afe,lamudi,366.6666666666667
42000.0,oficina,Benito Juárez,Ciudad de México,150.0,,,,https://www.lamudi.com.mx/detalle/41032-73-7e07c2e0f198-b06c-19e2f46-b2ec-7362,lamudi,280.0
51000.0,oficina,Benito Juárez,Ciudad de México,150.0,,,,https://www.lamudi.com.mx/detalle/41032-73-a373b7c9a38c-4b1e-19cfeb4-b346-71fc,lamudi,340.0
25000.0,oficina,Benito Juárez,Ciudad de México,59.0,,,1.0,https://www.lamudi.com.mx/detalle/41032-73-f7ed71f2676f-dd83-1963b8e-8e31-726b,lamudi,423.728813559322
24952.0,oficina,Benito Juárez,Ciudad de México,58.0,,,,https://www.lamudi.com.mx/detalle/41032-73-70e638947ecc-2494-12a1f878-bed5-3c4b,lamudi,430.2068965517241
68000.0,oficina,Benito Juárez,Ciudad de México,355.0,,1.0,3.0,https://www.lamudi.com.mx/detalle/41032-73-60452a22c9cf-6647-1951cc1-a5f5-735f,lamudi,191.54929577464787
46980.0,oficina,Benito Juárez,Ciudad de México,135.0,,2.0,,https://www.lamudi.com.mx/detalle/41032-73-eb509cf15b5e-3ab6-6f5f3ae4-b93a-3e28,lamudi,348.0
32000.0,oficina,Benito Juárez,Ciudad de México,80.0,,,,https://www.lamudi.com.mx/detalle/41032-73-b503a8ff75c4-fb00-199fa10-b976-7069,lamudi,400.0
13500.0,oficina,Benito Juárez,Ciudad de México,10.0,,1.0,,https://www.lamudi.com.mx/detalle/41032-73-40aca4eebfb6-6e34-19bf0e3-a3e8-75f2,lamudi,1350.0
22550.0,oficina,Benito Juárez,Ciudad de México,12.0,,,,https://www.lamudi.com.mx/detalle/41032-73-2b99101be277-697-19bf0d6-9cf3-76b0,lamudi,1879.1666666666667
21833.0,oficina,Benito Juárez,Ciudad de México,15.0,,,,https://www.lamudi.com.mx/detalle/41032-73-e6d76dc0421e-28b6-19bf0c4-8a82-7d58,lamudi,1455.5333333333333
83342.0,oficina,Benito Juárez,Ciudad de México,298.0,,,,https://www.lamudi.com.mx/detalle/41032-73-ebffddd8f4da-1407-19bf0dd-91c1-7f03,lamudi,279.6711409395973
84000.0,oficina,Benito Juárez,Ciudad de México,300.0,,,,https://www.lamudi.com.mx/detalle/41032-73-1e22f68c072f-e566-19bf0dc-b7ad-789a,lamudi,280.0
28930.0,oficina,Benito Juárez,Ciudad de México,15.0,,,,https://www.lamudi.com.mx/detalle/41032-73-40f39794729f-3c30-19bf0d6-8832-73e6,lamudi,1928.6666666666667
21230.0,oficina,Benito Juárez,Ciudad de México,11.0,,,,https://www.lamudi.com.mx/detalle/41032-73-258f7f85d8b-e75-19bf0d6-b357-7174,lamudi,1930.0
21560.0,oficina,Benito Juárez,Ciudad de México,11.0,,,,https://www.lamudi.com.mx/detalle/41032-73-1f053bd724c1-2d83-19bf0d6-883b-7ab5,lamudi,1960.0
26751.0,oficina,Benito Juárez,Ciudad de México,18.0,,,,https://www.lamudi.com.mx/detalle/41032-73-da68073d089c-10d8-19bf0c4-9f18-7545,lamudi,1486.1666666666667
19690.0,oficina,Benito Juárez,Ciudad de México,10.0,,,,https://www.lamudi.com.mx/detalle/41032-73-fa90a70c67c1-3368-19bf0d6-a09d-74a6,lamudi,1969.0
26000.0,departamento,Coyoacán,Ciudad de México,76.0,2.0,2.0,,https://www.lamudi.com.mx/detalle/41032-73-3d770b3f504f-1784-19db332-beb5-7534,lamudi,342.10526315789474
21000.0,oficina,Coyoacán,Ciudad de México,62.0,,1.0,,https://www.lamudi.com.mx/detalle/41032-73-6217edb18ee7-ad50-19d2d3b-ac44-75cd,lamudi,338.7096774193548
6530.0,oficina,Coyoacán,Ciudad de México,8.0,,1.0,,https://www.lamudi.com.mx/detalle/41032-73-e6a9c2c3b95d-d09b-19c16af-8d3b-76cc,lamudi,816.25
82000.0,oficina,Coyoacán,Ciudad de México,228.0,,,5.0,https://www.lamudi.com.mx/detalle/41032-73-37eb2b6e92b0-20dc-195d09b-bf77-781e,lamudi,359.64912280701753
18000.0,oficina,Coyoacán,Ciudad de México,60.0,,3.0,,https://www.lamudi.com.mx/detalle/41032-73-fae889947d7e-95e4-19d7b0a-842d-7c30,lamudi,300.0
8000.0,local,Coyoacán,Ciudad de México,32.0,,4.0,12.0,https://www.lamudi.com.mx/detalle/41032-73-61345b1e260b-b6d4-19e99fc-acf9-72c3,lamudi,250.0
14430.0,oficina,Coyoacán,Ciudad de México,37.0,,,,https://www.lamudi.com.mx/detalle/41032-73-75cd3ed8a5ef-b145-19c6c55-a9b0-7451,lamudi,390.0
59900.0,oficina,Coyoacán,Ciudad de México,207.0,,,1.0,https://www.lamudi.com.mx/detalle/41032-73-ba3ae09c580f-3a41-19c2151-bb46-7edc,lamudi,289.3719806763285
79000.0,local,Coyoacán,Ciudad de México,240.0,,2.0,,https://www.lamudi.com.mx/detalle/41032-73-7a7743d2e92-d7a2-19ddc25-a46b-7402,lamudi,329.1666666666667
20200.0,local,Coyoacán,Ciudad de México,34.0,,,,https://www.lamudi.com.mx/detalle/41032-73-14fbbc40e39e-8569-19ddc25-b2af-71f6,lamudi,594.1176470588235
27500.0,oficina,Coyoacán,Ciudad de México,110.0,,1.0,1.0,https://www.lamudi.com.mx/detalle/41032-73-2a7e26d71221-aaf0-19d014a-947c-71dc,lamudi,250.0
25000.0,local,Coyoacán,Ciudad de México,90.0,,,,https://www.lamudi.com.mx/detalle/41032-73-eb8efbee17c8-af31-97dc1e2b-925e-3fef,lamudi,277.77777777777777
33800.0,oficina,Coyoacán,Ciudad de México,110.0,,1.0,2.0,https://www.lamudi.com.mx/detalle/41032-73-40b8ee52bcbd-61c5-19d7b8a-9c1d-7ba2,lamudi,307.27272727272725
5000.0,departamento,Coyoacán,Ciudad de México,9.0,,1.0,,https://www.lamudi.com.mx/detalle/41032-73-8cadebf4316f-5f12-1948765-9e2d-7495,lamudi,555.5555555555555
17000.0,oficina,Coyoacán,Ciudad de México,15.0,,,,https://www.lamudi.com.mx/detalle/41032-73-d2db391680f9-5f3f-19d066b-881f-70ba,lamudi,1133.3333333333333
5200.0,oficina,Coyoacán,Ciudad de México,12.0,,1.0,,https://www.lamudi.com.mx/detalle/41032-73-70490f4b98ee-7b6b-19c20ef-b08c-75b7,lamudi,433.3333333333333
25000.0,casa,Coyoacán,Ciudad de México,195.0,3.0,2.0,3.0,https://www.lamudi.com.mx/detalle/41032-73-b6fc7b1a2503-124e-19eb1ea-bd17-7a62,lamudi,128.2051282051282
8500.0,oficina,Coyoacán,Ciudad de México,33.0,,,1.0,https://www.lamudi.com.mx/detalle/41032-73-27cf708f1570-9bbb-19eae2e-ad63-7285,lamudi,257.57575757575756
20000.0,departamento,Coyoacán,Ciudad de México,119.0,2.0,3.0,1.0,https://www.lamudi.com.mx/detalle/41032-73-841b1a473589-e8eb-19e443a-81ce-7123,lamudi,168.0672268907563
19500.0,oficina,Coyoacán,Ciudad de México,70.0,,,1.0,https://www.lamudi.com.mx/detalle/41032-73-b86995ade984-864a-19a8510-9e01-76e4,lamudi,278.57142857142856
27500.0,local,Coyoacán,Ciudad de México,60.0,,,1.0,https://www.lamudi.com.mx/detalle/41032-73-e54d05d68908-db33-19cfecf-8ebc-74d0,lamudi,458.3333333333333
28000.0,oficina,Coyoacán,Ciudad de México,70.0,,,1.0,https://www.lamudi.com.mx/detalle/41032-73-5212f5bbd71b-32f5-19d9ec6-973f-74c2,lamudi,400.0
18500.0,oficina,Cuajimalpa,Ciudad de México,150.0,,,,https://www.lamudi.com.mx/detalle/41032-73-27c159eeeff4-a6ee-19085c2-8e52-7c94,lamudi,123.33333333333333
25000.0,oficina,Cuajimalpa,Ciudad de México,15.0,,4.0,,https://www.lamudi.com.mx/detalle/41032-73-a2ebb029b29e-f89-19d7b03-bf80-7d17,lamudi,1666.6666666666667
21000.0,oficina,Cuajimalpa,Ciudad de México,20.0,,4.0,,https://www.lamudi.com.mx/detalle/41032-73-8c79e27fcf34-f948-51cdd9e8-a035-3d96,lamudi,1050.0
50000.0,oficina,Cuajimalpa,Ciudad de México,250.0,,2.0,,https://www.lamudi.com.mx/detalle/41032-73-b1a3768fba27-ddd0-19ac31c-9057-739d,lamudi,200.0
9000.0,oficina,Cuajimalpa,Ciudad de México,25.0,,4.0,1.0,https://www.lamudi.com.mx/detalle/41032-73-c2fb9a9e3db3-143d-68ed46b0-8397-33b2,lamudi,360.0
22000.0,oficina,Cuajimalpa,Ciudad de México,14.0,,4.0,,https://www.lamudi.com.mx/detalle/41032-73-2d040351c397-3da9-19d7af8-80a5-7a31,lamudi,1571.4285714285713
12900.0,oficina,Cuajimalpa,Ciudad de México,15.0,,4.0,,https://www.lamudi.com.mx/detalle/41032-73-43b72434cdf6-47f3-7aca75b8-bf79-344f,lamudi,860.0
19000.0,casa,Cuajimalpa,Ciudad de México,150.0,3.0,1.0,1.0,https://www.lamudi.com.mx/detalle/41032-73-23b16a365c5e-11c2-19dd461-8b4b-7efe,lamudi,126.66666666666667
17000.0,departamento,Cuajimalpa,Ciudad de México,100.0,1.0,1.0,1.0,https://www.lamudi.com.mx/detalle/41032-73-851e22727f13-feb5-19e4804-80a5-7053,lamudi,170.0
60000.0,local,Cuajimalpa,Ciudad de México,300.0,,2.0,,https://www.lamudi.com.mx/detalle/41032-73-876383038068-ef74-19ac31c-b5e7-74a0,lamudi,200.0
44100.0,local,Cuajimalpa,Ciudad de México,245.0,,1.0,3.0,https://www.lamudi.com.mx/detalle/41032-73-aaeb45fd3c1d-e73f-86aefd26-b2d0-375c,lamudi,180.0
8000.0,oficina,Cuajimalpa,Ciudad de México,26.0,,,2.0,https://www.lamudi.com.mx/detalle/41032-73-a16f405c6e7e-8b03-19e047e-875a-7391,lamudi,307.6923076923077
24031.0,departamento,Cuajimalpa,Ciudad de México,63.0,1.0,2.0,1.0,https://www.lamudi.com.mx/detalle/41032-73-6a26d4920018-ee6a-19cea1c-9ee2-77b1,lamudi,381.44444444444446
21000.0,departamento,Cuajimalpa,Ciudad de México,47.0,1.0,1.0,1.0,https://www.lamudi.com.mx/detalle/41032-73-ce2c7611fffc-f633-19cea1c-b85e-72e3,lamudi,446.8085106382979
24500.0,departamento,Cuajimalpa,Ciudad de México,90.0,2.0,2.0,2.0,https://www.lamudi.com.mx/detalle/41032-73-a66989c4ba10-4e50-1993aad-9984-7197,lamudi,272.22222222222223
16500.0,local,Cuajimalpa,Ciudad de México,150.0,,,,https://www.lamudi.com.mx/detalle/41032-73-a3a27cbffe7-7163-428091f0-b479-36fd,lamudi,110.0
6000.0,local,Cuajimalpa,Ciudad de México,18.0,,1.0,1.0,https://www.lamudi.com.mx/detalle/41032-73-3810a4339d18-ca09-19e76be-8a45-708d,lamudi,333.3333333333333
14600.0,departamento,Cuajimalpa,Ciudad de México,73.0,1.0,1.0,1.0,https://www.lamudi.com.mx/detalle/41032-73-da7953ad004d-dabb-19e76be-a646-7a60,lamudi,200.0
49900.0,oficina,Cuajimalpa,Ciudad de México,130.0,,,5.0,https://www.lamudi.com.mx/detalle/41032-73-311c90b77d59-541c-19d0e55-a2c0-7f82,lamudi,383.84615384615387
20000.0,departamento,Cuajimalpa,Ciudad de México,62.0,1.0,1.0,1.0,https://www.lamudi.com.mx/detalle/41032-73-8795160b0e37-3b92-19dd729-8322-7922,lamudi,322.5806451612903
41622.0,departamento,Cuajimalpa,Ciudad de México,95.0,2.0,2.0,1.0,https://www.lamudi.com.mx/detalle/41032-73-8fd269c3609f-c309-fb33199f-bce6-4d8d,lamudi,438.12631578947367
22650.0,departamento,Cuajimalpa,Ciudad de México,97.0,3.0,2.0,,https://www.lamudi.com.mx/detalle/41032-73-d72cb89ca1c-c02f-19ae307-ba28-70a1,lamudi,233.50515463917526
8150.0,departamento,Cuajimalpa,Ciudad de México,47.0,1.0,1.0,1.0,https://www.lamudi.com.mx/detalle/41032-73-54cdd33865e-af64-19e484e-992a-73f8,lamudi,173.40425531914894
15804.0,departamento,Cuajimalpa,Ciudad de México,100.0,3.0,3.0,1.0,https://www.lamudi.com.mx/detalle/41032-73-addcefa4f85b-aaf8-19d7bb3-92d8-76f6,lamudi,158.04
27000.0,casa,Cuajimalpa,Ciudad de México,150.0,2.0,2.0,2.0,https://www.lamudi.com.mx/detalle/41032-73-fbcaeafeed6d-7e68-19e740a-b625-71da,lamudi,180.0
30000.0,departamento,Cuajimalpa,Ciudad de México,118.0,2.0,2.0,2.0,https://www.lamudi.com.mx/detalle/41032-73-be9b1c8f18cb-715-19e5004-be54-7d4a,lamudi,254.23728813559322
32000.0,casa,Cuajimalpa,Ciudad de México,325.0,4.0,3.0,2.0,https://www.lamudi.com.mx/detalle/41032-73-2e1b4b2780aa-96e3-19adcd7-bf45-7e80,lamudi,98.46153846153847
25000.0,departamento,Cuajimalpa,Ciudad de México,97.0,3.0,2.0,,https://www.lamudi.com.mx/detalle/41032-73-69f0937eb7a6-a9e1-19ebd8d-8636-7bbe,lamudi,257.7319587628866
27000.0,casa,Cuajimalpa,Ciudad de México,190.0,2.0,2.0,2.0,https://www.lamudi.com.mx/detalle/41032-73-8fbdb2dba9c6-14f4-19c8785-9f4e-78d0,lamudi,142.10526315789474
25000.0,departamento,Cuajimalpa,Ciudad de México,57.0,2.0,1.0,1.0,https://www.lamudi.com.mx/detalle/41032-73-6a7395f84c02-281f-19e2f4d-a18e-7581,lamudi,438.5964912280702
28100.0,departamento,Cuajimalpa,Ciudad de México,67.0,2.0,1.0,1.0,https://www.lamudi.com.mx/detalle/41032-73-736662bd04a0-4959-19ea7f6-b43a-77f6,lamudi,419.4029850746269
28104.0,departamento,Cuajimalpa,Ciudad de México,67.0,2.0,1.0,1.0,https://www.lamudi.com.mx/detalle/41032-73-fcaf5a19961d-b77c-19d7c9a-84e0-7929,lamudi,419.46268656716416
28500.0,departamento,Cuajimalpa,Ciudad de México,80.0,3.0,2.0,,https://www.lamudi.com.mx/detalle/41032-73-363465a5c406-1d79-19e7c3e-a44d-70fc,lamudi,356.25
60000.0,departamento,Cuajimalpa,Ciudad de México,190.0,3.0,2.0,2.0,https://www.lamudi.com.mx/detalle/41032-73-530eccdb8ffd-44ed-19e6bb4-88f7-7362,lamudi,315.7894736842105
17500.0,departamento,Cuajimalpa,Ciudad de México,78.0,2.0,2.0,1.0,https://www.lamudi.com.mx/detalle/41032-73-1624fa26b36a-f51a-19bd7d1-aecd-72d9,lamudi,224.35897435897436
40000.0,departamento,Cuajimalpa,Ciudad de México,150.0,3.0,2.0,2.0,https://www.lamudi.com.mx/detalle/41032-73-548373603ea8-6058-19b9b99-9d69-72d1,lamudi,266.6666666666667
9150.0,departamento,Cuajimalpa,Ciudad de México,25.0,1.0,1.0,,https://www.lamudi.com.mx/detalle/41032-73-1bdcba55f04f-9b69-19de6e5-92f3-708c,lamudi,366.0
16000.0,departamento,Cuajimalpa,Ciudad de México,90.0,2.0,1.0,,https://www.lamudi.com.mx/detalle/41032-73-8a0a8733c3ee-1909-1978b8c-8095-7a80,lamudi,177.77777777777777
14900.0,local,Cuauhtémoc,Ciudad de México,100.0,,,,https://www.lamudi.com.mx/detalle/41032-73-4e76a65a3b5-9c15-19bd944-925b-74de,lamudi,149.0
22400.0,local,Cuauhtémoc,Ciudad de México,280.0,,,1.0,https://www.lamudi.com.mx/detalle/41032-73-19dd96b2c0b1-6f45-198a3b8-9d6b-737f,lamudi,80.0
7500.0,local,Cuauhtémoc,Ciudad de México,80.0,,,,https://www.lamudi.com.mx/detalle/41032-73-6fa44c9b703a-9f26-241d60db-bbe4-365f,lamudi,93.75
15000.0,local,Cuauhtémoc,Ciudad de México,300.0,,,,https://www.lamudi.com.mx/detalle/41032-73-5d967efaec0f-fe32-cf328d1d-83c3-3ed6,lamudi,50.0
16200.0,local,Cuauhtémoc,Ciudad de México,270.0,,,,https://www.lamudi.com.mx/detalle/41032-73-d26c0c186f5-455-19acd68-a47f-7914,lamudi,60.0
19500.0,local,Cuauhtémoc,Ciudad de México,150.0,,,,https://www.lamudi.com.mx/detalle/41032-73-c052b5908eb5-e74d-1974868-8a9a-7cf8,lamudi,130.0
10000.0,local,Cuauhtémoc,Ciudad de México,90.0,,,,https://www.lamudi.com.mx/detalle/41032-73-24f34f1a37b5-e463-19a51e8-9fd7-7876,lamudi,111.11111111111111
13760.0,local,Cuauhtémoc,Ciudad de México,64.0,,,,https://www.lamudi.com.mx/detalle/41032-73-d78a38237dfb-4977-19d7aaf-9274-7e1b,lamudi,215.0
15000.0,local,Cuauhtémoc,Ciudad de México,160.0,,,,https://www.lamudi.com.mx/detalle/41032-73-3ef0c8e40070-bfee-1903391-9434-731f,lamudi,93.75
16500.0,local,Cuauhtémoc,Ciudad de México,230.0,,,10.0,https://www.lamudi.com.mx/detalle/41032-73-586dfc6195ec-95df-19301d4-9e05-7be1,lamudi,71.73913043478261
19000.0,local,Cuauhtémoc,Ciudad de México,150.0,,,5.0,https://www.lamudi.com.mx/detalle/41032-73-f21643accd0c-5452-1921282-bd95-7dbf,lamudi,126.66666666666667
19200.0,local,Cuauhtémoc,Ciudad de México,120.0,,,5.0,https://www.lamudi.com.mx/detalle/41032-73-a04235b5cd0b-943f-19c9d3f-a0a0-7c4c,lamudi,160.0
45000.0,local,Cuauhtémoc,Ciudad de México,300.0,,,2.0,https://www.lamudi.com.mx/detalle/41032-73-314b7a1fe527-89ab-2a117ad5-8525-342c,lamudi,150.0
7000.0,departamento,Cuauhtémoc,Ciudad de México,50.0,2.0,1.0,1.0,https://www.lamudi.com.mx/detalle/41032-73-86a09056cd25-283a-19d27fd-9be0-7b4a,lamudi,140.0
22000.0,departamento,Cuauhtémoc,Ciudad de México,70.0,2.0,2.0,1.0,https://www.lamudi.com.mx/detalle/41032-73-ff7cbe3abc15-842b-19d8db2-9f9d-733e,lamudi,314.2857142857143
83312.0,oficina,Iztacalco,Ciudad de México,300.0,,4.0,,https://www.lamudi.com.mx/detalle/41032-73-76f0475e120a-198-1975797-b31e-75e3,lamudi,277.70666666666665
39000.0,oficina,Iztacalco,Ciudad de México,300.0,,2.0,,https://www.lamudi.com.mx/detalle/41032-73-99109e39937c-d3e8-19c7915-94a7-7e3a,lamudi,130.0
26900.0,oficina,Iztacalco,Ciudad de México,250.0,,,4.0,https://www.lamudi.com.mx/detalle/41032-73-999c3dbd3773-19c3-19c2f58-95ce-77ae,lamudi,107.6
30000.0,local,Iztacalco,Ciudad de México,250.0,,,1.0,https://www.lamudi.com.mx/detalle/41032-73-85d3057ec8f5-6633-19e611f-ab7c-7165,lamudi,120.0
29900.0,oficina,Iztacalco,Ciudad de México,250.0,,2.0,,https://www.lamudi.com.mx/detalle/41032-73-c7e78f8a65e6-4043-19cf4b4-a57d-7141,lamudi,119.6
9000.0,local,Iztacalco,Ciudad de México,20.0,,,,https://www.lamudi.com.mx/detalle/41032-73-23a5795729fd-70d4-19d81fa-8a6b-73ca,lamudi,450.0
19000.0,departamento,Iztacalco,Ciudad de México,120.0,2.0,1.0,1.0,https://www.lamudi.com.mx/detalle/41032-73-c9c76da1bfa0-59ca-19e1f5d-9084-707d,lamudi,158.33333333333334
16000.0,departamento,Iztacalco,Ciudad de México,89.0,3.0,2.0,2.0,https://www.lamudi.com.mx/detalle/41032-73-ef4888678ffe-e291-19dfc21-84f8-7650,lamudi,179.77528089887642
12500.0,departamento,Iztacalco,Ciudad de México,60.0,2.0,1.0,1.0,https://www.lamudi.com.mx/detalle/41032-73-398c776d279a-6b37-19df606-b062-7742,lamudi,208.33333333333334
29700.0,casa,Iztacalco,Ciudad de México,185.0,3.0,2.0,1.0,https://www.lamudi.com.mx/detalle/41032-73-df613e1c98b9-6e2b-19d39e5-834a-76dd,lamudi,160.54054054054055
8000.0,oficina,Iztacalco,Ciudad de México,25.0,,,,https://www.lamudi.com.mx/detalle/41032-73-797b900affa-a479-19d1345-87e7-7414,lamudi,320.0
11000.0,local,Iztacalco,Ciudad de México,33.0,,,,https://www.lamudi.com.mx/detalle/41032-73-9ee139f49928-b41f-19e89c7-91b6-7149,lamudi,333.3333333333333
12800.0,departamento,Iztacalco,Ciudad de México,60.0,2.0,1.0,1.0,https://www.lamudi.com.mx/detalle/41032-73-2532bce9a07-6dc1-19e4ad1-aa27-79e3,lamudi,213.33333333333334
12500.0,departamento,Iztacalco,Ciudad de México,65.0,2.0,1.0,,https://www.lamudi.com.mx/detalle/41032-73-fc449b6db04c-2e7f-19eba0a-ad4f-7d75,lamudi,192.30769230769232
69160.0,oficina,Iztacalco,Ciudad de México,247.0,,4.0,,https://www.lamudi.com.mx/detalle/41032-73-2e57b48ff33a-1c88-1975797-bc48-7c5f,lamudi,280.0
42000.0,oficina,Iztacalco,Ciudad de México,150.0,,4.0,,https://www.lamudi.com.mx/detalle/41032-73-a602a5c2ecdb-23a1-1975797-b850-78d9,lamudi,280.0
59360.0,oficina,Iztacalco,Ciudad de México,212.0,,4.0,,https://www.lamudi.com.mx/detalle/41032-73-8c814974b1e9-fca-1975797-aed4-71b1,lamudi,280.0
27000.0,oficina,Iztacalco,Ciudad de México,99.0,5.0,2.0,,https://www.lamudi.com.mx/detalle/41032-73-537ab377db25-5db1-19de01c-81cf-7c3f,lamudi,272.72727272727275
17000.0,departamento,Iztacalco,Ciudad de México,56.0,2.0,1.0,2.0,https://www.lamudi.com.mx/detalle/41032-73-30490a5b7357-f4f6-19d8fa9-a9fa-75ef,lamudi,303.57142857142856
18900.0,bodega,Iztacalco,Ciudad de México,110.0,,,,https://www.lamudi.com.mx/detalle/41032-73-dd0891c5f267-9330-19eb244-b3d1-7f3f,lamudi,171.8181818181818
18000.0,oficina,Iztacalco,Ciudad de México,80.0,,1.0,,https://www.lamudi.com.mx/detalle/41032-73-5eb4a9482927-b540-19d091e-810e-7768,lamudi,225.0
20900.0,bodega,Iztacalco,Ciudad de México,120.0,,,,https://www.lamudi.com.mx/detalle/41032-73-8a7468465829-d036-19e4175-ae67-7e09,lamudi,174.16666666666666
82880.0,local,Iztacalco,Ciudad de México,148.0,,1.0,,https://www.lamudi.com.mx/detalle/41032-73-1057891122e3-847e-19177e8-a759-72d6,lamudi,560.0
99000.0,departamento,Iztacalco,Ciudad de México,270.0,,,,https://www.lamudi.com.mx/detalle/41032-73-d1b38436fc2-b72c-9a7728e8-a4d6-4127,lamudi,366.6666666666667
11800.0,departamento,Iztacalco,Ciudad de México,57.0,2.0,2.0,,https://www.lamudi.com.mx/detalle/41032-73-4efa1f4e362a-1a4a-19ea97c-a99c-7697,lamudi,207.01754385964912
10300.0,departamento,Iztacalco,Ciudad de México,75.0,2.0,1.0,,https://www.lamudi.com.mx/detalle/41032-73-f8169fda0432-5840-19dfb5a-94c3-7e6e,lamudi,137.33333333333334
7500.0,departamento,Iztacalco,Ciudad de México,68.0,2.0,2.0,,https://www.lamudi.com.mx/detalle/41032-73-978b13819f22-6ca-19e98fe-bcba-73a6,lamudi,110.29411764705883
13000.0,departamento,Iztacalco,Ciudad de México,50.0,2.0,1.0,,https://www.lamudi.com.mx/detalle/41032-73-ddc2922119f5-de43-19eb305-aed9-77c7,lamudi,260.0
16500.0,casa,Iztacalco,Ciudad de México,145.0,3.0,2.0,,https://www.lamudi.com.mx/detalle/41032-73-8d46a0280801-8436-19eaae2-b75c-7af5,lamudi,113.79310344827586
16500.0,casa,Iztacalco,Ciudad de México,140.0,3.0,2.0,,https://www.lamudi.com.mx/detalle/41032-73-6cfad7a06383-9a74-19e9df2-a506-73d9,lamudi,117.85714285714286
16200.0,departamento,Iztacalco,Ciudad de México,60.0,2.0,2.0,1.0,https://www.lamudi.com.mx/detalle/41032-73-866bfd5764e1-4d46-19e86ea-b962-78f5,lamudi,270.0
33000.0,oficina,Iztacalco,Ciudad de México,178.0,,1.0,2.0,https://www.lamudi.com.mx/detalle/41032-73-51aef477e5ad-e6c7-19eaa5f-bd17-7962,lamudi,185.3932584269663
7000.0,oficina,Iztacalco,Ciudad de México,63.0,,1.0,,https://www.lamudi.com.mx/detalle/41032-73-a03af485d19c-1424-45a2238-93bd-4e92,lamudi,111.11111111111111
13500.0,departamento,Iztacalco,Ciudad de México,92.0,2.0,1.0,,https://www.lamudi.com.mx/detalle/41032-73-eb95b82d81b0-1c8f-19dfbc6-80e5-75a7,lamudi,146.7391304347826
6000.0,departamento,Iztacalco,Ciudad de México,50.0,1.0,1.0,,https://www.lamudi.com.mx/detalle/41032-73-7591ba69aa4c-7751-19e67a4-bc90-7742,lamudi,120.0
40000.0,oficina,Iztacalco,Ciudad de México,288.0,,2.0,,https://www.lamudi.com.mx/detalle/41032-73-3fc9bf0a46cc-57f5-199ef63-bd53-71a8,lamudi,138.88888888888889
71040.0,local,Iztacalco,Ciudad de México,148.0,,,,https://www.lamudi.com.mx/detalle/41032-73-d36173d64cde-baad-19d22e8-bf15-7cbc,lamudi,480.0
15000.0,local,Iztapalapa,Ciudad de México,201.0,,1.0,200.0,https://www.lamudi.com.mx/detalle/41032-73-c51128cfb574-719b-19d7464-a6c3-73bc,lamudi,74.6268656716418
6500.0,local,Iztapalapa,Ciudad de México,20.0,,1.0,,https://www.lamudi.com.mx/detalle/41032-73-d2a54e506c57-e51c-19e8f08-b1e8-7760,lamudi,325.0
20000.0,local,Iztapalapa,Ciudad de México,180.0,,1.0,,https://www.lamudi.com.mx/detalle/41032-73-bc34f7596ee0-f30c-196506a-a46e-7b7c,lamudi,111.11111111111111
43600.0,oficina,Iztapalapa,Ciudad de México,218.0,,,,https://www.lamudi.com.mx/detalle/41032-73-846345545f76-ca26-19bf0cc-91cd-72e8,lamudi,200.0
52722.0,oficina,Iztapalapa,Ciudad de México,264.0,,,,https://www.lamudi.com.mx/detalle/41032-73-fa99307bd167-323d-19bf0cd-869a-70fd,lamudi,199.70454545454547
39500.0,local,Iztapalapa,Ciudad de México,142.0,,,5.0,https://www.lamudi.com.mx/detalle/41032-73-d2d23d689dc3-da46-1985968-85a0-72d2,lamudi,278.16901408450707
45000.0,casa,Iztapalapa,Ciudad de México,120.0,4.0,6.0,3.0,https://www.lamudi.com.mx/detalle/41032-73-b9785fce344c-f54f-19e679c-80d5-7d76,lamudi,375.0
36500.0,local,Iztapalapa,Ciudad de México,96.0,,,,https://www.lamudi.com.mx/detalle/41032-73-fce2bc490759-fc61-19c6824-8bbb-7144,lamudi,380.2083333333333
35000.0,bodega,Iztapalapa,Ciudad de México,240.0,,3.0,,https://www.lamudi.com.mx/detalle/41032-73-44313ac5603a-7bd8-19b4cf3-a754-7e13,lamudi,145.83333333333334
35000.0,oficina,Iztapalapa,Ciudad de México,240.0,2.0,3.0,,https://www.lamudi.com.mx/detalle/41032-73-27e1ea8d7fab-715d-19b4cf3-be86-7e1d,lamudi,145.83333333333334
45980.0,local,Iztapalapa,Ciudad de México,76.0,,,100.0,https://www.lamudi.com.mx/detalle/41032-73-b3b246e270b8-3312-56d8b277-8123-4491,lamudi,605.0
90750.0,local,Iztapalapa,Ciudad de México,330.0,,,,https://www.lamudi.com.mx/detalle/41032-73-410293a008ac-9dbf-cf93c742-976a-4ef8,lamudi,275.0
90030.0,local,Iztapalapa,Ciudad de México,258.0,,,,https://www.lamudi.com.mx/detalle/41032-73-f3c63653d017-3399-19e9882-9be7-7958,lamudi,348.95348837209303
90000.0,oficina,Iztapalapa,Ciudad de México,300.0,,,,https://www.lamudi.com.mx/detalle/41032-73-377a6936c2f-d840-19bf0da-ba69-7bfa,lamudi,300.0
35000.0,local,Iztapalapa,Ciudad de México,250.0,,,,https://www.lamudi.com.mx/detalle/41032-73-6ecc0c8dfd3d-7bc0-1942ad8-8ea9-737d,lamudi,140.0
25000.0,oficina,Iztapalapa,Ciudad de México,125.0,,1.0,,https://www.lamudi.com.mx/detalle/41032-73-4d47e10df01a-72b8-19d99b3-bd36-731f,lamudi,200.0
6000.0,departamento,Iztapalapa,Ciudad de México,21.0,1.0,1.0,,https://www.lamudi.com.mx/detalle/41032-73-91c57fd513a6-aea0-19640ea-a6c0-7e1f,lamudi,285.7142857142857
16000.0,departamento,Iztapalapa,Ciudad de México,70.0,2.0,2.0,,https://www.lamudi.com.mx/detalle/41032-73-559a345e2e4d-b417-19e8b86-9f19-79d6,lamudi,228.57142857142858
11000.0,oficina,Iztapalapa,Ciudad de México,60.0,,,,https://www.lamudi.com.mx/detalle/41032-73-373ff975f253-95b8-19e1f3f-8145-73ae,lamudi,183.33333333333334
7000.0,departamento,Iztapalapa,Ciudad de México,60.0,2.0,1.0,,https://www.lamudi.com.mx/detalle/41032-73-aaf429094d60-3761-19e62dd-9beb-75f4,lamudi,116.66666666666667
2900.0,local,Iztapalapa,Ciudad de México,4.0,,,,https://www.lamudi.com.mx/detalle/41032-73-f991c092dcff-4d92-19692de-91a0-8044,lamudi,725.0
40000.0,local,Iztapalapa,Ciudad de México,155.0,,,,https://www.lamudi.com.mx/detalle/41032-73-2a58823f346-147b-19aa8c8-9e91-71c2,lamudi,258.06451612903226
6500.0,local,Iztapalapa,Ciudad de México,30.0,,,,https://www.lamudi.com.mx/detalle/41032-73-83a5c6ea1186-86a1-19c5414-bff9-767d,lamudi,216.66666666666666
9500.0,departamento,Iztapalapa,Ciudad de México,40.0,2.0,1.0,,https://www.lamudi.com.mx/detalle/41032-73-8cf10d7ea002-e652-19ec456-ba0a-71da,lamudi,237.5
19000.0,casa,Iztapalapa,Ciudad de México,250.0,3.0,3.0,,https://www.lamudi.com.mx/detalle/41032-73-ca0028158a55-f4a4-19ec456-9d3c-7d8f,lamudi,76.0
16000.0,departamento,Iztapalapa,Ciudad de México,190.0,3.0,1.0,,https://www.lamudi.com.mx/detalle/41032-73-90c7a4c06cdb-27cf-19eba0a-a33b-7ec9,lamudi,84.21052631578948
90300.0,local,Iztapalapa,Ciudad de México,258.0,,,,https://www.lamudi.com.mx/detalle/41032-73-e4647a9711f1-df0a-19dadcf-bd26-7eaa,lamudi,350.0
19000.0,local,Iztapalapa,Ciudad de México,70.0,,,,https://www.lamudi.com.mx/detalle/41032-73-f7259eaac174-db98-19dd65a-9e7d-7115,lamudi,271.42857142857144
91000.0,local,Iztapalapa,Ciudad de México,258.0,,,,https://www.lamudi.com.mx/detalle/41032-73-6d4132cecbc1-44a8-19d7c72-81a9-7c0b,lamudi,352.71317829457365
8700.0,departamento,Iztapalapa,Ciudad de México,58.0,3.0,1.0,,https://www.lamudi.com.mx/detalle/41032-73-ba05959130b9-3688-19e8164-8c4b-7ef7,lamudi,150.0
4500.0,departamento,Iztapalapa,Ciudad de México,20.0,1.0,1.0,,https://www.lamudi.com.mx/detalle/41032-73-bb04972dfc76-c5cb-19e096b-9467-7582,lamudi,225.0
40000.0,local,Iztapalapa,Ciudad de México,200.0,,,1.0,https://www.lamudi.com.mx/detalle/41032-73-7942f6c92bbc-1a87-198302c-8a13-72ae,lamudi,200.0
31000.0,local,Iztapalapa,Ciudad de México,60.0,,,1.0,https://www.lamudi.com.mx/detalle/41032-73-912a82df0128-2ff-19ddeb9-81a4-71f4,lamudi,516.6666666666666
31000.0,local,Iztapalapa,Ciudad de México,150.0,,,1.0,https://www.lamudi.com.mx/detalle/41032-73-2c6b8f932b6d-e258-19db86e-894b-757d,lamudi,206.66666666666666
25000.0,oficina,Iztapalapa,Ciudad de México,250.0,,1.0,,https://www.lamudi.com.mx/detalle/41032-73-c833f343b7c1-d708-7e508f04-afb3-32b5,lamudi,100.0
90650.0,local,Iztapalapa,Ciudad de México,259.0,,,,https://www.lamudi.com.mx/detalle/41032-73-9afbfdbe6b8a-85bb-19b4d68-b6c1-7d0f,lamudi,350.0
75000.0,oficina,Miguel Hidalgo,Ciudad de México,112.0,,2.0,1.0,https://www.lamudi.com.mx/detalle/41032-73-22893199f959-2f4e-1976c62-82e9-7ac2,lamudi,669.6428571428571
40000.0,oficina,Miguel Hidalgo,Ciudad de México,100.0,,1.0,,https://www.lamudi.com.mx/detalle/41032-73-637c2280eb36-85e5-1991a2a-973e-73dd,lamudi,400.0
90000.0,oficina,Miguel Hidalgo,Ciudad de México,130.0,,,2.0,https://www.lamudi.com.mx/detalle/41032-73-2e126fcad680-e613-19e4085-b3f0-7184,lamudi,692.3076923076923
22145.0,oficina,Miguel Hidalgo,Ciudad de México,12.0,,,,https://www.lamudi.com.mx/detalle/41032-73-636927c526c1-12e1-19b108c-b8ec-72dd,lamudi,1845.4166666666667
106000.0,oficina,Miguel Hidalgo,Ciudad de México,279.0,,,,https://www.lamudi.com.mx/detalle/41032-73-a09e99a70114-3295-19bf0d9-aabb-7cbd,lamudi,379.9283154121864
69000.0,oficina,Miguel Hidalgo,Ciudad de México,170.0,,,,https://www.lamudi.com.mx/detalle/41032-73-85eba1a3b1a6-abdb-19bf0be-9c95-7623,lamudi,405.88235294117646
56000.0,oficina,Miguel Hidalgo,Ciudad de México,139.0,,,,https://www.lamudi.com.mx/detalle/41032-73-7bf802b0f20a-5125-19bf0cc-956e-70d5,lamudi,402.8776978417266
30000.0,oficina,Miguel Hidalgo,Ciudad de México,30.0,,,,https://www.lamudi.com.mx/detalle/41032-73-d6ce1726840c-eb7a-19bf0c0-9c4e-7c5a,lamudi,1000.0
70000.0,oficina,Miguel Hidalgo,Ciudad de México,240.0,,,,https://www.lamudi.com.mx/detalle/41032-73-a6c62883b983-94f3-19bf0be-a7d7-7771,lamudi,291.6666666666667
62500.0,oficina,Miguel Hidalgo,Ciudad de México,160.0,,2.0,,https://www.lamudi.com.mx/detalle/41032-73-634f8e8841f6-2bcb-19bf0e4-990a-79cc,lamudi,390.625
53000.0,oficina,Miguel Hidalgo,Ciudad de México,121.0,,,,https://www.lamudi.com.mx/detalle/41032-73-8c8ce67b5b0d-2b6a-19bf0d9-a33a-7506,lamudi,438.0165289256198
53000.0,oficina,Miguel Hidalgo,Ciudad de México,139.0,,,,https://www.lamudi.com.mx/detalle/41032-73-d989cea80d19-59f6-19bf0cc-9260-7b3a,lamudi,381.294964028777
101010.0,oficina,Miguel Hidalgo,Ciudad de México,259.0,,,,https://www.lamudi.com.mx/detalle/41032-73-b8623791958d-fc83-19bf0d9-9f04-7d5c,lamudi,390.0
66690.0,oficina,Miguel Hidalgo,Ciudad de México,171.0,,,,https://www.lamudi.com.mx/detalle/41032-73-b86a650809bd-d15-19bf0ce-abb6-7393,lamudi,390.0
49500.0,oficina,Miguel Hidalgo,Ciudad de México,110.0,,,3.0,https://www.lamudi.com.mx/detalle/41032-73-9de085ee8d81-8382-18fe8c0-bd7c-7b2d,lamudi,450.0
48000.0,oficina,Miguel Hidalgo,Ciudad de México,110.0,,,3.0,https://www.lamudi.com.mx/detalle/41032-73-741c8844160e-44db-19a4b00-bb8f-7800,lamudi,436.3636363636364
28000.0,oficina,Miguel Hidalgo,Ciudad de México,36.0,,,1.0,https://www.lamudi.com.mx/detalle/41032-73-844166af5325-7755-19c35fe-8fa4-76e1,lamudi,777.7777777777778
45000.0,oficina,Miguel Hidalgo,Ciudad de México,70.0,,,2.0,https://www.lamudi.com.mx/detalle/41032-73-acad6fd212b-27dc-19a9efd-a05f-75de,lamudi,642.8571428571429
42000.0,oficina,Miguel Hidalgo,Ciudad de México,60.0,,,2.0,https://www.lamudi.com.mx/detalle/41032-73-47eb6cb7e4b2-52e2-19a28d1-a42b-7514,lamudi,700.0
37500.0,oficina,Miguel Hidalgo,Ciudad de México,80.0,,,1.0,https://www.lamudi.com.mx/detalle/41032-73-42cab16ebc51-12b0-19d013a-a7b3-71cc,lamudi,468.75
60900.0,oficina,Miguel Hidalgo,Ciudad de México,67.0,,,,https://www.lamudi.com.mx/detalle/41032-73-bb3a3f7c96ee-57ab-19e558f-b746-788c,lamudi,908.955223880597
39309.0,oficina,Miguel Hidalgo,Ciudad de México,21.0,,,,https://www.lamudi.com.mx/detalle/41032-73-799bd4833966-d17f-19e5078-af18-7aac,lamudi,1871.857142857143
36750.0,oficina,Miguel Hidalgo,Ciudad de México,12.0,,,,https://www.lamudi.com.mx/detalle/41032-73-728bb31540f1-d2fa-19e4afe-94f8-72de,lamudi,3062.5
40000.0,oficina,Miguel Hidalgo,Ciudad de México,120.0,,,,https://www.lamudi.com.mx/detalle/41032-73-67e191c70aaa-55f7-19e4afe-ba58-7c88,lamudi,333.3333333333333
92610.0,oficina,Miguel Hidalgo,Ciudad de México,61.0,,,,https://www.lamudi.com.mx/detalle/41032-73-382ceac60f5d-b5f6-19e4afe-a27b-77ab,lamudi,1518.1967213114754
56000.0,oficina,Miguel Hidalgo,Ciudad de México,200.0,,,,https://www.lamudi.com.mx/detalle/41032-73-c916735faae9-e510-19d91dd-a732-7d67,lamudi,280.0
55000.0,oficina,Miguel Hidalgo,Ciudad de México,110.0,,,3.0,https://www.lamudi.com.mx/detalle/41032-73-62d442bcfaa6-2a41-19bb511-af73-7848,lamudi,500.0
26000.0,oficina,Miguel Hidalgo,Ciudad de México,10.0,,,,https://www.lamudi.com.mx/detalle/41032-73-3ba408703570-b0c7-19c0a7c-b07d-7910,lamudi,2600.0
40000.0,oficina,Miguel Hidalgo,Ciudad de México,70.0,,,,https://www.lamudi.com.mx/detalle/41032-73-661536b0e692-8d34-19c0a8b-bd39-7f74,lamudi,571.4285714285714
48180.0,oficina,Miguel Hidalgo,Ciudad de México,25.0,,,,https://www.lamudi.com.mx/detalle/41032-73-e35d5ba4379d-a75f-19c0aa1-a472-7c68,lamudi,1927.2
45000.0,oficina,Miguel Hidalgo,Ciudad de México,100.0,,,,https://www.lamudi.com.mx/detalle/41032-73-35cc7b373691-b4d8-19c0a96-8944-7c64,lamudi,450.0
75208.0,oficina,Miguel Hidalgo,Ciudad de México,158.0,,,,https://www.lamudi.com.mx/detalle/41032-73-7a96fa286bad-d34d-19c0a83-95d7-771f,lamudi,476.0
104000.0,oficina,Miguel Hidalgo,Ciudad de México,10.0,,,,https://www.lamudi.com.mx/detalle/41032-73-23b36ccfe157-4fdd-19c0a8d-8f73-77e3,lamudi,10400.0
3300.0,departamento,Milpa Alta,Ciudad de México,10.0,,,,https://www.lamudi.com.mx/detalle/41032-73-b3e6b7de78ce-ea9e-1983d73-8a5b-7682,lamudi,330.0
55000.0,departamento,Milpa Alta,Ciudad de México,78.0,1.0,1.0,1.0,https://www.lamudi.com.mx/detalle/41032-73-be80c42633e8-abd1-19d7be7-9aec-7432,lamudi,705.1282051282051
55019.0,departamento,Milpa Alta,Ciudad de México,78.0,1.0,1.0,1.0,https://www.lamudi.com.mx/detalle/41032-73-e76d508953da-b290-19d7c14-82d7-753b,lamudi,705.3717948717949
9500.0,casa,Xochimilco,Ciudad de México,200.0,3.0,2.0,,https://www.lamudi.com.mx/detalle/41032-73-4c1fe87edf05-b52e-1955ebb-9ee8-748c,lamudi,47.5
5500.0,departamento,Tláhuac,Ciudad de México,60.0,2.0,1.0,,https://www.lamudi.com.mx/detalle/41032-73-98e4808716de-aadd-19eb8cf-b192-7541,lamudi,91.66666666666667
105000.0,departamento,Xochimilco,Ciudad de México,194.0,2.0,2.0,2.0,https://www.lamudi.com.mx/detalle/41032-73-aabc19635311-8ca1-19e2462-86bb-7afd,lamudi,541.2371134020618
25000.0,casa,Xochimilco,Ciudad de México,300.0,3.0,3.0,4.0,https://www.lamudi.com.mx/detalle/41032-73-497e838b9c5d-159e-19dadb4-b868-72e6,lamudi,83.33333333333333
20000.0,casa,Xochimilco,Ciudad de México,350.0,4.0,3.0,4.0,https://www.lamudi.com.mx/detalle/41032-73-541c15911cc9-7d14-19d92de-8646-70b7,lamudi,57.142857142857146
16400.0,departamento,Tláhuac,Ciudad de México,40.0,1.0,1.0,1.0,https://www.lamudi.com.mx/detalle/41032-73-976711312b95-f507-195fe95-b5d6-7a62,lamudi,410.0
4500.0,local,Xochimilco,Ciudad de México,25.0,,,,https://www.lamudi.com.mx/detalle/41032-73-f86e598be549-e2af-19ba979-84bb-7494,lamudi,180.0
8000.0,departamento,Xochimilco,Ciudad de México,74.0,3.0,1.0,1.0,https://www.lamudi.com.mx/detalle/41032-73-ea52f51bd502-4805-19ea4fe-b216-789c,lamudi,108.10810810810811
30000.0,terreno,Xochimilco,Ciudad de México,350.0,,,,https://www.lamudi.com.mx/detalle/41032-73-e7d780b7f7bd-f37d-19ca9bb-a043-71ad,lamudi,85.71428571428571
36250.0,bodega,Tláhuac,Ciudad de México,250.0,,,2.0,https://www.lamudi.com.mx/detalle/41032-73-cd5b70138-8f52-198781e-b4da-734d,lamudi,145.0
30000.0,local,Milpa Alta,Ciudad de México,130.0,,2.0,,https://www.lamudi.com.mx/detalle/41032-73-bf4c3c3c0450-21e-19dfbc2-87df-7581,lamudi,230.76923076923077
20000.0,oficina,Tláhuac,Ciudad de México,230.0,,2.0,1.0,https://www.lamudi.com.mx/detalle/41032-73-1240c37625c9-b95-19ce02d-ae52-7406,lamudi,86.95652173913044
26000.0,casa,Tláhuac,Ciudad de México,110.0,1.0,1.0,1.0,https://www.lamudi.com.mx/detalle/41032-73-5fb69de3c312-b85c-19e4212-b167-72e2,lamudi,236.36363636363637
17000.0,local,Miguel Hidalgo,Ciudad de México,39.0,,1.0,3.0,https://www.lamudi.com.mx/detalle/41032-73-d0f83441f4d4-39c1-19e22fb-90b3-7836,lamudi,435.8974358974359
14000.0,oficina,Tlalpan,Ciudad de México,25.0,,,,https://www.lamudi.com.mx/detalle/41032-73-fa6e5a29b265-9d88-19dd60c-b0ef-7810,lamudi,560.0
41000.0,oficina,Tlalpan,Ciudad de México,100.0,,,2.0,https://www.lamudi.com.mx/detalle/41032-73-92c2105cdbec-db8c-19c4585-81e4-7153,lamudi,410.0
13376.0,oficina,Tlalpan,Ciudad de México,12.0,,,,https://www.lamudi.com.mx/detalle/41032-73-600b66922a0d-8c15-19bf0d7-b5ff-771a,lamudi,1114.6666666666667
37500.0,casa,Tlalpan,Ciudad de México,244.0,4.0,3.0,2.0,https://www.lamudi.com.mx/detalle/41032-73-120ff428588f-f377-19e8f6c-8ee2-71de,lamudi,153.68852459016392
55000.0,oficina,Tlalpan,Ciudad de México,195.0,,2.0,5.0,https://www.lamudi.com.mx/detalle/41032-73-1b3294842782-a44a-19d4c1f-9851-7439,lamudi,282.05128205128204
16720.0,oficina,Tlalpan,Ciudad de México,17.0,,,,https://www.lamudi.com.mx/detalle/41032-73-9b0796a067ad-84e1-19bf0d7-824b-77c1,lamudi,983.5294117647059
104000.0,oficina,Tlalpan,Ciudad de México,260.0,,,,https://www.lamudi.com.mx/detalle/41032-73-e75ed1574ac7-1a4d-19c0a85-b6e4-7c5c,lamudi,400.0
19360.0,oficina,Tlalpan,Ciudad de México,10.0,,2.0,,https://www.lamudi.com.mx/detalle/41032-73-5a698c1a8302-d053-19c0a95-a0f1-7337,lamudi,1936.0
49700.0,oficina,Tlalpan,Ciudad de México,40.0,,,,https://www.lamudi.com.mx/detalle/41032-73-1c4fc402f62-c17a-194f7db-a257-78da,lamudi,1242.5
26000.0,oficina,Tlalpan,Ciudad de México,80.0,,2.0,2.0,https://www.lamudi.com.mx/detalle/41032-73-d9ce9918efab-8d45-19d94a0-bbfc-7b9c,lamudi,325.0
30000.0,local,Tlalpan,Ciudad de México,350.0,,,7.0,https://www.lamudi.com.mx/detalle/41032-73-1f2501b69825-2088-19ec3f6-88fb-72de,lamudi,85.71428571428571
18480.0,oficina,Tlalpan,Ciudad de México,10.0,,2.0,,https://www.lamudi.com.mx/detalle/41032-73-afab04cc8999-f5a7-19c0a98-8433-7ce4,lamudi,1848.0
60000.0,oficina,Tlalpan,Ciudad de México,196.0,,3.0,6.0,https://www.lamudi.com.mx/detalle/41032-73-c2e5e3b6a568-c145-388611cf-ab33-3f0b,lamudi,306.1224489795918
21200.0,oficina,Tlalpan,Ciudad de México,140.0,,,,https://www.lamudi.com.mx/detalle/41032-73-22952b63668f-c4f1-1983530-b451-7a6e,lamudi,151.42857142857142
14616.0,oficina,Tlalpan,Ciudad de México,56.0,,1.0,,https://www.lamudi.com.mx/detalle/41032-73-b9a7b115fa12-a1f7-19dc28f-b2db-76de,lamudi,261.0
7200.0,local,Tlalpan,Ciudad de México,20.0,,1.0,,https://www.lamudi.com.mx/detalle/41032-73-f8bd9d380d2e-c6ca-19ecc91-8cd5-713f,lamudi,360.0
35000.0,oficina,Tlalpan,Ciudad de México,70.0,,,,https://www.lamudi.com.mx/detalle/41032-73-bcf843f47a81-6d0c-19d7aaa-808e-73fe,lamudi,500.0
70000.0,oficina,Tlalpan,Ciudad de México,340.0,,3.0,6.0,https://www.lamudi.com.mx/detalle/41032-73-17a9a18d8031-e429-19d5716-b671-76e6,lamudi,205.88235294117646
33000.0,oficina,Tlalpan,Ciudad de México,10.0,,,,https://www.lamudi.com.mx/detalle/41032-73-b466c0f81230-43d7-19ec1b6-9de5-7aa8,lamudi,3300.0
11600.0,oficina,Tlalpan,Ciudad de México,57.0,,1.0,,https://www.lamudi.com.mx/detalle/41032-73-3820dc0304a1-9a47-19d9e94-bdb0-78b0,lamudi,203.50877192982455
57000.0,oficina,Tlalpan,Ciudad de México,200.0,,,,https://www.lamudi.com.mx/detalle/41032-73-ce116a0cddcb-9f13-195067e-92b2-704c,lamudi,285.0
19900.0,oficina,Tlalpan,Ciudad de México,88.0,,,,https://www.lamudi.com.mx/detalle/41032-73-2a6e1b59379c-9d21-dd945e9f-bf07-4aec,lamudi,226.13636363636363
5250.0,oficina,Tlalpan,Ciudad de México,22.0,,,,https://www.lamudi.com.mx/detalle/41032-73-3f70a02fc1a8-8f9-51c7b8f9-b058-3f18,lamudi,238.63636363636363
28656.0,local,Venustiano Carranza,Ciudad de México,95.0,,,,https://www.lamudi.com.mx/detalle/41032-73-f0bf02e3e883-288d-19d7c0f-aa9c-773f,lamudi,301.6421052631579
12000.0,bodega,Venustiano Carranza,Ciudad de México,106.0,,,,https://www.lamudi.com.mx/detalle/41032-73-cd75347563d2-c374-19d8188-bf54-730b,lamudi,113.20754716981132
12500.0,casa,Venustiano Carranza,Ciudad de México,120.0,2.0,2.0,,https://www.lamudi.com.mx/detalle/41032-73-a1d06f2e46ad-aceb-19ec0d5-9986-7409,lamudi,104.16666666666667
5600.0,local,Venustiano Carranza,Ciudad de México,12.0,,,,https://www.lamudi.com.mx/detalle/41032-73-accc403483e9-42c5-19de888-8b19-7ccc,lamudi,466.6666666666667
84600.0,casa,Venustiano Carranza,Ciudad de México,300.0,,,,https://www.lamudi.com.mx/detalle/41032-73-4548e67383a8-fa69-19c077f-85bd-760b,lamudi,282.0
20000.0,bodega,Venustiano Carranza,Ciudad de México,152.0,,,,https://www.lamudi.com.mx/detalle/41032-73-ba4033d3a29e-6511-19e0c95-8478-7b66,lamudi,131.57894736842104
73928.0,local,Venustiano Carranza,Ciudad de México,244.0,,,,https://www.lamudi.com.mx/detalle/41032-73-6495c5ccf4bc-bb83-19c077f-8975-7d8b,lamudi,302.9836065573771
6500.0,departamento,Venustiano Carranza,Ciudad de México,70.0,3.0,2.0,1.0,https://www.lamudi.com.mx/detalle/41032-73-abe0e7c7aeae-76ab-19e2465-ae1b-74e4,lamudi,92.85714285714286
5000.0,local,Venustiano Carranza,Ciudad de México,16.0,,,,https://www.lamudi.com.mx/detalle/41032-73-f664cefac2a2-7908-199d11f-ba61-7862,lamudi,312.5
3500.0,local,Venustiano Carranza,Ciudad de México,12.0,,,,https://www.lamudi.com.mx/detalle/41032-73-dfcfa875c57c-e04e-198ab82-8291-7071,lamudi,291.6666666666667
4000.0,local,Venustiano Carranza,Ciudad de México,7.0,,,,https://www.lamudi.com.mx/detalle/41032-73-be747d4f6484-bccd-195ef42-9092-79b0,lamudi,571.4285714285714
4500.0,local,Xochimilco,Ciudad de México,18.0,,,,https://www.lamudi.com.mx/detalle/41032-73-9f465c61bcc7-b2de-19e0dfe-a23f-71b6,lamudi,250.0
48000.0,casa,Xochimilco,Ciudad de México,195.0,2.0,3.0,2.0,https://www.lamudi.com.mx/detalle/41032-73-aeb7759ef75f-af8a-19de179-ac58-7624,lamudi,246.15384615384616
40000.0,casa,Xochimilco,Ciudad de México,320.0,3.0,3.0,3.0,https://www.lamudi.com.mx/detalle/41032-73-e03ca56a8517-ec18-19d3297-96b2-7a32,lamudi,125.0
35000.0,casa,Xochimilco,Ciudad de México,290.0,4.0,3.0,2.0,https://www.lamudi.com.mx/detalle/41032-73-af5250bc4178-6c8-19d41ee-81ac-7cb2,lamudi,120.6896551724138
15400.0,departamento,Xochimilco,Ciudad de México,80.0,2.0,2.0,1.0,https://www.lamudi.com.mx/detalle/41032-73-2d07e7ade587-4585-19e7bc6-c01f-7f61,lamudi,192.5
47500.0,casa,Xochimilco,Ciudad de México,280.0,3.0,4.0,3.0,https://www.lamudi.com.mx/detalle/41032-73-c7297bc9748b-d6a4-19bfd5a-9440-7b9c,lamudi,169.64285714285714
14900.0,departamento,Xochimilco,Ciudad de México,60.0,2.0,1.0,1.0,https://www.lamudi.com.mx/detalle/41032-73-3b812ef379f8-7855-19e8b66-a16b-7819,lamudi,248.33333333333334
14000.0,casa,Xochimilco,Ciudad de México,60.0,2.0,1.0,1.0,https://www.lamudi.com.mx/detalle/41032-73-4b49c4f824b6-fdbc-19cea29-8297-7301,lamudi,233.33333333333334
17850.0,departamento,Álvaro Obregón,Ciudad de México,40.0,1.0,1.0,,https://www.nuroa.com.mx/adform/6900000774701398074?click_type=1&pos=1&listingId=6900000774701398074&siteStrategyKey=https%3A%2F%2Fwww.nuroa.com.mx&url=https%253A%252F%252Fwww.icasas.mx%252FaggregatorDetail%253FadId%253Dfc182c22-9d25-4bdd-b63f-8a3f053f6a55%2526aggregator%253Dmitula%2526utm_content%253Dfc182c22-9d25-4bdd-b63f-8a3f053f6a55_payment&searchType=2&page=1&seo_link_id=1406112658&section=26&t_sec=26&sectionType=2&pageViewId=fa62a8b0-9723-4c2d-b041-1b740dacc392&t_pvid=fa62a8b0-9723-4c2d-b041-1b740dacc392&userAgent=Mozilla%2F5.0+%28Windows+NT+10.0%3B+Win64%3B+x64%29+AppleWebKit%2F537.36+%28KHTML%2C+like+Gecko%29+Chrome%2F124.0.0.0+Safari%2F537.36&browser=1&isHuman=true&userIp=189.226.196.225&what=departamento+alvaro+obregon&search_terms=departamento+alvaro+obregon&origin=2&t_or=2&splitTestId=0,nuroa,446.25
8500.0,departamento,Azcapotzalco,Ciudad de México,45.0,1.0,1.0,,https://www.nuroa.com.mx/adform/3640000781095282521?click_type=1&pos=2&listingId=3640000781095282521&siteStrategyKey=https%3A%2F%2Fwww.nuroa.com.mx&url=https%253A%252F%252Fwww.icasas.mx%252FaggregatorDetail%253FadId%253D5f470b9a-0ad2-4f1a-b4aa-3978a7fbe957%2526aggregator%253Dmitula%2526utm_content%253D5f470b9a-0ad2-4f1a-b4aa-3978a7fbe957_payment&searchType=2&page=1&seo_link_id=1406112658&section=26&t_sec=26&sectionType=2&pageViewId=fa62a8b0-9723-4c2d-b041-1b740dacc392&t_pvid=fa62a8b0-9723-4c2d-b041-1b740dacc392&userAgent=Mozilla%2F5.0+%28Windows+NT+10.0%3B+Win64%3B+x64%29+AppleWebKit%2F537.36+%28KHTML%2C+like+Gecko%29+Chrome%2F124.0.0.0+Safari%2F537.36&browser=1&isHuman=true&userIp=189.226.196.225&what=departamento+alvaro+obregon&search_terms=departamento+alvaro+obregon&origin=2&t_or=2&splitTestId=0,nuroa,188.88888888888889
9500.0,departamento,Álvaro Obregón,Ciudad de México,20.0,1.0,1.0,1.0,https://www.nuroa.com.mx/adform/1450000777379897745?click_type=0&pos=2&listingId=1450000777379897745&siteStrategyKey=https%3A%2F%2Fwww.nuroa.com.mx&url=https%253A%252F%252Fwww.icasas.mx%252FaggregatorDetail%253FadId%253D019dd1d4-b95c-70be-b789-520caf6e45be%2526aggregator%253Dmitula%2526utm_content%253D019dd1d4-b95c-70be-b789-520caf6e45be_payment&searchType=2&page=1&seo_link_id=1406112658&section=1&t_sec=1&sectionType=1&pageViewId=fa62a8b0-9723-4c2d-b041-1b740dacc392&t_pvid=fa62a8b0-9723-4c2d-b041-1b740dacc392&userAgent=Mozilla%2F5.0+%28Windows+NT+10.0%3B+Win64%3B+x64%29+AppleWebKit%2F537.36+%28KHTML%2C+like+Gecko%29+Chrome%2F124.0.0.0+Safari%2F537.36&browser=1&isHuman=true&userIp=189.226.196.225&what=departamento+alvaro+obregon&search_terms=departamento+alvaro+obregon&origin=2&t_or=2&splitTestId=0,nuroa,475.0
35000.0,departamento,Álvaro Obregón,Ciudad de México,144.0,2.0,2.0,,https://www.nuroa.com.mx/adform/8280000781181766963?click_type=0&pos=3&listingId=8280000781181766963&siteStrategyKey=https%3A%2F%2Fwww.nuroa.com.mx&url=https%253A%252F%252Fwww.icasas.mx%252FaggregatorDetail%253FadId%253D019eb301-7f62-7000-ad61-fa536b154db3%2526aggregator%253Dmitula%2526utm_content%253D019eb301-7f62-7000-ad61-fa536b154db3_payment&searchType=2&page=1&seo_link_id=1406112658&section=1&t_sec=1&sectionType=1&pageViewId=fa62a8b0-9723-4c2d-b041-1b740dacc392&t_pvid=fa62a8b0-9723-4c2d-b041-1b740dacc392&userAgent=Mozilla%2F5.0+%28Windows+NT+10.0%3B+Win64%3B+x64%29+AppleWebKit%2F537.36+%28KHTML%2C+like+Gecko%29+Chrome%2F124.0.0.0+Safari%2F537.36&browser=1&isHuman=true&userIp=189.226.196.225&what=departamento+alvaro+obregon&search_terms=departamento+alvaro+obregon&origin=2&t_or=2&splitTestId=0,nuroa,243.05555555555554
20000.0,loft,Cuauhtémoc,Ciudad de México,35.0,,1.0,,https://www.nuroa.com.mx/adform/1770000781462450096?click_type=0&pos=4&listingId=1770000781462450096&siteStrategyKey=https%3A%2F%2Fwww.nuroa.com.mx&url=https%253A%252F%252Fwww.icasas.mx%252FaggregatorDetail%253FadId%253D019ec62d-a486-77c3-9c97-ce218af4d269%2526aggregator%253Dmitula%2526utm_content%253D019ec62d-a486-77c3-9c97-ce218af4d269_payment&searchType=2&page=1&seo_link_id=1406112658&section=1&t_sec=1&sectionType=1&pageViewId=fa62a8b0-9723-4c2d-b041-1b740dacc392&t_pvid=fa62a8b0-9723-4c2d-b041-1b740dacc392&userAgent=Mozilla%2F5.0+%28Windows+NT+10.0%3B+Win64%3B+x64%29+AppleWebKit%2F537.36+%28KHTML%2C+like+Gecko%29+Chrome%2F124.0.0.0+Safari%2F537.36&browser=1&isHuman=true&userIp=189.226.196.225&what=departamento+alvaro+obregon&search_terms=departamento+alvaro+obregon&origin=2&t_or=2&splitTestId=0,nuroa,571.4285714285714
20000.0,loft,Cuauhtémoc,Ciudad de México,31.0,,1.0,,https://www.nuroa.com.mx/adform/7320000781462226114?click_type=0&pos=5&listingId=7320000781462226114&siteStrategyKey=https%3A%2F%2Fwww.nuroa.com.mx&url=https%253A%252F%252Fwww.icasas.mx%252FaggregatorDetail%253FadId%253D019ec62d-9aa9-7e15-8242-dca8b0e00f43%2526aggregator%253Dmitula%2526utm_content%253D019ec62d-9aa9-7e15-8242-dca8b0e00f43_payment&searchType=2&page=1&seo_link_id=1406112658&section=1&t_sec=1&sectionType=1&pageViewId=fa62a8b0-9723-4c2d-b041-1b740dacc392&t_pvid=fa62a8b0-9723-4c2d-b041-1b740dacc392&userAgent=Mozilla%2F5.0+%28Windows+NT+10.0%3B+Win64%3B+x64%29+AppleWebKit%2F537.36+%28KHTML%2C+like+Gecko%29+Chrome%2F124.0.0.0+Safari%2F537.36&browser=1&isHuman=true&userIp=189.226.196.225&what=departamento+alvaro+obregon&search_terms=departamento+alvaro+obregon&origin=2&t_or=2&splitTestId=0,nuroa,645.1612903225806
21000.0,departamento,Álvaro Obregón,Ciudad de México,77.0,2.0,2.0,1.0,https://www.nuroa.com.mx/adform/2140000781095205346?click_type=0&pos=6&listingId=2140000781095205346&siteStrategyKey=https%3A%2F%2Fwww.nuroa.com.mx&url=https%253A%252F%252Fwww.icasas.mx%252FaggregatorDetail%253FadId%253D019eae6e-7f41-7195-b10d-262ac694e058%2526aggregator%253Dmitula%2526utm_content%253D019eae6e-7f41-7195-b10d-262ac694e058_payment&searchType=2&page=1&seo_link_id=1406112658&section=1&t_sec=1&sectionType=1&pageViewId=fa62a8b0-9723-4c2d-b041-1b740dacc392&t_pvid=fa62a8b0-9723-4c2d-b041-1b740dacc392&userAgent=Mozilla%2F5.0+%28Windows+NT+10.0%3B+Win64%3B+x64%29+AppleWebKit%2F537.36+%28KHTML%2C+like+Gecko%29+Chrome%2F124.0.0.0+Safari%2F537.36&browser=1&isHuman=true&userIp=189.226.196.225&what=departamento+alvaro+obregon&search_terms=departamento+alvaro+obregon&origin=2&t_or=2&splitTestId=0,nuroa,272.72727272727275
21000.0,departamento,Álvaro Obregón,Ciudad de México,75.0,2.0,3.0,,https://www.nuroa.com.mx/adform/7440000777466429643?click_type=0&pos=7&listingId=7440000777466429643&siteStrategyKey=https%3A%2F%2Fwww.nuroa.com.mx&url=https%253A%252F%252Fwww.icasas.mx%252FaggregatorDetail%253FadId%253D019dbd20-af04-7245-a53c-1e2910ac445c%2526aggregator%253Dmitula%2526utm_content%253D019dbd20-af04-7245-a53c-1e2910ac445c_payment&searchType=2&page=1&seo_link_id=1406112658&section=1&t_sec=1&sectionType=1&pageViewId=fa62a8b0-9723-4c2d-b041-1b740dacc392&t_pvid=fa62a8b0-9723-4c2d-b041-1b740dacc392&userAgent=Mozilla%2F5.0+%28Windows+NT+10.0%3B+Win64%3B+x64%29+AppleWebKit%2F537.36+%28KHTML%2C+like+Gecko%29+Chrome%2F124.0.0.0+Safari%2F537.36&browser=1&isHuman=true&userIp=189.226.196.225&what=departamento+alvaro+obregon&search_terms=departamento+alvaro+obregon&origin=2&t_or=2&splitTestId=0,nuroa,280.0
33500.0,departamento,Álvaro Obregón,Ciudad de México,86.0,2.0,2.0,,https://www.nuroa.com.mx/adform/7240000780404013955?click_type=0&pos=8&listingId=7240000780404013955&siteStrategyKey=https%3A%2F%2Fwww.nuroa.com.mx&url=https%253A%252F%252Fwww.icasas.mx%252FaggregatorDetail%253FadId%253D019e85f9-635d-7977-8caa-3f3ef1b51664%2526aggregator%253Dmitula%2526utm_content%253D019e85f9-635d-7977-8caa-3f3ef1b51664_payment&searchType=2&page=1&seo_link_id=1406112658&section=1&t_sec=1&sectionType=1&pageViewId=fa62a8b0-9723-4c2d-b041-1b740dacc392&t_pvid=fa62a8b0-9723-4c2d-b041-1b740dacc392&userAgent=Mozilla%2F5.0+%28Windows+NT+10.0%3B+Win64%3B+x64%29+AppleWebKit%2F537.36+%28KHTML%2C+like+Gecko%29+Chrome%2F124.0.0.0+Safari%2F537.36&browser=1&isHuman=true&userIp=189.226.196.225&what=departamento+alvaro+obregon&search_terms=departamento+alvaro+obregon&origin=2&t_or=2&splitTestId=0,nuroa,389.5348837209302
30000.0,departamento,Álvaro Obregón,Ciudad de México,108.0,2.0,2.0,,https://www.nuroa.com.mx/adform/5670000780576863401?click_type=0&pos=9&listingId=5670000780576863401&siteStrategyKey=https%3A%2F%2Fwww.nuroa.com.mx&url=https%253A%252F%252Fwww.icasas.mx%252FaggregatorDetail%253FadId%253D019e9047-8241-7ae3-95d6-4fc4ed111354%2526aggregator%253Dmitula%2526utm_content%253D019e9047-8241-7ae3-95d6-4fc4ed111354_payment&searchType=2&page=1&seo_link_id=1406112658&section=1&t_sec=1&sectionType=1&pageViewId=fa62a8b0-9723-4c2d-b041-1b740dacc392&t_pvid=fa62a8b0-9723-4c2d-b041-1b740dacc392&userAgent=Mozilla%2F5.0+%28Windows+NT+10.0%3B+Win64%3B+x64%29+AppleWebKit%2F537.36+%28KHTML%2C+like+Gecko%29+Chrome%2F124.0.0.0+Safari%2F537.36&browser=1&isHuman=true&userIp=189.226.196.225&what=departamento+alvaro+obregon&search_terms=departamento+alvaro+obregon&origin=2&t_or=2&splitTestId=0,nuroa,277.77777777777777
29000.0,departamento,Álvaro Obregón,Ciudad de México,80.0,1.0,1.0,,https://www.nuroa.com.mx/adform/7260000780144535795?click_type=0&pos=10&listingId=7260000780144535795&siteStrategyKey=https%3A%2F%2Fwww.nuroa.com.mx&url=https%253A%252F%252Fwww.icasas.mx%252FaggregatorDetail%253FadId%253D019e74e6-62eb-73fe-ad37-24e8384792b2%2526aggregator%253Dmitula%2526utm_content%253D019e74e6-62eb-73fe-ad37-24e8384792b2_payment&searchType=2&page=1&seo_link_id=1406112658&section=1&t_sec=1&sectionType=1&pageViewId=fa62a8b0-9723-4c2d-b041-1b740dacc392&t_pvid=fa62a8b0-9723-4c2d-b041-1b740dacc392&userAgent=Mozilla%2F5.0+%28Windows+NT+10.0%3B+Win64%3B+x64%29+AppleWebKit%2F537.36+%28KHTML%2C+like+Gecko%29+Chrome%2F124.0.0.0+Safari%2F537.36&browser=1&isHuman=true&userIp=189.226.196.225&what=departamento+alvaro+obregon&search_terms=departamento+alvaro+obregon&origin=2&t_or=2&splitTestId=0,nuroa,362.5
55000.0,departamento,Cuauhtémoc,Ciudad de México,170.0,3.0,3.0,1.0,https://www.nuroa.com.mx/adform/1630000779993639366?click_type=0&pos=11&listingId=1630000779993639366&siteStrategyKey=https%3A%2F%2Fwww.nuroa.com.mx&url=https%253A%252F%252Fwww.icasas.mx%252FaggregatorDetail%253FadId%253D019e6eb0-206c-710e-8407-8f7cb0f2c379%2526aggregator%253Dmitula%2526utm_content%253D019e6eb0-206c-710e-8407-8f7cb0f2c379_payment&searchType=2&page=1&seo_link_id=1406112658&section=1&t_sec=1&sectionType=1&pageViewId=fa62a8b0-9723-4c2d-b041-1b740dacc392&t_pvid=fa62a8b0-9723-4c2d-b041-1b740dacc392&userAgent=Mozilla%2F5.0+%28Windows+NT+10.0%3B+Win64%3B+x64%29+AppleWebKit%2F537.36+%28KHTML%2C+like+Gecko%29+Chrome%2F124.0.0.0+Safari%2F537.36&browser=1&isHuman=true&userIp=189.226.196.225&what=departamento+alvaro+obregon&search_terms=departamento+alvaro+obregon&origin=2&t_or=2&splitTestId=0,nuroa,323.52941176470586
29950.0,departamento,Álvaro Obregón,Ciudad de México,76.0,2.0,2.0,1.0,https://www.nuroa.com.mx/adform/6180000773751348689?click_type=0&pos=12&listingId=6180000773751348689&siteStrategyKey=https%3A%2F%2Fwww.nuroa.com.mx&url=https%253A%252F%252Fwww.icasas.mx%252FaggregatorDetail%253FadId%253Df722da81-94b4-44fe-8864-5689a0b2e123%2526aggregator%253Dmitula%2526utm_content%253Df722da81-94b4-44fe-8864-5689a0b2e123_payment&searchType=2&page=1&seo_link_id=1406112658&section=1&t_sec=1&sectionType=1&pageViewId=fa62a8b0-9723-4c2d-b041-1b740dacc392&t_pvid=fa62a8b0-9723-4c2d-b041-1b740dacc392&userAgent=Mozilla%2F5.0+%28Windows+NT+10.0%3B+Win64%3B+x64%29+AppleWebKit%2F537.36+%28KHTML%2C+like+Gecko%29+Chrome%2F124.0.0.0+Safari%2F537.36&browser=1&isHuman=true&userIp=189.226.196.225&what=departamento+alvaro+obregon&search_terms=departamento+alvaro+obregon&origin=2&t_or=2&splitTestId=0,nuroa,394.07894736842104
42000.0,departamento,Cuauhtémoc,Ciudad de México,142.0,2.0,2.0,1.0,https://www.nuroa.com.mx/adform/2280000777898484241?click_type=0&pos=13&listingId=2280000777898484241&siteStrategyKey=https%3A%2F%2Fwww.nuroa.com.mx&url=https%253A%252F%252Fwww.icasas.mx%252FaggregatorDetail%253FadId%253D019df06f-98b2-718b-bd60-73c10a873fd0%2526aggregator%253Dmitula%2526utm_content%253D019df06f-98b2-718b-bd60-73c10a873fd0_payment&searchType=2&page=1&seo_link_id=1406112658&section=1&t_sec=1&sectionType=1&pageViewId=fa62a8b0-9723-4c2d-b041-1b740dacc392&t_pvid=fa62a8b0-9723-4c2d-b041-1b740dacc392&userAgent=Mozilla%2F5.0+%28Windows+NT+10.0%3B+Win64%3B+x64%29+AppleWebKit%2F537.36+%28KHTML%2C+like+Gecko%29+Chrome%2F124.0.0.0+Safari%2F537.36&browser=1&isHuman=true&userIp=189.226.196.225&what=departamento+alvaro+obregon&search_terms=departamento+alvaro+obregon&origin=2&t_or=2&splitTestId=0,nuroa,295.77464788732397
25000.0,loft,Álvaro Obregón,Ciudad de México,50.0,,1.0,,https://www.nuroa.com.mx/adform/3920000778762385060?click_type=0&pos=14&listingId=3920000778762385060&siteStrategyKey=https%3A%2F%2Fwww.nuroa.com.mx&url=https%253A%252F%252Fwww.icasas.mx%252FaggregatorDetail%253FadId%253D019e24a9-8771-7057-bb0a-655ba971175b%2526aggregator%253Dmitula%2526utm_content%253D019e24a9-8771-7057-bb0a-655ba971175b_payment&searchType=2&page=1&seo_link_id=1406112658&section=1&t_sec=1&sectionType=1&pageViewId=fa62a8b0-9723-4c2d-b041-1b740dacc392&t_pvid=fa62a8b0-9723-4c2d-b041-1b740dacc392&userAgent=Mozilla%2F5.0+%28Windows+NT+10.0%3B+Win64%3B+x64%29+AppleWebKit%2F537.36+%28KHTML%2C+like+Gecko%29+Chrome%2F124.0.0.0+Safari%2F537.36&browser=1&isHuman=true&userIp=189.226.196.225&what=departamento+alvaro+obregon&search_terms=departamento+alvaro+obregon&origin=2&t_or=2&splitTestId=0,nuroa,500.0
12500.0,estudio,Álvaro Obregón,Ciudad de México,65.0,2.0,1.0,,https://www.nuroa.com.mx/adform/3310000777984591755?click_type=0&pos=16&listingId=3310000777984591755&siteStrategyKey=https%3A%2F%2Fwww.nuroa.com.mx&url=https%253A%252F%252Fwww.icasas.mx%252FaggregatorDetail%253FadId%253D019df429-6f14-7573-9e7c-418a29c9fb12%2526aggregator%253Dmitula%2526utm_content%253D019df429-6f14-7573-9e7c-418a29c9fb12_payment&searchType=2&page=1&seo_link_id=1406112658&section=1&t_sec=1&sectionType=1&pageViewId=fa62a8b0-9723-4c2d-b041-1b740dacc392&t_pvid=fa62a8b0-9723-4c2d-b041-1b740dacc392&userAgent=Mozilla%2F5.0+%28Windows+NT+10.0%3B+Win64%3B+x64%29+AppleWebKit%2F537.36+%28KHTML%2C+like+Gecko%29+Chrome%2F124.0.0.0+Safari%2F537.36&browser=1&isHuman=true&userIp=189.226.196.225&what=departamento+alvaro+obregon&search_terms=departamento+alvaro+obregon&origin=2&t_or=2&splitTestId=0,nuroa,192.30769230769232
17600.0,departamento,Álvaro Obregón,Ciudad de México,74.0,2.0,1.0,,https://www.nuroa.com.mx/adform/6070000774442489657?click_type=0&pos=17&listingId=6070000774442489657&siteStrategyKey=https%3A%2F%2Fwww.nuroa.com.mx&url=https%253A%252F%252Fwww.icasas.mx%252FaggregatorDetail%253FadId%253D52dd6cb3-2e48-4f7b-a80b-bb6fad9fc747%2526aggregator%253Dmitula%2526utm_content%253D52dd6cb3-2e48-4f7b-a80b-bb6fad9fc747_payment&searchType=2&page=1&seo_link_id=1406112658&section=1&t_sec=1&sectionType=1&pageViewId=fa62a8b0-9723-4c2d-b041-1b740dacc392&t_pvid=fa62a8b0-9723-4c2d-b041-1b740dacc392&userAgent=Mozilla%2F5.0+%28Windows+NT+10.0%3B+Win64%3B+x64%29+AppleWebKit%2F537.36+%28KHTML%2C+like+Gecko%29+Chrome%2F124.0.0.0+Safari%2F537.36&browser=1&isHuman=true&userIp=189.226.196.225&what=departamento+alvaro+obregon&search_terms=departamento+alvaro+obregon&origin=2&t_or=2&splitTestId=0,nuroa,237.83783783783784
19000.0,departamento,Álvaro Obregón,Ciudad de México,74.0,1.0,1.0,,https://www.nuroa.com.mx/adform/7960002777725425558?click_type=0&pos=18&listingId=7960002777725425558&siteStrategyKey=https%3A%2F%2Fwww.nuroa.com.mx&url=https%253A%252F%252Fwww.icasas.mx%252FaggregatorDetail%253FadId%253D080831de-7246-4b1c-9dc6-89b6c309d11c%2526aggregator%253Dmitula%2526utm_content%253D080831de-7246-4b1c-9dc6-89b6c309d11c_payment&searchType=2&page=1&seo_link_id=1406112658&section=1&t_sec=1&sectionType=1&pageViewId=fa62a8b0-9723-4c2d-b041-1b740dacc392&t_pvid=fa62a8b0-9723-4c2d-b041-1b740dacc392&userAgent=Mozilla%2F5.0+%28Windows+NT+10.0%3B+Win64%3B+x64%29+AppleWebKit%2F537.36+%28KHTML%2C+like+Gecko%29+Chrome%2F124.0.0.0+Safari%2F537.36&browser=1&isHuman=true&userIp=189.226.196.225&what=departamento+alvaro+obregon&search_terms=departamento+alvaro+obregon&origin=2&t_or=2&splitTestId=0,nuroa,256.7567567567568
19500.0,departamento,Álvaro Obregón,Ciudad de México,97.0,2.0,2.0,,https://www.nuroa.com.mx/adform/7310001774010291788?click_type=0&pos=19&listingId=7310001774010291788&siteStrategyKey=https%3A%2F%2Fwww.nuroa.com.mx&url=https%253A%252F%252Fwww.icasas.mx%252FaggregatorDetail%253FadId%253Dc2108241-edb2-4f12-a89f-32a4592a57e2%2526aggregator%253Dmitula%2526utm_content%253Dc2108241-edb2-4f12-a89f-32a4592a57e2_payment&searchType=2&page=1&seo_link_id=1406112658&section=1&t_sec=1&sectionType=1&pageViewId=fa62a8b0-9723-4c2d-b041-1b740dacc392&t_pvid=fa62a8b0-9723-4c2d-b041-1b740dacc392&userAgent=Mozilla%2F5.0+%28Windows+NT+10.0%3B+Win64%3B+x64%29+AppleWebKit%2F537.36+%28KHTML%2C+like+Gecko%29+Chrome%2F124.0.0.0+Safari%2F537.36&browser=1&isHuman=true&userIp=189.226.196.225&what=departamento+alvaro+obregon&search_terms=departamento+alvaro+obregon&origin=2&t_or=2&splitTestId=0,nuroa,201.03092783505156
24000.0,departamento,Álvaro Obregón,Ciudad de México,85.0,2.0,2.0,,https://www.nuroa.com.mx/adform/5610000776775131055?click_type=0&pos=20&listingId=5610000776775131055&siteStrategyKey=https%3A%2F%2Fwww.nuroa.com.mx&url=https%253A%252F%252Fwww.icasas.mx%252FaggregatorDetail%253FadId%253D01998cb0-959e-7154-be62-f8c6677e5f20%2526aggregator%253Dmitula%2526utm_content%253D01998cb0-959e-7154-be62-f8c6677e5f20_payment&searchType=2&page=1&seo_link_id=1406112658&section=1&t_sec=1&sectionType=1&pageViewId=fa62a8b0-9723-4c2d-b041-1b740dacc392&t_pvid=fa62a8b0-9723-4c2d-b041-1b740dacc392&userAgent=Mozilla%2F5.0+%28Windows+NT+10.0%3B+Win64%3B+x64%29+AppleWebKit%2F537.36+%28KHTML%2C+like+Gecko%29+Chrome%2F124.0.0.0+Safari%2F537.36&browser=1&isHuman=true&userIp=189.226.196.225&what=departamento+alvaro+obregon&search_terms=departamento+alvaro+obregon&origin=2&t_or=2&splitTestId=0,nuroa,282.3529411764706
16000.0,departamento,Álvaro Obregón,Ciudad de México,65.0,1.0,1.0,1.0,https://www.nuroa.com.mx/adform/6220000777056064986?click_type=0&pos=21&listingId=6220000777056064986&siteStrategyKey=https%3A%2F%2Fwww.nuroa.com.mx&url=https%253A%252F%252Fwww.icasas.mx%252FaggregatorDetail%253FadId%253D019dbfc1-e919-71ae-b6cf-2878274fa10b%2526aggregator%253Dmitula%2526utm_content%253D019dbfc1-e919-71ae-b6cf-2878274fa10b_payment&searchType=2&page=1&seo_link_id=1406112658&section=1&t_sec=1&sectionType=1&pageViewId=fa62a8b0-9723-4c2d-b041-1b740dacc392&t_pvid=fa62a8b0-9723-4c2d-b041-1b740dacc392&userAgent=Mozilla%2F5.0+%28Windows+NT+10.0%3B+Win64%3B+x64%29+AppleWebKit%2F537.36+%28KHTML%2C+like+Gecko%29+Chrome%2F124.0.0.0+Safari%2F537.36&browser=1&isHuman=true&userIp=189.226.196.225&what=departamento+alvaro+obregon&search_terms=departamento+alvaro+obregon&origin=2&t_or=2&splitTestId=0,nuroa,246.15384615384616
29000.0,departamento,Álvaro Obregón,Ciudad de México,240.0,2.0,2.0,,https://www.nuroa.com.mx/adform/8530000774096756176?click_type=0&pos=23&listingId=8530000774096756176&siteStrategyKey=https%3A%2F%2Fwww.nuroa.com.mx&url=https%253A%252F%252Fwww.icasas.mx%252FaggregatorDetail%253FadId%253D263867ec-3f39-3fd6-a3fc-67e7bb8f1f70%2526aggregator%253Dmitula%2526utm_content%253D263867ec-3f39-3fd6-a3fc-67e7bb8f1f70_payment&searchType=2&page=1&seo_link_id=1406112658&section=1&t_sec=1&sectionType=1&pageViewId=fa62a8b0-9723-4c2d-b041-1b740dacc392&t_pvid=fa62a8b0-9723-4c2d-b041-1b740dacc392&userAgent=Mozilla%2F5.0+%28Windows+NT+10.0%3B+Win64%3B+x64%29+AppleWebKit%2F537.36+%28KHTML%2C+like+Gecko%29+Chrome%2F124.0.0.0+Safari%2F537.36&browser=1&isHuman=true&userIp=189.226.196.225&what=departamento+alvaro+obregon&search_terms=departamento+alvaro+obregon&origin=2&t_or=2&splitTestId=0,nuroa,120.83333333333333
8000.0,departamento,Álvaro Obregón,Ciudad de México,12.0,1.0,1.0,,https://www.nuroa.com.mx/adform/5580000778589839464?click_type=0&pos=24&listingId=5580000778589839464&siteStrategyKey=https%3A%2F%2Fwww.nuroa.com.mx&url=https%253A%252F%252Fwww.icasas.mx%252FaggregatorDetail%253FadId%253D019e180d-9f64-7baf-8c41-4edeec50d58d%2526aggregator%253Dmitula%2526utm_content%253D019e180d-9f64-7baf-8c41-4edeec50d58d_payment&searchType=2&page=1&seo_link_id=1406112658&section=1&t_sec=1&sectionType=1&pageViewId=fa62a8b0-9723-4c2d-b041-1b740dacc392&t_pvid=fa62a8b0-9723-4c2d-b041-1b740dacc392&userAgent=Mozilla%2F5.0+%28Windows+NT+10.0%3B+Win64%3B+x64%29+AppleWebKit%2F537.36+%28KHTML%2C+like+Gecko%29+Chrome%2F124.0.0.0+Safari%2F537.36&browser=1&isHuman=true&userIp=189.226.196.225&what=departamento+alvaro+obregon&search_terms=departamento+alvaro+obregon&origin=2&t_or=2&splitTestId=0,nuroa,666.6666666666666
45000.0,departamento,Álvaro Obregón,Ciudad de México,120.0,2.0,3.0,,https://www.nuroa.com.mx/adform/7810000765975239771?click_type=0&pos=25&listingId=7810000765975239771&siteStrategyKey=https%3A%2F%2Fwww.nuroa.com.mx&url=https%253A%252F%252Fwww.icasas.mx%252FaggregatorDetail%253FadId%253D10ef1252-5ee6-423f-b907-f8e3f35f50eb%2526aggregator%253Dmitula%2526utm_content%253D10ef1252-5ee6-423f-b907-f8e3f35f50eb_payment&searchType=2&page=1&seo_link_id=1406112658&section=1&t_sec=1&sectionType=1&pageViewId=fa62a8b0-9723-4c2d-b041-1b740dacc392&t_pvid=fa62a8b0-9723-4c2d-b041-1b740dacc392&userAgent=Mozilla%2F5.0+%28Windows+NT+10.0%3B+Win64%3B+x64%29+AppleWebKit%2F537.36+%28KHTML%2C+like+Gecko%29+Chrome%2F124.0.0.0+Safari%2F537.36&browser=1&isHuman=true&userIp=189.226.196.225&what=departamento+alvaro+obregon&search_terms=departamento+alvaro+obregon&origin=2&t_or=2&splitTestId=0,nuroa,375.0
18000.0,departamento,Álvaro Obregón,Ciudad de México,70.0,1.0,1.0,,https://www.nuroa.com.mx/adform/1130000780339372472?click_type=1&pos=3&listingId=1130000780339372472&siteStrategyKey=https%3A%2F%2Fwww.nuroa.com.mx&url=https%253A%252F%252Fwww.icasas.mx%252FaggregatorDetail%253FadId%253D019d2113-19fb-7229-9d6c-a36a9d41d218%2526aggregator%253Dmitula%2526utm_content%253D019d2113-19fb-7229-9d6c-a36a9d41d218_payment&searchType=2&page=1&seo_link_id=1406112658&section=27&t_sec=27&sectionType=2&pageViewId=fa62a8b0-9723-4c2d-b041-1b740dacc392&t_pvid=fa62a8b0-9723-4c2d-b041-1b740dacc392&userAgent=Mozilla%2F5.0+%28Windows+NT+10.0%3B+Win64%3B+x64%29+AppleWebKit%2F537.36+%28KHTML%2C+like+Gecko%29+Chrome%2F124.0.0.0+Safari%2F537.36&browser=1&isHuman=true&userIp=189.226.196.225&what=departamento+alvaro+obregon&search_terms=departamento+alvaro+obregon&origin=2&t_or=2&splitTestId=0,nuroa,257.14285714285717
17500.0,departamento,Álvaro Obregón,Ciudad de México,98.0,2.0,2.0,1.0,https://www.nuroa.com.mx/adform/1150000772368727284?click_type=1&pos=4&listingId=1150000772368727284&siteStrategyKey=https%3A%2F%2Fwww.nuroa.com.mx&url=https%253A%252F%252Fwww.icasas.mx%252FaggregatorDetail%253FadId%253D0194b49d-f230-7664-9cd6-15d3d77855de%2526aggregator%253Dmitula%2526utm_content%253D0194b49d-f230-7664-9cd6-15d3d77855de_payment&searchType=2&page=1&seo_link_id=1406112658&section=27&t_sec=27&sectionType=2&pageViewId=fa62a8b0-9723-4c2d-b041-1b740dacc392&t_pvid=fa62a8b0-9723-4c2d-b041-1b740dacc392&userAgent=Mozilla%2F5.0+%28Windows+NT+10.0%3B+Win64%3B+x64%29+AppleWebKit%2F537.36+%28KHTML%2C+like+Gecko%29+Chrome%2F124.0.0.0+Safari%2F537.36&browser=1&isHuman=true&userIp=189.226.196.225&what=departamento+alvaro+obregon&search_terms=departamento+alvaro+obregon&origin=2&t_or=2&splitTestId=0,nuroa,178.57142857142858
30000.0,departamento,Álvaro Obregón,Ciudad de México,110.0,3.0,2.0,,https://www.nuroa.com.mx/adform/6280000779194388246?click_type=0&pos=1&listingId=6280000779194388246&siteStrategyKey=https%3A%2F%2Fwww.nuroa.com.mx&url=https%253A%252F%252Fwww.icasas.mx%252FaggregatorDetail%253FadId%253D019e38d4-4751-74ca-a067-6dcc98a0d73c%2526aggregator%253Dmitula%2526utm_content%253D019e38d4-4751-74ca-a067-6dcc98a0d73c_payment&searchType=2&page=2&seo_link_id=1406112658&section=1&t_sec=1&sectionType=1&pageViewId=a82804ea-066e-417e-aa21-d1647e2552e3&t_pvid=a82804ea-066e-417e-aa21-d1647e2552e3&userAgent=Mozilla%2F5.0+%28Windows+NT+10.0%3B+Win64%3B+x64%3B+rv%3A125.0%29+Gecko%2F20100101+Firefox%2F125.0&browser=1&isHuman=true&userIp=189.226.196.225&what=departamento+alvaro+obregon&search_terms=departamento+alvaro+obregon&origin=2&t_or=2&splitTestId=0,nuroa,272.72727272727275
18000.0,departamento,Álvaro Obregón,Ciudad de México,35.0,1.0,1.0,,https://www.nuroa.com.mx/adform/4820000779194174797?click_type=0&pos=2&listingId=4820000779194174797&siteStrategyKey=https%3A%2F%2Fwww.nuroa.com.mx&url=https%253A%252F%252Fwww.icasas.mx%252FaggregatorDetail%253FadId%253D019d55a6-7871-7288-9474-627d2ace389a%2526aggregator%253Dmitula%2526utm_content%253D019d55a6-7871-7288-9474-627d2ace389a_payment&searchType=2&page=2&seo_link_id=1406112658&section=1&t_sec=1&sectionType=1&pageViewId=a82804ea-066e-417e-aa21-d1647e2552e3&t_pvid=a82804ea-066e-417e-aa21-d1647e2552e3&userAgent=Mozilla%2F5.0+%28Windows+NT+10.0%3B+Win64%3B+x64%3B+rv%3A125.0%29+Gecko%2F20100101+Firefox%2F125.0&browser=1&isHuman=true&userIp=189.226.196.225&what=departamento+alvaro+obregon&search_terms=departamento+alvaro+obregon&origin=2&t_or=2&splitTestId=0,nuroa,514.2857142857143
29000.0,departamento,Álvaro Obregón,Ciudad de México,152.0,3.0,2.0,1.0,https://www.nuroa.com.mx/adform/7590000775565835812?click_type=0&pos=3&listingId=7590000775565835812&siteStrategyKey=https%3A%2F%2Fwww.nuroa.com.mx&url=https%253A%252F%252Fwww.icasas.mx%252FaggregatorDetail%253FadId%253D019d641e-03a1-724c-83e0-d4006e5076d6%2526aggregator%253Dmitula%2526utm_content%253D019d641e-03a1-724c-83e0-d4006e5076d6_payment&searchType=2&page=2&seo_link_id=1406112658&section=1&t_sec=1&sectionType=1&pageViewId=a82804ea-066e-417e-aa21-d1647e2552e3&t_pvid=a82804ea-066e-417e-aa21-d1647e2552e3&userAgent=Mozilla%2F5.0+%28Windows+NT+10.0%3B+Win64%3B+x64%3B+rv%3A125.0%29+Gecko%2F20100101+Firefox%2F125.0&browser=1&isHuman=true&userIp=189.226.196.225&what=departamento+alvaro+obregon&search_terms=departamento+alvaro+obregon&origin=2&t_or=2&splitTestId=0,nuroa,190.78947368421052
12000.0,departamento,Álvaro Obregón,Ciudad de México,120.0,1.0,1.0,1.0,https://www.nuroa.com.mx/adform/3840000760100008097?click_type=0&pos=4&listingId=3840000760100008097&siteStrategyKey=https%3A%2F%2Fwww.nuroa.com.mx&url=https%253A%252F%252Fwww.icasas.mx%252FaggregatorDetail%253FadId%253D0199cb2c-0ca3-72a9-81b2-40309dc28722%2526aggregator%253Dmitula%2526utm_content%253D0199cb2c-0ca3-72a9-81b2-40309dc28722_payment&searchType=2&page=2&seo_link_id=1406112658&section=1&t_sec=1&sectionType=1&pageViewId=a82804ea-066e-417e-aa21-d1647e2552e3&t_pvid=a82804ea-066e-417e-aa21-d1647e2552e3&userAgent=Mozilla%2F5.0+%28Windows+NT+10.0%3B+Win64%3B+x64%3B+rv%3A125.0%29+Gecko%2F20100101+Firefox%2F125.0&browser=1&isHuman=true&userIp=189.226.196.225&what=departamento+alvaro+obregon&search_terms=departamento+alvaro+obregon&origin=2&t_or=2&splitTestId=0,nuroa,100.0
28000.0,departamento,Álvaro Obregón,Ciudad de México,110.0,2.0,2.0,,https://www.nuroa.com.mx/adform/5660001769258316100?click_type=0&pos=5&listingId=5660001769258316100&siteStrategyKey=https%3A%2F%2Fwww.nuroa.com.mx&url=https%253A%252F%252Fwww.icasas.mx%252FaggregatorDetail%253FadId%253D4413da10-8417-11ee-94da-753d9cfc1bcc%2526aggregator%253Dmitula%2526utm_content%253D4413da10-8417-11ee-94da-753d9cfc1bcc_payment&searchType=2&page=2&seo_link_id=1406112658&section=1&t_sec=1&sectionType=1&pageViewId=a82804ea-066e-417e-aa21-d1647e2552e3&t_pvid=a82804ea-066e-417e-aa21-d1647e2552e3&userAgent=Mozilla%2F5.0+%28Windows+NT+10.0%3B+Win64%3B+x64%3B+rv%3A125.0%29+Gecko%2F20100101+Firefox%2F125.0&browser=1&isHuman=true&userIp=189.226.196.225&what=departamento+alvaro+obregon&search_terms=departamento+alvaro+obregon&origin=2&t_or=2&splitTestId=0,nuroa,254.54545454545453
74000.0,departamento,Álvaro Obregón,Ciudad de México,250.0,3.0,3.0,1.0,https://www.nuroa.com.mx/adform/8980000774787699001?click_type=0&pos=6&listingId=8980000774787699001&siteStrategyKey=https%3A%2F%2Fwww.nuroa.com.mx&url=https%253A%252F%252Fwww.icasas.mx%252FaggregatorDetail%253FadId%253D019d3715-1208-7c74-ac83-9228ba01d51c%2526aggregator%253Dmitula%2526utm_content%253D019d3715-1208-7c74-ac83-9228ba01d51c_payment&searchType=2&page=2&seo_link_id=1406112658&section=1&t_sec=1&sectionType=1&pageViewId=a82804ea-066e-417e-aa21-d1647e2552e3&t_pvid=a82804ea-066e-417e-aa21-d1647e2552e3&userAgent=Mozilla%2F5.0+%28Windows+NT+10.0%3B+Win64%3B+x64%3B+rv%3A125.0%29+Gecko%2F20100101+Firefox%2F125.0&browser=1&isHuman=true&userIp=189.226.196.225&what=departamento+alvaro+obregon&search_terms=departamento+alvaro+obregon&origin=2&t_or=2&splitTestId=0,nuroa,296.0
95000.0,departamento,Álvaro Obregón,Ciudad de México,268.0,3.0,3.0,,https://www.nuroa.com.mx/adform/5940000779885463704?click_type=0&pos=7&listingId=5940000779885463704&siteStrategyKey=https%3A%2F%2Fwww.nuroa.com.mx&url=https%253A%252F%252Fwww.icasas.mx%252FaggregatorDetail%253FadId%253D019e6717-59bb-7b59-b825-32dc7323d406%2526aggregator%253Dmitula%2526utm_content%253D019e6717-59bb-7b59-b825-32dc7323d406_payment&searchType=2&page=2&seo_link_id=1406112658&section=1&t_sec=1&sectionType=1&pageViewId=a82804ea-066e-417e-aa21-d1647e2552e3&t_pvid=a82804ea-066e-417e-aa21-d1647e2552e3&userAgent=Mozilla%2F5.0+%28Windows+NT+10.0%3B+Win64%3B+x64%3B+rv%3A125.0%29+Gecko%2F20100101+Firefox%2F125.0&browser=1&isHuman=true&userIp=189.226.196.225&what=departamento+alvaro+obregon&search_terms=departamento+alvaro+obregon&origin=2&t_or=2&splitTestId=0,nuroa,354.4776119402985
27000.0,loft,Álvaro Obregón,Ciudad de México,52.0,1.0,1.0,,https://www.nuroa.com.mx/adform/2730000768674978697?click_type=0&pos=8&listingId=2730000768674978697&siteStrategyKey=https%3A%2F%2Fwww.nuroa.com.mx&url=https%253A%252F%252Fwww.icasas.mx%252FaggregatorDetail%253FadId%253D019bcc6f-ba77-73ad-bca3-8bf844325d06%2526aggregator%253Dmitula%2526utm_content%253D019bcc6f-ba77-73ad-bca3-8bf844325d06_payment&searchType=2&page=2&seo_link_id=1406112658&section=1&t_sec=1&sectionType=1&pageViewId=a82804ea-066e-417e-aa21-d1647e2552e3&t_pvid=a82804ea-066e-417e-aa21-d1647e2552e3&userAgent=Mozilla%2F5.0+%28Windows+NT+10.0%3B+Win64%3B+x64%3B+rv%3A125.0%29+Gecko%2F20100101+Firefox%2F125.0&browser=1&isHuman=true&userIp=189.226.196.225&what=departamento+alvaro+obregon&search_terms=departamento+alvaro+obregon&origin=2&t_or=2&splitTestId=0,nuroa,519.2307692307693
37000.0,loft,Álvaro Obregón,Ciudad de México,100.0,1.0,1.0,1.0,https://www.nuroa.com.mx/adform/8820000778071121433?click_type=0&pos=9&listingId=8820000778071121433&siteStrategyKey=https%3A%2F%2Fwww.nuroa.com.mx&url=https%253A%252F%252Fwww.icasas.mx%252FaggregatorDetail%253FadId%253D019dfb7c-b5e0-7cf0-b528-3debd203fed6%2526aggregator%253Dmitula%2526utm_content%253D019dfb7c-b5e0-7cf0-b528-3debd203fed6_payment&searchType=2&page=2&seo_link_id=1406112658&section=1&t_sec=1&sectionType=1&pageViewId=a82804ea-066e-417e-aa21-d1647e2552e3&t_pvid=a82804ea-066e-417e-aa21-d1647e2552e3&userAgent=Mozilla%2F5.0+%28Windows+NT+10.0%3B+Win64%3B+x64%3B+rv%3A125.0%29+Gecko%2F20100101+Firefox%2F125.0&browser=1&isHuman=true&userIp=189.226.196.225&what=departamento+alvaro+obregon&search_terms=departamento+alvaro+obregon&origin=2&t_or=2&splitTestId=0,nuroa,370.0
37000.0,departamento,Álvaro Obregón,Ciudad de México,105.0,2.0,2.0,,https://www.nuroa.com.mx/adform/8020000775824578035?click_type=0&pos=10&listingId=8020000775824578035&siteStrategyKey=https%3A%2F%2Fwww.nuroa.com.mx&url=https%253A%252F%252Fwww.icasas.mx%252FaggregatorDetail%253FadId%253D019d724a-48c0-7156-bd36-abf0a2d033ed%2526aggregator%253Dmitula%2526utm_content%253D019d724a-48c0-7156-bd36-abf0a2d033ed_payment&searchType=2&page=2&seo_link_id=1406112658&section=1&t_sec=1&sectionType=1&pageViewId=a82804ea-066e-417e-aa21-d1647e2552e3&t_pvid=a82804ea-066e-417e-aa21-d1647e2552e3&userAgent=Mozilla%2F5.0+%28Windows+NT+10.0%3B+Win64%3B+x64%3B+rv%3A125.0%29+Gecko%2F20100101+Firefox%2F125.0&browser=1&isHuman=true&userIp=189.226.196.225&what=departamento+alvaro+obregon&search_terms=departamento+alvaro+obregon&origin=2&t_or=2&splitTestId=0,nuroa,352.3809523809524
32000.0,departamento,Álvaro Obregón,Ciudad de México,87.0,2.0,2.0,1.0,https://www.nuroa.com.mx/adform/3870000780403868748?click_type=0&pos=12&listingId=3870000780403868748&siteStrategyKey=https%3A%2F%2Fwww.nuroa.com.mx&url=https%253A%252F%252Fwww.icasas.mx%252FaggregatorDetail%253FadId%253D019e84cf-fc3b-776c-aaab-b2bd7ec07274%2526aggregator%253Dmitula%2526utm_content%253D019e84cf-fc3b-776c-aaab-b2bd7ec07274_payment&searchType=2&page=2&seo_link_id=1406112658&section=1&t_sec=1&sectionType=1&pageViewId=a82804ea-066e-417e-aa21-d1647e2552e3&t_pvid=a82804ea-066e-417e-aa21-d1647e2552e3&userAgent=Mozilla%2F5.0+%28Windows+NT+10.0%3B+Win64%3B+x64%3B+rv%3A125.0%29+Gecko%2F20100101+Firefox%2F125.0&browser=1&isHuman=true&userIp=189.226.196.225&what=departamento+alvaro+obregon&search_terms=departamento+alvaro+obregon&origin=2&t_or=2&splitTestId=0,nuroa,367.81609195402297
28000.0,departamento,Álvaro Obregón,Ciudad de México,76.0,1.0,1.0,1.0,https://www.nuroa.com.mx/adform/6380001779971831937?click_type=0&pos=13&listingId=6380001779971831937&siteStrategyKey=https%3A%2F%2Fwww.nuroa.com.mx&url=https%253A%252F%252Fwww.icasas.mx%252FaggregatorDetail%253FadId%253D019e6c3c-e121-7578-b934-504eacf9ceaa%2526aggregator%253Dmitula%2526utm_content%253D019e6c3c-e121-7578-b934-504eacf9ceaa_payment&searchType=2&page=2&seo_link_id=1406112658&section=1&t_sec=1&sectionType=1&pageViewId=a82804ea-066e-417e-aa21-d1647e2552e3&t_pvid=a82804ea-066e-417e-aa21-d1647e2552e3&userAgent=Mozilla%2F5.0+%28Windows+NT+10.0%3B+Win64%3B+x64%3B+rv%3A125.0%29+Gecko%2F20100101+Firefox%2F125.0&browser=1&isHuman=true&userIp=189.226.196.225&what=departamento+alvaro+obregon&search_terms=departamento+alvaro+obregon&origin=2&t_or=2&splitTestId=0,nuroa,368.42105263157896
20000.0,loft,Álvaro Obregón,Ciudad de México,36.0,1.0,1.0,,https://www.nuroa.com.mx/adform/3540000779712494075?click_type=0&pos=15&listingId=3540000779712494075&siteStrategyKey=https%3A%2F%2Fwww.nuroa.com.mx&url=https%253A%252F%252Fwww.icasas.mx%252FaggregatorDetail%253FadId%253D019c30b0-f90f-7399-a076-18fc1b04c55e%2526aggregator%253Dmitula%2526utm_content%253D019c30b0-f90f-7399-a076-18fc1b04c55e_payment&searchType=2&page=2&seo_link_id=1406112658&section=1&t_sec=1&sectionType=1&pageViewId=a82804ea-066e-417e-aa21-d1647e2552e3&t_pvid=a82804ea-066e-417e-aa21-d1647e2552e3&userAgent=Mozilla%2F5.0+%28Windows+NT+10.0%3B+Win64%3B+x64%3B+rv%3A125.0%29+Gecko%2F20100101+Firefox%2F125.0&browser=1&isHuman=true&userIp=189.226.196.225&what=departamento+alvaro+obregon&search_terms=departamento+alvaro+obregon&origin=2&t_or=2&splitTestId=0,nuroa,555.5555555555555
29000.0,departamento,Álvaro Obregón,Ciudad de México,85.0,2.0,2.0,,https://www.nuroa.com.mx/adform/6970000778071086122?click_type=0&pos=16&listingId=6970000778071086122&siteStrategyKey=https%3A%2F%2Fwww.nuroa.com.mx&url=https%253A%252F%252Fwww.icasas.mx%252FaggregatorDetail%253FadId%253D019dfb0f-75b3-7cba-9cb4-5eb29ef20466%2526aggregator%253Dmitula%2526utm_content%253D019dfb0f-75b3-7cba-9cb4-5eb29ef20466_payment&searchType=2&page=2&seo_link_id=1406112658&section=1&t_sec=1&sectionType=1&pageViewId=a82804ea-066e-417e-aa21-d1647e2552e3&t_pvid=a82804ea-066e-417e-aa21-d1647e2552e3&userAgent=Mozilla%2F5.0+%28Windows+NT+10.0%3B+Win64%3B+x64%3B+rv%3A125.0%29+Gecko%2F20100101+Firefox%2F125.0&browser=1&isHuman=true&userIp=189.226.196.225&what=departamento+alvaro+obregon&search_terms=departamento+alvaro+obregon&origin=2&t_or=2&splitTestId=0,nuroa,341.1764705882353
32000.0,departamento,Álvaro Obregón,Ciudad de México,108.0,2.0,2.0,1.0,https://www.nuroa.com.mx/adform/8130000772973703518?click_type=0&pos=19&listingId=8130000772973703518&siteStrategyKey=https%3A%2F%2Fwww.nuroa.com.mx&url=https%253A%252F%252Fwww.icasas.mx%252FaggregatorDetail%253FadId%253D019ccb03-c04c-719c-a78a-66b2dcc5a908%2526aggregator%253Dmitula%2526utm_content%253D019ccb03-c04c-719c-a78a-66b2dcc5a908_payment&searchType=2&page=2&seo_link_id=1406112658&section=1&t_sec=1&sectionType=1&pageViewId=a82804ea-066e-417e-aa21-d1647e2552e3&t_pvid=a82804ea-066e-417e-aa21-d1647e2552e3&userAgent=Mozilla%2F5.0+%28Windows+NT+10.0%3B+Win64%3B+x64%3B+rv%3A125.0%29+Gecko%2F20100101+Firefox%2F125.0&browser=1&isHuman=true&userIp=189.226.196.225&what=departamento+alvaro+obregon&search_terms=departamento+alvaro+obregon&origin=2&t_or=2&splitTestId=0,nuroa,296.2962962962963
48000.0,departamento,Álvaro Obregón,Ciudad de México,164.0,3.0,2.0,1.0,https://www.nuroa.com.mx/adform/1090000770295107197?click_type=0&pos=20&listingId=1090000770295107197&siteStrategyKey=https%3A%2F%2Fwww.nuroa.com.mx&url=https%253A%252F%252Fwww.icasas.mx%252FaggregatorDetail%253FadId%253D019d657e-eb74-789f-bc8f-2d2037e5197c%2526aggregator%253Dmitula%2526utm_content%253D019d657e-eb74-789f-bc8f-2d2037e5197c_payment&searchType=2&page=2&seo_link_id=1406112658&section=1&t_sec=1&sectionType=1&pageViewId=a82804ea-066e-417e-aa21-d1647e2552e3&t_pvid=a82804ea-066e-417e-aa21-d1647e2552e3&userAgent=Mozilla%2F5.0+%28Windows+NT+10.0%3B+Win64%3B+x64%3B+rv%3A125.0%29+Gecko%2F20100101+Firefox%2F125.0&browser=1&isHuman=true&userIp=189.226.196.225&what=departamento+alvaro+obregon&search_terms=departamento+alvaro+obregon&origin=2&t_or=2&splitTestId=0,nuroa,292.6829268292683
21500.0,departamento,Álvaro Obregón,Ciudad de México,50.0,1.0,1.0,1.0,https://www.nuroa.com.mx/adform/1070000781440577454?click_type=0&pos=21&listingId=1070000781440577454&siteStrategyKey=https%3A%2F%2Fwww.nuroa.com.mx&url=https%253A%252F%252Fwww.icasas.mx%252FaggregatorDetail%253FadId%253D019ec39d-c1d4-7701-9539-8e0930892568%2526aggregator%253Dmitula%2526utm_content%253D019ec39d-c1d4-7701-9539-8e0930892568_payment&searchType=2&page=2&seo_link_id=1406112658&section=1&t_sec=1&sectionType=1&pageViewId=a82804ea-066e-417e-aa21-d1647e2552e3&t_pvid=a82804ea-066e-417e-aa21-d1647e2552e3&userAgent=Mozilla%2F5.0+%28Windows+NT+10.0%3B+Win64%3B+x64%3B+rv%3A125.0%29+Gecko%2F20100101+Firefox%2F125.0&browser=1&isHuman=true&userIp=189.226.196.225&what=departamento+alvaro+obregon&search_terms=departamento+alvaro+obregon&origin=2&t_or=2&splitTestId=0,nuroa,430.0
19100.0,departamento,Álvaro Obregón,Ciudad de México,45.0,1.0,1.0,,https://www.nuroa.com.mx/adform/8310000780922183015?click_type=0&pos=22&listingId=8310000780922183015&siteStrategyKey=https%3A%2F%2Fwww.nuroa.com.mx&url=https%253A%252F%252Fwww.icasas.mx%252FaggregatorDetail%253FadId%253D019ea4a7-ef39-74ac-95e1-17ab056fd1d5%2526aggregator%253Dmitula%2526utm_content%253D019ea4a7-ef39-74ac-95e1-17ab056fd1d5_payment&searchType=2&page=2&seo_link_id=1406112658&section=1&t_sec=1&sectionType=1&pageViewId=a82804ea-066e-417e-aa21-d1647e2552e3&t_pvid=a82804ea-066e-417e-aa21-d1647e2552e3&userAgent=Mozilla%2F5.0+%28Windows+NT+10.0%3B+Win64%3B+x64%3B+rv%3A125.0%29+Gecko%2F20100101+Firefox%2F125.0&browser=1&isHuman=true&userIp=189.226.196.225&what=departamento+alvaro+obregon&search_terms=departamento+alvaro+obregon&origin=2&t_or=2&splitTestId=0,nuroa,424.44444444444446
19950.0,departamento,Álvaro Obregón,Ciudad de México,54.0,1.0,1.0,,https://www.nuroa.com.mx/adform/3130000780922478294?click_type=0&pos=23&listingId=3130000780922478294&siteStrategyKey=https%3A%2F%2Fwww.nuroa.com.mx&url=https%253A%252F%252Fwww.icasas.mx%252FaggregatorDetail%253FadId%253D019ea4a7-f6d3-721f-a7ac-2dae6efba584%2526aggregator%253Dmitula%2526utm_content%253D019ea4a7-f6d3-721f-a7ac-2dae6efba584_payment&searchType=2&page=2&seo_link_id=1406112658&section=1&t_sec=1&sectionType=1&pageViewId=a82804ea-066e-417e-aa21-d1647e2552e3&t_pvid=a82804ea-066e-417e-aa21-d1647e2552e3&userAgent=Mozilla%2F5.0+%28Windows+NT+10.0%3B+Win64%3B+x64%3B+rv%3A125.0%29+Gecko%2F20100101+Firefox%2F125.0&browser=1&isHuman=true&userIp=189.226.196.225&what=departamento+alvaro+obregon&search_terms=departamento+alvaro+obregon&origin=2&t_or=2&splitTestId=0,nuroa,369.44444444444446
17000.0,departamento,Álvaro Obregón,Ciudad de México,60.0,2.0,2.0,1.0,https://www.nuroa.com.mx/adform/3300000780577006622?click_type=0&pos=24&listingId=3300000780577006622&siteStrategyKey=https%3A%2F%2Fwww.nuroa.com.mx&url=https%253A%252F%252Fwww.icasas.mx%252FaggregatorDetail%253FadId%253D019e908e-59c3-77f8-9bf5-2cd1d8f47970%2526aggregator%253Dmitula%2526utm_content%253D019e908e-59c3-77f8-9bf5-2cd1d8f47970_payment&searchType=2&page=2&seo_link_id=1406112658&section=1&t_sec=1&sectionType=1&pageViewId=a82804ea-066e-417e-aa21-d1647e2552e3&t_pvid=a82804ea-066e-417e-aa21-d1647e2552e3&userAgent=Mozilla%2F5.0+%28Windows+NT+10.0%3B+Win64%3B+x64%3B+rv%3A125.0%29+Gecko%2F20100101+Firefox%2F125.0&browser=1&isHuman=true&userIp=189.226.196.225&what=departamento+alvaro+obregon&search_terms=departamento+alvaro+obregon&origin=2&t_or=2&splitTestId=0,nuroa,283.3333333333333
16000.0,departamento,Álvaro Obregón,Ciudad de México,60.0,2.0,1.0,1.0,https://www.nuroa.com.mx/adform/2190000780404106886?click_type=0&pos=25&listingId=2190000780404106886&siteStrategyKey=https%3A%2F%2Fwww.nuroa.com.mx&url=https%253A%252F%252Fwww.icasas.mx%252FaggregatorDetail%253FadId%253D019e8641-946c-7cfd-8548-1d35d1a30fcd%2526aggregator%253Dmitula%2526utm_content%253D019e8641-946c-7cfd-8548-1d35d1a30fcd_payment&searchType=2&page=2&seo_link_id=1406112658&section=1&t_sec=1&sectionType=1&pageViewId=a82804ea-066e-417e-aa21-d1647e2552e3&t_pvid=a82804ea-066e-417e-aa21-d1647e2552e3&userAgent=Mozilla%2F5.0+%28Windows+NT+10.0%3B+Win64%3B+x64%3B+rv%3A125.0%29+Gecko%2F20100101+Firefox%2F125.0&browser=1&isHuman=true&userIp=189.226.196.225&what=departamento+alvaro+obregon&search_terms=departamento+alvaro+obregon&origin=2&t_or=2&splitTestId=0,nuroa,266.6666666666667
12990.0,departamento,Álvaro Obregón,Ciudad de México,41.0,2.0,1.0,1.0,https://www.nuroa.com.mx/adform/9210000780490424664?click_type=0&pos=1&listingId=9210000780490424664&siteStrategyKey=https%3A%2F%2Fwww.nuroa.com.mx&url=https%253A%252F%252Fwww.icasas.mx%252FaggregatorDetail%253FadId%253D019e8b67-f515-7ceb-8f87-fd7f0c6baa8d%2526aggregator%253Dmitula%2526utm_content%253D019e8b67-f515-7ceb-8f87-fd7f0c6baa8d_payment&searchType=2&page=3&seo_link_id=1406112658&section=1&t_sec=1&sectionType=1&pageViewId=062bbe96-f74f-496c-b3f8-9c1a21eb2ead&t_pvid=062bbe96-f74f-496c-b3f8-9c1a21eb2ead&userAgent=Mozilla%2F5.0+%28Macintosh%3B+Intel+Mac+OS+X+10_15_7%29+AppleWebKit%2F537.36+%28KHTML%2C+like+Gecko%29+Chrome%2F124.0.0.0+Safari%2F537.36&browser=1&isHuman=true&userIp=189.226.196.225&what=departamento+alvaro+obregon&search_terms=departamento+alvaro+obregon&origin=2&t_or=2&splitTestId=0,nuroa,316.8292682926829
7700.0,departamento,Álvaro Obregón,Ciudad de México,35.0,1.0,1.0,,https://www.nuroa.com.mx/adform/3980000770899798681?click_type=0&pos=2&listingId=3980000770899798681&siteStrategyKey=https%3A%2F%2Fwww.nuroa.com.mx&url=https%253A%252F%252Fwww.icasas.mx%252FaggregatorDetail%253FadId%253D019c4fc6-53da-78c4-a75c-2d55d4251531%2526aggregator%253Dmitula%2526utm_content%253D019c4fc6-53da-78c4-a75c-2d55d4251531_payment&searchType=2&page=3&seo_link_id=1406112658&section=1&t_sec=1&sectionType=1&pageViewId=062bbe96-f74f-496c-b3f8-9c1a21eb2ead&t_pvid=062bbe96-f74f-496c-b3f8-9c1a21eb2ead&userAgent=Mozilla%2F5.0+%28Macintosh%3B+Intel+Mac+OS+X+10_15_7%29+AppleWebKit%2F537.36+%28KHTML%2C+like+Gecko%29+Chrome%2F124.0.0.0+Safari%2F537.36&browser=1&isHuman=true&userIp=189.226.196.225&what=departamento+alvaro+obregon&search_terms=departamento+alvaro+obregon&origin=2&t_or=2&splitTestId=0,nuroa,220.0
20336.0,departamento,Álvaro Obregón,Ciudad de México,51.0,1.0,1.0,,https://www.nuroa.com.mx/adform/8770000780144995621?click_type=0&pos=3&listingId=8770000780144995621&siteStrategyKey=https%3A%2F%2Fwww.nuroa.com.mx&url=https%253A%252F%252Fwww.icasas.mx%252FaggregatorDetail%253FadId%253D019bce88-5639-7581-8fd0-abeb68d4adb4%2526aggregator%253Dmitula%2526utm_content%253D019bce88-5639-7581-8fd0-abeb68d4adb4_payment&searchType=2&page=3&seo_link_id=1406112658&section=1&t_sec=1&sectionType=1&pageViewId=062bbe96-f74f-496c-b3f8-9c1a21eb2ead&t_pvid=062bbe96-f74f-496c-b3f8-9c1a21eb2ead&userAgent=Mozilla%2F5.0+%28Macintosh%3B+Intel+Mac+OS+X+10_15_7%29+AppleWebKit%2F537.36+%28KHTML%2C+like+Gecko%29+Chrome%2F124.0.0.0+Safari%2F537.36&browser=1&isHuman=true&userIp=189.226.196.225&what=departamento+alvaro+obregon&search_terms=departamento+alvaro+obregon&origin=2&t_or=2&splitTestId=0,nuroa,398.7450980392157
20500.0,departamento,Álvaro Obregón,Ciudad de México,46.0,1.0,1.0,,https://www.nuroa.com.mx/adform/2690000780144900122?click_type=0&pos=4&listingId=2690000780144900122&siteStrategyKey=https%3A%2F%2Fwww.nuroa.com.mx&url=https%253A%252F%252Fwww.icasas.mx%252FaggregatorDetail%253FadId%253D019bce88-5ff9-74be-b40d-086b71c35507%2526aggregator%253Dmitula%2526utm_content%253D019bce88-5ff9-74be-b40d-086b71c35507_payment&searchType=2&page=3&seo_link_id=1406112658&section=1&t_sec=1&sectionType=1&pageViewId=062bbe96-f74f-496c-b3f8-9c1a21eb2ead&t_pvid=062bbe96-f74f-496c-b3f8-9c1a21eb2ead&userAgent=Mozilla%2F5.0+%28Macintosh%3B+Intel+Mac+OS+X+10_15_7%29+AppleWebKit%2F537.36+%28KHTML%2C+like+Gecko%29+Chrome%2F124.0.0.0+Safari%2F537.36&browser=1&isHuman=true&userIp=189.226.196.225&what=departamento+alvaro+obregon&search_terms=departamento+alvaro+obregon&origin=2&t_or=2&splitTestId=0,nuroa,445.6521739130435
24000.0,departamento,Álvaro Obregón,Ciudad de México,70.0,1.0,,,https://www.nuroa.com.mx/adform/6940000781526989635?click_type=0&pos=5&listingId=6940000781526989635&siteStrategyKey=https%3A%2F%2Fwww.nuroa.com.mx&url=https%253A%252F%252Fwww.icasas.mx%252FaggregatorDetail%253FadId%253D019ec6da-76a5-7808-9a10-bb2cb71f3974%2526aggregator%253Dmitula%2526utm_content%253D019ec6da-76a5-7808-9a10-bb2cb71f3974_payment&searchType=2&page=3&seo_link_id=1406112658&section=1&t_sec=1&sectionType=1&pageViewId=062bbe96-f74f-496c-b3f8-9c1a21eb2ead&t_pvid=062bbe96-f74f-496c-b3f8-9c1a21eb2ead&userAgent=Mozilla%2F5.0+%28Macintosh%3B+Intel+Mac+OS+X+10_15_7%29+AppleWebKit%2F537.36+%28KHTML%2C+like+Gecko%29+Chrome%2F124.0.0.0+Safari%2F537.36&browser=1&isHuman=true&userIp=189.226.196.225&what=departamento+alvaro+obregon&search_terms=departamento+alvaro+obregon&origin=2&t_or=2&splitTestId=0,nuroa,342.85714285714283
24000.0,departamento,Álvaro Obregón,Ciudad de México,85.0,1.0,2.0,,https://www.nuroa.com.mx/adform/8640000780144682429?click_type=0&pos=7&listingId=8640000780144682429&siteStrategyKey=https%3A%2F%2Fwww.nuroa.com.mx&url=https%253A%252F%252Fwww.icasas.mx%252FaggregatorDetail%253FadId%253D019e675f-a6df-7e45-a7a2-225377b1f051%2526aggregator%253Dmitula%2526utm_content%253D019e675f-a6df-7e45-a7a2-225377b1f051_payment&searchType=2&page=3&seo_link_id=1406112658&section=1&t_sec=1&sectionType=1&pageViewId=062bbe96-f74f-496c-b3f8-9c1a21eb2ead&t_pvid=062bbe96-f74f-496c-b3f8-9c1a21eb2ead&userAgent=Mozilla%2F5.0+%28Macintosh%3B+Intel+Mac+OS+X+10_15_7%29+AppleWebKit%2F537.36+%28KHTML%2C+like+Gecko%29+Chrome%2F124.0.0.0+Safari%2F537.36&browser=1&isHuman=true&userIp=189.226.196.225&what=departamento+alvaro+obregon&search_terms=departamento+alvaro+obregon&origin=2&t_or=2&splitTestId=0,nuroa,282.3529411764706
26000.0,departamento,Álvaro Obregón,Ciudad de México,86.0,2.0,2.0,,https://www.nuroa.com.mx/adform/6470000780144535662?click_type=0&pos=9&listingId=6470000780144535662&siteStrategyKey=https%3A%2F%2Fwww.nuroa.com.mx&url=https%253A%252F%252Fwww.icasas.mx%252FaggregatorDetail%253FadId%253D019e7173-599f-7961-a068-823d4a23d1c2%2526aggregator%253Dmitula%2526utm_content%253D019e7173-599f-7961-a068-823d4a23d1c2_payment&searchType=2&page=3&seo_link_id=1406112658&section=1&t_sec=1&sectionType=1&pageViewId=062bbe96-f74f-496c-b3f8-9c1a21eb2ead&t_pvid=062bbe96-f74f-496c-b3f8-9c1a21eb2ead&userAgent=Mozilla%2F5.0+%28Macintosh%3B+Intel+Mac+OS+X+10_15_7%29+AppleWebKit%2F537.36+%28KHTML%2C+like+Gecko%29+Chrome%2F124.0.0.0+Safari%2F537.36&browser=1&isHuman=true&userIp=189.226.196.225&what=departamento+alvaro+obregon&search_terms=departamento+alvaro+obregon&origin=2&t_or=2&splitTestId=0,nuroa,302.3255813953488
26000.0,departamento,Álvaro Obregón,Ciudad de México,77.0,2.0,2.0,1.0,https://www.nuroa.com.mx/adform/4780000780576765330?click_type=0&pos=10&listingId=4780000780576765330&siteStrategyKey=https%3A%2F%2Fwww.nuroa.com.mx&url=https%253A%252F%252Fwww.icasas.mx%252FaggregatorDetail%253FadId%253D019e40c6-f051-7bee-895c-74ce58fc9e8c%2526aggregator%253Dmitula%2526utm_content%253D019e40c6-f051-7bee-895c-74ce58fc9e8c_payment&searchType=2&page=3&seo_link_id=1406112658&section=1&t_sec=1&sectionType=1&pageViewId=062bbe96-f74f-496c-b3f8-9c1a21eb2ead&t_pvid=062bbe96-f74f-496c-b3f8-9c1a21eb2ead&userAgent=Mozilla%2F5.0+%28Macintosh%3B+Intel+Mac+OS+X+10_15_7%29+AppleWebKit%2F537.36+%28KHTML%2C+like+Gecko%29+Chrome%2F124.0.0.0+Safari%2F537.36&browser=1&isHuman=true&userIp=189.226.196.225&what=departamento+alvaro+obregon&search_terms=departamento+alvaro+obregon&origin=2&t_or=2&splitTestId=0,nuroa,337.6623376623377
36900.0,departamento,Álvaro Obregón,Ciudad de México,124.0,2.0,3.0,,https://www.nuroa.com.mx/adform/1820000777639249604?click_type=0&pos=11&listingId=1820000777639249604&siteStrategyKey=https%3A%2F%2Fwww.nuroa.com.mx&url=https%253A%252F%252Fwww.icasas.mx%252FaggregatorDetail%253FadId%253D019de125-2379-79d5-85ee-c1177df92344%2526aggregator%253Dmitula%2526utm_content%253D019de125-2379-79d5-85ee-c1177df92344_payment&searchType=2&page=3&seo_link_id=1406112658&section=1&t_sec=1&sectionType=1&pageViewId=062bbe96-f74f-496c-b3f8-9c1a21eb2ead&t_pvid=062bbe96-f74f-496c-b3f8-9c1a21eb2ead&userAgent=Mozilla%2F5.0+%28Macintosh%3B+Intel+Mac+OS+X+10_15_7%29+AppleWebKit%2F537.36+%28KHTML%2C+like+Gecko%29+Chrome%2F124.0.0.0+Safari%2F537.36&browser=1&isHuman=true&userIp=189.226.196.225&what=departamento+alvaro+obregon&search_terms=departamento+alvaro+obregon&origin=2&t_or=2&splitTestId=0,nuroa,297.5806451612903
23000.0,departamento,Álvaro Obregón,Ciudad de México,32.0,1.0,1.0,,https://www.nuroa.com.mx/adform/1970000781181403623?click_type=0&pos=12&listingId=1970000781181403623&siteStrategyKey=https%3A%2F%2Fwww.nuroa.com.mx&url=https%253A%252F%252Fwww.icasas.mx%252FaggregatorDetail%253FadId%253D019eb4ed-d082-791e-8059-c049c9e1ccb8%2526aggregator%253Dmitula%2526utm_content%253D019eb4ed-d082-791e-8059-c049c9e1ccb8_payment&searchType=2&page=3&seo_link_id=1406112658&section=1&t_sec=1&sectionType=1&pageViewId=062bbe96-f74f-496c-b3f8-9c1a21eb2ead&t_pvid=062bbe96-f74f-496c-b3f8-9c1a21eb2ead&userAgent=Mozilla%2F5.0+%28Macintosh%3B+Intel+Mac+OS+X+10_15_7%29+AppleWebKit%2F537.36+%28KHTML%2C+like+Gecko%29+Chrome%2F124.0.0.0+Safari%2F537.36&browser=1&isHuman=true&userIp=189.226.196.225&what=departamento+alvaro+obregon&search_terms=departamento+alvaro+obregon&origin=2&t_or=2&splitTestId=0,nuroa,718.75
11500.0,departamento,Álvaro Obregón,Ciudad de México,48.0,1.0,1.0,,https://www.nuroa.com.mx/adform/3350000781527137329?click_type=0&pos=13&listingId=3350000781527137329&siteStrategyKey=https%3A%2F%2Fwww.nuroa.com.mx&url=https%253A%252F%252Fwww.icasas.mx%252FaggregatorDetail%253FadId%253D019ec8b9-b460-7f38-aecb-a25fa21b8d59%2526aggregator%253Dmitula%2526utm_content%253D019ec8b9-b460-7f38-aecb-a25fa21b8d59_payment&searchType=2&page=3&seo_link_id=1406112658&section=1&t_sec=1&sectionType=1&pageViewId=062bbe96-f74f-496c-b3f8-9c1a21eb2ead&t_pvid=062bbe96-f74f-496c-b3f8-9c1a21eb2ead&userAgent=Mozilla%2F5.0+%28Macintosh%3B+Intel+Mac+OS+X+10_15_7%29+AppleWebKit%2F537.36+%28KHTML%2C+like+Gecko%29+Chrome%2F124.0.0.0+Safari%2F537.36&browser=1&isHuman=true&userIp=189.226.196.225&what=departamento+alvaro+obregon&search_terms=departamento+alvaro+obregon&origin=2&t_or=2&splitTestId=0,nuroa,239.58333333333334
19000.0,loft,Álvaro Obregón,Ciudad de México,43.0,,1.0,,https://www.nuroa.com.mx/adform/9020000781267878624?click_type=0&pos=14&listingId=9020000781267878624&siteStrategyKey=https%3A%2F%2Fwww.nuroa.com.mx&url=https%253A%252F%252Fwww.icasas.mx%252FaggregatorDetail%253FadId%253D019eba0a-222d-74b7-8de3-270201ca645e%2526aggregator%253Dmitula%2526utm_content%253D019eba0a-222d-74b7-8de3-270201ca645e_payment&searchType=2&page=3&seo_link_id=1406112658&section=1&t_sec=1&sectionType=1&pageViewId=062bbe96-f74f-496c-b3f8-9c1a21eb2ead&t_pvid=062bbe96-f74f-496c-b3f8-9c1a21eb2ead&userAgent=Mozilla%2F5.0+%28Macintosh%3B+Intel+Mac+OS+X+10_15_7%29+AppleWebKit%2F537.36+%28KHTML%2C+like+Gecko%29+Chrome%2F124.0.0.0+Safari%2F537.36&browser=1&isHuman=true&userIp=189.226.196.225&what=departamento+alvaro+obregon&search_terms=departamento+alvaro+obregon&origin=2&t_or=2&splitTestId=0,nuroa,441.86046511627904
28000.0,departamento,Álvaro Obregón,Ciudad de México,84.0,2.0,2.0,,https://www.nuroa.com.mx/adform/3540000770294929722?click_type=0&pos=15&listingId=3540000770294929722&siteStrategyKey=https%3A%2F%2Fwww.nuroa.com.mx&url=https%253A%252F%252Fwww.icasas.mx%252FaggregatorDetail%253FadId%253D019c2b4b-4d58-7076-bda3-44e84aa5181a%2526aggregator%253Dmitula%2526utm_content%253D019c2b4b-4d58-7076-bda3-44e84aa5181a_payment&searchType=2&page=3&seo_link_id=1406112658&section=1&t_sec=1&sectionType=1&pageViewId=062bbe96-f74f-496c-b3f8-9c1a21eb2ead&t_pvid=062bbe96-f74f-496c-b3f8-9c1a21eb2ead&userAgent=Mozilla%2F5.0+%28Macintosh%3B+Intel+Mac+OS+X+10_15_7%29+AppleWebKit%2F537.36+%28KHTML%2C+like+Gecko%29+Chrome%2F124.0.0.0+Safari%2F537.36&browser=1&isHuman=true&userIp=189.226.196.225&what=departamento+alvaro+obregon&search_terms=departamento+alvaro+obregon&origin=2&t_or=2&splitTestId=0,nuroa,333.3333333333333
12000.0,departamento,Álvaro Obregón,Ciudad de México,45.0,1.0,1.0,1.0,https://www.nuroa.com.mx/adform/1520000779281008408?click_type=0&pos=17&listingId=1520000779281008408&siteStrategyKey=https%3A%2F%2Fwww.nuroa.com.mx&url=https%253A%252F%252Fwww.icasas.mx%252FaggregatorDetail%253FadId%253D019e4353-e1cc-7d3a-8da9-d4b6c906f326%2526aggregator%253Dmitula%2526utm_content%253D019e4353-e1cc-7d3a-8da9-d4b6c906f326_payment&searchType=2&page=3&seo_link_id=1406112658&section=1&t_sec=1&sectionType=1&pageViewId=062bbe96-f74f-496c-b3f8-9c1a21eb2ead&t_pvid=062bbe96-f74f-496c-b3f8-9c1a21eb2ead&userAgent=Mozilla%2F5.0+%28Macintosh%3B+Intel+Mac+OS+X+10_15_7%29+AppleWebKit%2F537.36+%28KHTML%2C+like+Gecko%29+Chrome%2F124.0.0.0+Safari%2F537.36&browser=1&isHuman=true&userIp=189.226.196.225&what=departamento+alvaro+obregon&search_terms=departamento+alvaro+obregon&origin=2&t_or=2&splitTestId=0,nuroa,266.6666666666667
9200.0,departamento,Álvaro Obregón,Ciudad de México,40.0,1.0,1.0,,https://www.nuroa.com.mx/adform/8460000779280964295?click_type=0&pos=18&listingId=8460000779280964295&siteStrategyKey=https%3A%2F%2Fwww.nuroa.com.mx&url=https%253A%252F%252Fwww.icasas.mx%252FaggregatorDetail%253FadId%253D019e4353-f48f-713c-8ab3-2a833fbe40e9%2526aggregator%253Dmitula%2526utm_content%253D019e4353-f48f-713c-8ab3-2a833fbe40e9_payment&searchType=2&page=3&seo_link_id=1406112658&section=1&t_sec=1&sectionType=1&pageViewId=062bbe96-f74f-496c-b3f8-9c1a21eb2ead&t_pvid=062bbe96-f74f-496c-b3f8-9c1a21eb2ead&userAgent=Mozilla%2F5.0+%28Macintosh%3B+Intel+Mac+OS+X+10_15_7%29+AppleWebKit%2F537.36+%28KHTML%2C+like+Gecko%29+Chrome%2F124.0.0.0+Safari%2F537.36&browser=1&isHuman=true&userIp=189.226.196.225&what=departamento+alvaro+obregon&search_terms=departamento+alvaro+obregon&origin=2&t_or=2&splitTestId=0,nuroa,230.0
9500.0,departamento,Álvaro Obregón,Ciudad de México,40.0,1.0,1.0,,https://www.nuroa.com.mx/adform/1220000779021363306?click_type=0&pos=19&listingId=1220000779021363306&siteStrategyKey=https%3A%2F%2Fwww.nuroa.com.mx&url=https%253A%252F%252Fwww.icasas.mx%252FaggregatorDetail%253FadId%253D019e33dc-3a82-7e92-8829-495afa4a756e%2526aggregator%253Dmitula%2526utm_content%253D019e33dc-3a82-7e92-8829-495afa4a756e_payment&searchType=2&page=3&seo_link_id=1406112658&section=1&t_sec=1&sectionType=1&pageViewId=062bbe96-f74f-496c-b3f8-9c1a21eb2ead&t_pvid=062bbe96-f74f-496c-b3f8-9c1a21eb2ead&userAgent=Mozilla%2F5.0+%28Macintosh%3B+Intel+Mac+OS+X+10_15_7%29+AppleWebKit%2F537.36+%28KHTML%2C+like+Gecko%29+Chrome%2F124.0.0.0+Safari%2F537.36&browser=1&isHuman=true&userIp=189.226.196.225&what=departamento+alvaro+obregon&search_terms=departamento+alvaro+obregon&origin=2&t_or=2&splitTestId=0,nuroa,237.5
33000.0,departamento,Álvaro Obregón,Ciudad de México,110.0,2.0,2.0,,https://www.nuroa.com.mx/adform/3960000776256559400?click_type=0&pos=20&listingId=3960000776256559400&siteStrategyKey=https%3A%2F%2Fwww.nuroa.com.mx&url=https%253A%252F%252Fwww.icasas.mx%252FaggregatorDetail%253FadId%253D019d8f67-9590-7a6c-880f-e2fcc3428e01%2526aggregator%253Dmitula%2526utm_content%253D019d8f67-9590-7a6c-880f-e2fcc3428e01_payment&searchType=2&page=3&seo_link_id=1406112658&section=1&t_sec=1&sectionType=1&pageViewId=062bbe96-f74f-496c-b3f8-9c1a21eb2ead&t_pvid=062bbe96-f74f-496c-b3f8-9c1a21eb2ead&userAgent=Mozilla%2F5.0+%28Macintosh%3B+Intel+Mac+OS+X+10_15_7%29+AppleWebKit%2F537.36+%28KHTML%2C+like+Gecko%29+Chrome%2F124.0.0.0+Safari%2F537.36&browser=1&isHuman=true&userIp=189.226.196.225&what=departamento+alvaro+obregon&search_terms=departamento+alvaro+obregon&origin=2&t_or=2&splitTestId=0,nuroa,300.0
25000.0,departamento,Álvaro Obregón,Ciudad de México,92.0,2.0,2.0,1.0,https://www.nuroa.com.mx/adform/3840000781181718330?click_type=0&pos=21&listingId=3840000781181718330&siteStrategyKey=https%3A%2F%2Fwww.nuroa.com.mx&url=https%253A%252F%252Fwww.icasas.mx%252FaggregatorDetail%253FadId%253D019eb447-e019-78f9-a7f9-5e528d96d74f%2526aggregator%253Dmitula%2526utm_content%253D019eb447-e019-78f9-a7f9-5e528d96d74f_payment&searchType=2&page=3&seo_link_id=1406112658&section=1&t_sec=1&sectionType=1&pageViewId=062bbe96-f74f-496c-b3f8-9c1a21eb2ead&t_pvid=062bbe96-f74f-496c-b3f8-9c1a21eb2ead&userAgent=Mozilla%2F5.0+%28Macintosh%3B+Intel+Mac+OS+X+10_15_7%29+AppleWebKit%2F537.36+%28KHTML%2C+like+Gecko%29+Chrome%2F124.0.0.0+Safari%2F537.36&browser=1&isHuman=true&userIp=189.226.196.225&what=departamento+alvaro+obregon&search_terms=departamento+alvaro+obregon&origin=2&t_or=2&splitTestId=0,nuroa,271.7391304347826
40000.0,departamento,Álvaro Obregón,Ciudad de México,125.0,2.0,2.0,,https://www.nuroa.com.mx/adform/1380000779907432418?click_type=0&pos=22&listingId=1380000779907432418&siteStrategyKey=https%3A%2F%2Fwww.nuroa.com.mx&url=https%253A%252F%252Fwww.icasas.mx%252FaggregatorDetail%253FadId%253D019e69e5-b4b6-737d-b5fe-3328ea737c5c%2526aggregator%253Dmitula%2526utm_content%253D019e69e5-b4b6-737d-b5fe-3328ea737c5c_payment&searchType=2&page=3&seo_link_id=1406112658&section=1&t_sec=1&sectionType=1&pageViewId=062bbe96-f74f-496c-b3f8-9c1a21eb2ead&t_pvid=062bbe96-f74f-496c-b3f8-9c1a21eb2ead&userAgent=Mozilla%2F5.0+%28Macintosh%3B+Intel+Mac+OS+X+10_15_7%29+AppleWebKit%2F537.36+%28KHTML%2C+like+Gecko%29+Chrome%2F124.0.0.0+Safari%2F537.36&browser=1&isHuman=true&userIp=189.226.196.225&what=departamento+alvaro+obregon&search_terms=departamento+alvaro+obregon&origin=2&t_or=2&splitTestId=0,nuroa,320.0
30000.0,departamento,Álvaro Obregón,Ciudad de México,126.0,3.0,3.0,1.0,https://www.nuroa.com.mx/adform/3380000779453763406?click_type=0&pos=23&listingId=3380000779453763406&siteStrategyKey=https%3A%2F%2Fwww.nuroa.com.mx&url=https%253A%252F%252Fwww.icasas.mx%252FaggregatorDetail%253FadId%253D019e4b43-4658-702a-b51b-4e3a0cef3e86%2526aggregator%253Dmitula%2526utm_content%253D019e4b43-4658-702a-b51b-4e3a0cef3e86_payment&searchType=2&page=3&seo_link_id=1406112658&section=1&t_sec=1&sectionType=1&pageViewId=062bbe96-f74f-496c-b3f8-9c1a21eb2ead&t_pvid=062bbe96-f74f-496c-b3f8-9c1a21eb2ead&userAgent=Mozilla%2F5.0+%28Macintosh%3B+Intel+Mac+OS+X+10_15_7%29+AppleWebKit%2F537.36+%28KHTML%2C+like+Gecko%29+Chrome%2F124.0.0.0+Safari%2F537.36&browser=1&isHuman=true&userIp=189.226.196.225&what=departamento+alvaro+obregon&search_terms=departamento+alvaro+obregon&origin=2&t_or=2&splitTestId=0,nuroa,238.0952380952381
14500.0,departamento,Álvaro Obregón,Ciudad de México,45.0,2.0,2.0,,https://www.nuroa.com.mx/adform/2240000781181358265?click_type=0&pos=24&listingId=2240000781181358265&siteStrategyKey=https%3A%2F%2Fwww.nuroa.com.mx&url=https%253A%252F%252Fwww.icasas.mx%252FaggregatorDetail%253FadId%253D019eb447-942a-7e38-a561-2cd780f38ada%2526aggregator%253Dmitula%2526utm_content%253D019eb447-942a-7e38-a561-2cd780f38ada_payment&searchType=2&page=3&seo_link_id=1406112658&section=1&t_sec=1&sectionType=1&pageViewId=062bbe96-f74f-496c-b3f8-9c1a21eb2ead&t_pvid=062bbe96-f74f-496c-b3f8-9c1a21eb2ead&userAgent=Mozilla%2F5.0+%28Macintosh%3B+Intel+Mac+OS+X+10_15_7%29+AppleWebKit%2F537.36+%28KHTML%2C+like+Gecko%29+Chrome%2F124.0.0.0+Safari%2F537.36&browser=1&isHuman=true&userIp=189.226.196.225&what=departamento+alvaro+obregon&search_terms=departamento+alvaro+obregon&origin=2&t_or=2&splitTestId=0,nuroa,322.22222222222223
36000.0,departamento,Álvaro Obregón,Ciudad de México,122.0,3.0,2.0,1.0,https://www.nuroa.com.mx/adform/8530000776170466146?click_type=0&pos=25&listingId=8530000776170466146&siteStrategyKey=https%3A%2F%2Fwww.nuroa.com.mx&url=https%253A%252F%252Fwww.icasas.mx%252FaggregatorDetail%253FadId%253D019d89a9-8861-7ce2-812b-b8c8436aa900%2526aggregator%253Dmitula%2526utm_content%253D019d89a9-8861-7ce2-812b-b8c8436aa900_payment&searchType=2&page=3&seo_link_id=1406112658&section=1&t_sec=1&sectionType=1&pageViewId=062bbe96-f74f-496c-b3f8-9c1a21eb2ead&t_pvid=062bbe96-f74f-496c-b3f8-9c1a21eb2ead&userAgent=Mozilla%2F5.0+%28Macintosh%3B+Intel+Mac+OS+X+10_15_7%29+AppleWebKit%2F537.36+%28KHTML%2C+like+Gecko%29+Chrome%2F124.0.0.0+Safari%2F537.36&browser=1&isHuman=true&userIp=189.226.196.225&what=departamento+alvaro+obregon&search_terms=departamento+alvaro+obregon&origin=2&t_or=2&splitTestId=0,nuroa,295.08196721311475
17000.0,departamento,Azcapotzalco,Ciudad de México,57.0,2.0,1.0,1.0,https://www.nuroa.com.mx/adform/3610001779216107632?click_type=1&pos=1&listingId=3610001779216107632&siteStrategyKey=https%3A%2F%2Fwww.nuroa.com.mx&url=https%253A%252F%252Fwww.icasas.mx%252FaggregatorDetail%253FadId%253D019d003f-96d2-7dd0-a20b-807fb9c5b5bf%2526aggregator%253Dmitula%2526utm_content%253D019d003f-96d2-7dd0-a20b-807fb9c5b5bf_payment&searchType=2&page=1&seo_link_id=1406114696&section=26&t_sec=26&sectionType=2&pageViewId=05cc3b66-1257-44f6-ba84-1928941c65fb&t_pvid=05cc3b66-1257-44f6-ba84-1928941c65fb&userAgent=Mozilla%2F5.0+%28Macintosh%3B+Intel+Mac+OS+X+10_15_7%29+AppleWebKit%2F605.1.15+%28KHTML%2C+like+Gecko%29+Version%2F17.4+Safari%2F605.1.15&browser=1&isHuman=true&userIp=189.226.196.225&what=departamento+azcapotzalco&search_terms=departamento+azcapotzalco&origin=2&t_or=2&splitTestId=0,nuroa,298.2456140350877
6500.0,departamento,Azcapotzalco,Ciudad de México,16.0,1.0,1.0,,https://www.nuroa.com.mx/adform/7590000780490565063?click_type=0&pos=1&listingId=7590000780490565063&siteStrategyKey=https%3A%2F%2Fwww.nuroa.com.mx&url=https%253A%252F%252Fwww.icasas.mx%252FaggregatorDetail%253FadId%253D019df5a3-f983-73b6-89a2-ca4316a82314%2526aggregator%253Dmitula%2526utm_content%253D019df5a3-f983-73b6-89a2-ca4316a82314_payment&searchType=2&page=1&seo_link_id=1406114696&section=1&t_sec=1&sectionType=1&pageViewId=05cc3b66-1257-44f6-ba84-1928941c65fb&t_pvid=05cc3b66-1257-44f6-ba84-1928941c65fb&userAgent=Mozilla%2F5.0+%28Macintosh%3B+Intel+Mac+OS+X+10_15_7%29+AppleWebKit%2F605.1.15+%28KHTML%2C+like+Gecko%29+Version%2F17.4+Safari%2F605.1.15&browser=1&isHuman=true&userIp=189.226.196.225&what=departamento+azcapotzalco&search_terms=departamento+azcapotzalco&origin=2&t_or=2&splitTestId=0,nuroa,406.25
14999.0,departamento,Azcapotzalco,Ciudad de México,75.0,2.0,2.0,,https://www.nuroa.com.mx/adform/8550001779972208179?click_type=0&pos=2&listingId=8550001779972208179&siteStrategyKey=https%3A%2F%2Fwww.nuroa.com.mx&url=https%253A%252F%252Fwww.icasas.mx%252FaggregatorDetail%253FadId%253D019e6d22-6d13-7664-823c-7d462f79b2f6%2526aggregator%253Dmitula%2526utm_content%253D019e6d22-6d13-7664-823c-7d462f79b2f6_payment&searchType=2&page=1&seo_link_id=1406114696&section=1&t_sec=1&sectionType=1&pageViewId=05cc3b66-1257-44f6-ba84-1928941c65fb&t_pvid=05cc3b66-1257-44f6-ba84-1928941c65fb&userAgent=Mozilla%2F5.0+%28Macintosh%3B+Intel+Mac+OS+X+10_15_7%29+AppleWebKit%2F605.1.15+%28KHTML%2C+like+Gecko%29+Version%2F17.4+Safari%2F605.1.15&browser=1&isHuman=true&userIp=189.226.196.225&what=departamento+azcapotzalco&search_terms=departamento+azcapotzalco&origin=2&t_or=2&splitTestId=0,nuroa,199.98666666666668
16000.0,departamento,Azcapotzalco,Ciudad de México,65.0,2.0,2.0,,https://www.nuroa.com.mx/adform/1970000776257027730?click_type=0&pos=3&listingId=1970000776257027730&siteStrategyKey=https%3A%2F%2Fwww.nuroa.com.mx&url=https%253A%252F%252Fwww.icasas.mx%252FaggregatorDetail%253FadId%253D019d8e85-f70f-715e-b0a7-78228fb4f1e2%2526aggregator%253Dmitula%2526utm_content%253D019d8e85-f70f-715e-b0a7-78228fb4f1e2_payment&searchType=2&page=1&seo_link_id=1406114696&section=1&t_sec=1&sectionType=1&pageViewId=05cc3b66-1257-44f6-ba84-1928941c65fb&t_pvid=05cc3b66-1257-44f6-ba84-1928941c65fb&userAgent=Mozilla%2F5.0+%28Macintosh%3B+Intel+Mac+OS+X+10_15_7%29+AppleWebKit%2F605.1.15+%28KHTML%2C+like+Gecko%29+Version%2F17.4+Safari%2F605.1.15&browser=1&isHuman=true&userIp=189.226.196.225&what=departamento+azcapotzalco&search_terms=departamento+azcapotzalco&origin=2&t_or=2&splitTestId=0,nuroa,246.15384615384616
16000.0,departamento,Azcapotzalco,Ciudad de México,69.0,2.0,2.0,,https://www.nuroa.com.mx/adform/1680000776257027689?click_type=0&pos=4&listingId=1680000776257027689&siteStrategyKey=https%3A%2F%2Fwww.nuroa.com.mx&url=https%253A%252F%252Fwww.icasas.mx%252FaggregatorDetail%253FadId%253D019d8dc7-559a-77e2-b1e7-388c68b36315%2526aggregator%253Dmitula%2526utm_content%253D019d8dc7-559a-77e2-b1e7-388c68b36315_payment&searchType=2&page=1&seo_link_id=1406114696&section=1&t_sec=1&sectionType=1&pageViewId=05cc3b66-1257-44f6-ba84-1928941c65fb&t_pvid=05cc3b66-1257-44f6-ba84-1928941c65fb&userAgent=Mozilla%2F5.0+%28Macintosh%3B+Intel+Mac+OS+X+10_15_7%29+AppleWebKit%2F605.1.15+%28KHTML%2C+like+Gecko%29+Version%2F17.4+Safari%2F605.1.15&browser=1&isHuman=true&userIp=189.226.196.225&what=departamento+azcapotzalco&search_terms=departamento+azcapotzalco&origin=2&t_or=2&splitTestId=0,nuroa,231.8840579710145
11600.0,departamento,Azcapotzalco,Ciudad de México,45.0,2.0,1.0,,https://www.nuroa.com.mx/adform/2410000779107939747?click_type=0&pos=5&listingId=2410000779107939747&siteStrategyKey=https%3A%2F%2Fwww.nuroa.com.mx&url=https%253A%252F%252Fwww.icasas.mx%252FaggregatorDetail%253FadId%253D019e3909-e295-70bb-9d8a-0d05a39cb0f7%2526aggregator%253Dmitula%2526utm_content%253D019e3909-e295-70bb-9d8a-0d05a39cb0f7_payment&searchType=2&page=1&seo_link_id=1406114696&section=1&t_sec=1&sectionType=1&pageViewId=05cc3b66-1257-44f6-ba84-1928941c65fb&t_pvid=05cc3b66-1257-44f6-ba84-1928941c65fb&userAgent=Mozilla%2F5.0+%28Macintosh%3B+Intel+Mac+OS+X+10_15_7%29+AppleWebKit%2F605.1.15+%28KHTML%2C+like+Gecko%29+Version%2F17.4+Safari%2F605.1.15&browser=1&isHuman=true&userIp=189.226.196.225&what=departamento+azcapotzalco&search_terms=departamento+azcapotzalco&origin=2&t_or=2&splitTestId=0,nuroa,257.77777777777777
9000.0,departamento,Azcapotzalco,Ciudad de México,65.0,1.0,1.0,1.0,https://www.nuroa.com.mx/adform/1860000777898119226?click_type=0&pos=6&listingId=1860000777898119226&siteStrategyKey=https%3A%2F%2Fwww.nuroa.com.mx&url=https%253A%252F%252Fwww.icasas.mx%252FaggregatorDetail%253FadId%253D019df0d3-d589-7a38-b824-9159400ce430%2526aggregator%253Dmitula%2526utm_content%253D019df0d3-d589-7a38-b824-9159400ce430_payment&searchType=2&page=1&seo_link_id=1406114696&section=1&t_sec=1&sectionType=1&pageViewId=05cc3b66-1257-44f6-ba84-1928941c65fb&t_pvid=05cc3b66-1257-44f6-ba84-1928941c65fb&userAgent=Mozilla%2F5.0+%28Macintosh%3B+Intel+Mac+OS+X+10_15_7%29+AppleWebKit%2F605.1.15+%28KHTML%2C+like+Gecko%29+Version%2F17.4+Safari%2F605.1.15&browser=1&isHuman=true&userIp=189.226.196.225&what=departamento+azcapotzalco&search_terms=departamento+azcapotzalco&origin=2&t_or=2&splitTestId=0,nuroa,138.46153846153845
18500.0,departamento,Azcapotzalco,Ciudad de México,105.0,3.0,2.0,1.0,https://www.nuroa.com.mx/adform/7680000769344755426?click_type=0&pos=7&listingId=7680000769344755426&siteStrategyKey=https%3A%2F%2Fwww.nuroa.com.mx&url=https%253A%252F%252Fwww.icasas.mx%252FaggregatorDetail%253FadId%253D019bf237-7e17-701c-8bb4-29b2e9beed2b%2526aggregator%253Dmitula%2526utm_content%253D019bf237-7e17-701c-8bb4-29b2e9beed2b_payment&searchType=2&page=1&seo_link_id=1406114696&section=1&t_sec=1&sectionType=1&pageViewId=05cc3b66-1257-44f6-ba84-1928941c65fb&t_pvid=05cc3b66-1257-44f6-ba84-1928941c65fb&userAgent=Mozilla%2F5.0+%28Macintosh%3B+Intel+Mac+OS+X+10_15_7%29+AppleWebKit%2F605.1.15+%28KHTML%2C+like+Gecko%29+Version%2F17.4+Safari%2F605.1.15&browser=1&isHuman=true&userIp=189.226.196.225&what=departamento+azcapotzalco&search_terms=departamento+azcapotzalco&origin=2&t_or=2&splitTestId=0,nuroa,176.1904761904762
8500.0,departamento,Azcapotzalco,Ciudad de México,60.0,3.0,1.0,1.0,https://www.nuroa.com.mx/adform/1460000781354159104?click_type=0&pos=8&listingId=1460000781354159104&siteStrategyKey=https%3A%2F%2Fwww.nuroa.com.mx&url=https%253A%252F%252Fwww.icasas.mx%252FaggregatorDetail%253FadId%253D019ebf2a-e3db-75d8-9467-2706eb5aef54%2526aggregator%253Dmitula%2526utm_content%253D019ebf2a-e3db-75d8-9467-2706eb5aef54_payment&searchType=2&page=1&seo_link_id=1406114696&section=1&t_sec=1&sectionType=1&pageViewId=05cc3b66-1257-44f6-ba84-1928941c65fb&t_pvid=05cc3b66-1257-44f6-ba84-1928941c65fb&userAgent=Mozilla%2F5.0+%28Macintosh%3B+Intel+Mac+OS+X+10_15_7%29+AppleWebKit%2F605.1.15+%28KHTML%2C+like+Gecko%29+Version%2F17.4+Safari%2F605.1.15&browser=1&isHuman=true&userIp=189.226.196.225&what=departamento+azcapotzalco&search_terms=departamento+azcapotzalco&origin=2&t_or=2&splitTestId=0,nuroa,141.66666666666666
15000.0,departamento,Azcapotzalco,Ciudad de México,97.0,2.0,1.0,,https://www.nuroa.com.mx/adform/2740000780404247871?click_type=0&pos=9&listingId=2740000780404247871&siteStrategyKey=https%3A%2F%2Fwww.nuroa.com.mx&url=https%253A%252F%252Fwww.icasas.mx%252FaggregatorDetail%253FadId%253Db816b42a-2e4b-4893-864d-c577ab63b16e%2526aggregator%253Dmitula%2526utm_content%253Db816b42a-2e4b-4893-864d-c577ab63b16e_payment&searchType=2&page=1&seo_link_id=1406114696&section=1&t_sec=1&sectionType=1&pageViewId=05cc3b66-1257-44f6-ba84-1928941c65fb&t_pvid=05cc3b66-1257-44f6-ba84-1928941c65fb&userAgent=Mozilla%2F5.0+%28Macintosh%3B+Intel+Mac+OS+X+10_15_7%29+AppleWebKit%2F605.1.15+%28KHTML%2C+like+Gecko%29+Version%2F17.4+Safari%2F605.1.15&browser=1&isHuman=true&userIp=189.226.196.225&what=departamento+azcapotzalco&search_terms=departamento+azcapotzalco&origin=2&t_or=2&splitTestId=0,nuroa,154.63917525773195
6500.0,departamento,Azcapotzalco,Ciudad de México,12.0,1.0,3.0,,https://www.nuroa.com.mx/adform/8630000778589560401?click_type=0&pos=12&listingId=8630000778589560401&siteStrategyKey=https%3A%2F%2Fwww.nuroa.com.mx&url=https%253A%252F%252Fwww.icasas.mx%252FaggregatorDetail%253FadId%253D019e19d3-f21f-7425-9486-9e76ea64b7eb%2526aggregator%253Dmitula%2526utm_content%253D019e19d3-f21f-7425-9486-9e76ea64b7eb_payment&searchType=2&page=1&seo_link_id=1406114696&section=1&t_sec=1&sectionType=1&pageViewId=05cc3b66-1257-44f6-ba84-1928941c65fb&t_pvid=05cc3b66-1257-44f6-ba84-1928941c65fb&userAgent=Mozilla%2F5.0+%28Macintosh%3B+Intel+Mac+OS+X+10_15_7%29+AppleWebKit%2F605.1.15+%28KHTML%2C+like+Gecko%29+Version%2F17.4+Safari%2F605.1.15&browser=1&isHuman=true&userIp=189.226.196.225&what=departamento+azcapotzalco&search_terms=departamento+azcapotzalco&origin=2&t_or=2&splitTestId=0,nuroa,541.6666666666666
12500.0,departamento,Azcapotzalco,Ciudad de México,65.0,3.0,1.0,,https://www.nuroa.com.mx/adform/6270000779799172666?click_type=0&pos=13&listingId=6270000779799172666&siteStrategyKey=https%3A%2F%2Fwww.nuroa.com.mx&url=https%253A%252F%252Fwww.icasas.mx%252FaggregatorDetail%253FadId%253D019e6290-940b-703c-925d-73546a812352%2526aggregator%253Dmitula%2526utm_content%253D019e6290-940b-703c-925d-73546a812352_payment&searchType=2&page=1&seo_link_id=1406114696&section=1&t_sec=1&sectionType=1&pageViewId=05cc3b66-1257-44f6-ba84-1928941c65fb&t_pvid=05cc3b66-1257-44f6-ba84-1928941c65fb&userAgent=Mozilla%2F5.0+%28Macintosh%3B+Intel+Mac+OS+X+10_15_7%29+AppleWebKit%2F605.1.15+%28KHTML%2C+like+Gecko%29+Version%2F17.4+Safari%2F605.1.15&browser=1&isHuman=true&userIp=189.226.196.225&what=departamento+azcapotzalco&search_terms=departamento+azcapotzalco&origin=2&t_or=2&splitTestId=0,nuroa,192.30769230769232
25000.0,departamento,Azcapotzalco,Ciudad de México,50.0,2.0,1.0,1.0,https://www.nuroa.com.mx/adform/7060000781008798835?click_type=0&pos=14&listingId=7060000781008798835&siteStrategyKey=https%3A%2F%2Fwww.nuroa.com.mx&url=https%253A%252F%252Fwww.icasas.mx%252FaggregatorDetail%253FadId%253D019e7041-cd85-7799-aa5a-de1152aa1b0c%2526aggregator%253Dmitula%2526utm_content%253D019e7041-cd85-7799-aa5a-de1152aa1b0c_payment&searchType=2&page=1&seo_link_id=1406114696&section=1&t_sec=1&sectionType=1&pageViewId=05cc3b66-1257-44f6-ba84-1928941c65fb&t_pvid=05cc3b66-1257-44f6-ba84-1928941c65fb&userAgent=Mozilla%2F5.0+%28Macintosh%3B+Intel+Mac+OS+X+10_15_7%29+AppleWebKit%2F605.1.15+%28KHTML%2C+like+Gecko%29+Version%2F17.4+Safari%2F605.1.15&browser=1&isHuman=true&userIp=189.226.196.225&what=departamento+azcapotzalco&search_terms=departamento+azcapotzalco&origin=2&t_or=2&splitTestId=0,nuroa,500.0
12000.0,departamento,Azcapotzalco,Ciudad de México,65.0,2.0,1.0,1.0,https://www.nuroa.com.mx/adform/3710000779907207121?click_type=0&pos=15&listingId=3710000779907207121&siteStrategyKey=https%3A%2F%2Fwww.nuroa.com.mx&url=https%253A%252F%252Fwww.icasas.mx%252FaggregatorDetail%253FadId%253D09dd52ac-892f-48a6-ba16-25c634ebd133%2526aggregator%253Dmitula%2526utm_content%253D09dd52ac-892f-48a6-ba16-25c634ebd133_payment&searchType=2&page=1&seo_link_id=1406114696&section=1&t_sec=1&sectionType=1&pageViewId=05cc3b66-1257-44f6-ba84-1928941c65fb&t_pvid=05cc3b66-1257-44f6-ba84-1928941c65fb&userAgent=Mozilla%2F5.0+%28Macintosh%3B+Intel+Mac+OS+X+10_15_7%29+AppleWebKit%2F605.1.15+%28KHTML%2C+like+Gecko%29+Version%2F17.4+Safari%2F605.1.15&browser=1&isHuman=true&userIp=189.226.196.225&what=departamento+azcapotzalco&search_terms=departamento+azcapotzalco&origin=2&t_or=2&splitTestId=0,nuroa,184.6153846153846
17800.0,departamento,Azcapotzalco,Ciudad de México,50.0,2.0,2.0,,https://www.nuroa.com.mx/adform/7980000779280918857?click_type=0&pos=16&listingId=7980000779280918857&siteStrategyKey=https%3A%2F%2Fwww.nuroa.com.mx&url=https%253A%252F%252Fwww.icasas.mx%252FaggregatorDetail%253FadId%253D019e4189-eb87-7827-bf48-90d1f8bf263f%2526aggregator%253Dmitula%2526utm_content%253D019e4189-eb87-7827-bf48-90d1f8bf263f_payment&searchType=2&page=1&seo_link_id=1406114696&section=1&t_sec=1&sectionType=1&pageViewId=05cc3b66-1257-44f6-ba84-1928941c65fb&t_pvid=05cc3b66-1257-44f6-ba84-1928941c65fb&userAgent=Mozilla%2F5.0+%28Macintosh%3B+Intel+Mac+OS+X+10_15_7%29+AppleWebKit%2F605.1.15+%28KHTML%2C+like+Gecko%29+Version%2F17.4+Safari%2F605.1.15&browser=1&isHuman=true&userIp=189.226.196.225&what=departamento+azcapotzalco&search_terms=departamento+azcapotzalco&origin=2&t_or=2&splitTestId=0,nuroa,356.0
33000.0,departamento,Azcapotzalco,Ciudad de México,55.0,1.0,1.0,,https://www.nuroa.com.mx/adform/1970000780058275840?click_type=0&pos=17&listingId=1970000780058275840&siteStrategyKey=https%3A%2F%2Fwww.nuroa.com.mx&url=https%253A%252F%252Fwww.icasas.mx%252FaggregatorDetail%253FadId%253D019e71f8-ae87-7cd9-bb4f-795b60fb1d8e%2526aggregator%253Dmitula%2526utm_content%253D019e71f8-ae87-7cd9-bb4f-795b60fb1d8e_payment&searchType=2&page=1&seo_link_id=1406114696&section=1&t_sec=1&sectionType=1&pageViewId=05cc3b66-1257-44f6-ba84-1928941c65fb&t_pvid=05cc3b66-1257-44f6-ba84-1928941c65fb&userAgent=Mozilla%2F5.0+%28Macintosh%3B+Intel+Mac+OS+X+10_15_7%29+AppleWebKit%2F605.1.15+%28KHTML%2C+like+Gecko%29+Version%2F17.4+Safari%2F605.1.15&browser=1&isHuman=true&userIp=189.226.196.225&what=departamento+azcapotzalco&search_terms=departamento+azcapotzalco&origin=2&t_or=2&splitTestId=0,nuroa,600.0
6100.0,departamento,Azcapotzalco,Ciudad de México,32.0,1.0,1.0,,https://www.nuroa.com.mx/adform/6880000778157512557?click_type=0&pos=18&listingId=6880000778157512557&siteStrategyKey=https%3A%2F%2Fwww.nuroa.com.mx&url=https%253A%252F%252Fwww.icasas.mx%252FaggregatorDetail%253FadId%253D33c2f65e-5ffd-4b6b-a33c-b1e821bc93ed%2526aggregator%253Dmitula%2526utm_content%253D33c2f65e-5ffd-4b6b-a33c-b1e821bc93ed_payment&searchType=2&page=1&seo_link_id=1406114696&section=1&t_sec=1&sectionType=1&pageViewId=05cc3b66-1257-44f6-ba84-1928941c65fb&t_pvid=05cc3b66-1257-44f6-ba84-1928941c65fb&userAgent=Mozilla%2F5.0+%28Macintosh%3B+Intel+Mac+OS+X+10_15_7%29+AppleWebKit%2F605.1.15+%28KHTML%2C+like+Gecko%29+Version%2F17.4+Safari%2F605.1.15&browser=1&isHuman=true&userIp=189.226.196.225&what=departamento+azcapotzalco&search_terms=departamento+azcapotzalco&origin=2&t_or=2&splitTestId=0,nuroa,190.625
15500.0,departamento,Azcapotzalco,Ciudad de México,69.0,1.0,1.0,,https://www.nuroa.com.mx/adform/2600000779734304583?click_type=0&pos=19&listingId=2600000779734304583&siteStrategyKey=https%3A%2F%2Fwww.nuroa.com.mx&url=https%253A%252F%252Fwww.icasas.mx%252FaggregatorDetail%253FadId%253D019e5f27-709d-7deb-a6f8-459173067cce%2526aggregator%253Dmitula%2526utm_content%253D019e5f27-709d-7deb-a6f8-459173067cce_payment&searchType=2&page=1&seo_link_id=1406114696&section=1&t_sec=1&sectionType=1&pageViewId=05cc3b66-1257-44f6-ba84-1928941c65fb&t_pvid=05cc3b66-1257-44f6-ba84-1928941c65fb&userAgent=Mozilla%2F5.0+%28Macintosh%3B+Intel+Mac+OS+X+10_15_7%29+AppleWebKit%2F605.1.15+%28KHTML%2C+like+Gecko%29+Version%2F17.4+Safari%2F605.1.15&browser=1&isHuman=true&userIp=189.226.196.225&what=departamento+azcapotzalco&search_terms=departamento+azcapotzalco&origin=2&t_or=2&splitTestId=0,nuroa,224.63768115942028
29000.0,departamento,Azcapotzalco,Ciudad de México,69.0,2.0,1.0,,https://www.nuroa.com.mx/adform/4800000779885849710?click_type=0&pos=20&listingId=4800000779885849710&siteStrategyKey=https%3A%2F%2Fwww.nuroa.com.mx&url=https%253A%252F%252Fwww.icasas.mx%252FaggregatorDetail%253FadId%253D019e679a-a855-742d-af09-43ceb5cd24f4%2526aggregator%253Dmitula%2526utm_content%253D019e679a-a855-742d-af09-43ceb5cd24f4_payment&searchType=2&page=1&seo_link_id=1406114696&section=1&t_sec=1&sectionType=1&pageViewId=05cc3b66-1257-44f6-ba84-1928941c65fb&t_pvid=05cc3b66-1257-44f6-ba84-1928941c65fb&userAgent=Mozilla%2F5.0+%28Macintosh%3B+Intel+Mac+OS+X+10_15_7%29+AppleWebKit%2F605.1.15+%28KHTML%2C+like+Gecko%29+Version%2F17.4+Safari%2F605.1.15&browser=1&isHuman=true&userIp=189.226.196.225&what=departamento+azcapotzalco&search_terms=departamento+azcapotzalco&origin=2&t_or=2&splitTestId=0,nuroa,420.28985507246375
16700.0,departamento,Azcapotzalco,Ciudad de México,37.0,1.0,1.0,1.0,https://www.nuroa.com.mx/adform/5740000778935307447?click_type=0&pos=21&listingId=5740000778935307447&siteStrategyKey=https%3A%2F%2Fwww.nuroa.com.mx&url=https%253A%252F%252Fwww.icasas.mx%252FaggregatorDetail%253FadId%253D019e2f00-7ffe-7e83-849d-dedf9bae5931%2526aggregator%253Dmitula%2526utm_content%253D019e2f00-7ffe-7e83-849d-dedf9bae5931_payment&searchType=2&page=1&seo_link_id=1406114696&section=1&t_sec=1&sectionType=1&pageViewId=05cc3b66-1257-44f6-ba84-1928941c65fb&t_pvid=05cc3b66-1257-44f6-ba84-1928941c65fb&userAgent=Mozilla%2F5.0+%28Macintosh%3B+Intel+Mac+OS+X+10_15_7%29+AppleWebKit%2F605.1.15+%28KHTML%2C+like+Gecko%29+Version%2F17.4+Safari%2F605.1.15&browser=1&isHuman=true&userIp=189.226.196.225&what=departamento+azcapotzalco&search_terms=departamento+azcapotzalco&origin=2&t_or=2&splitTestId=0,nuroa,451.35135135135135
34000.0,departamento,Azcapotzalco,Ciudad de México,55.0,1.0,1.0,,https://www.nuroa.com.mx/adform/7170000775932935896?click_type=0&pos=22&listingId=7170000775932935896&siteStrategyKey=https%3A%2F%2Fwww.nuroa.com.mx&url=https%253A%252F%252Fwww.icasas.mx%252FaggregatorDetail%253FadId%253D019d7b54-92bc-7244-bc08-c7b52ce41239%2526aggregator%253Dmitula%2526utm_content%253D019d7b54-92bc-7244-bc08-c7b52ce41239_payment&searchType=2&page=1&seo_link_id=1406114696&section=1&t_sec=1&sectionType=1&pageViewId=05cc3b66-1257-44f6-ba84-1928941c65fb&t_pvid=05cc3b66-1257-44f6-ba84-1928941c65fb&userAgent=Mozilla%2F5.0+%28Macintosh%3B+Intel+Mac+OS+X+10_15_7%29+AppleWebKit%2F605.1.15+%28KHTML%2C+like+Gecko%29+Version%2F17.4+Safari%2F605.1.15&browser=1&isHuman=true&userIp=189.226.196.225&what=departamento+azcapotzalco&search_terms=departamento+azcapotzalco&origin=2&t_or=2&splitTestId=0,nuroa,618.1818181818181
55000.0,departamento,Azcapotzalco,Ciudad de México,78.0,1.0,1.0,,https://www.nuroa.com.mx/adform/3970000775932935469?click_type=0&pos=23&listingId=3970000775932935469&siteStrategyKey=https%3A%2F%2Fwww.nuroa.com.mx&url=https%253A%252F%252Fwww.icasas.mx%252FaggregatorDetail%253FadId%253D019d7ab5-ef00-7d72-85a9-57e395d7c009%2526aggregator%253Dmitula%2526utm_content%253D019d7ab5-ef00-7d72-85a9-57e395d7c009_payment&searchType=2&page=1&seo_link_id=1406114696&section=1&t_sec=1&sectionType=1&pageViewId=05cc3b66-1257-44f6-ba84-1928941c65fb&t_pvid=05cc3b66-1257-44f6-ba84-1928941c65fb&userAgent=Mozilla%2F5.0+%28Macintosh%3B+Intel+Mac+OS+X+10_15_7%29+AppleWebKit%2F605.1.15+%28KHTML%2C+like+Gecko%29+Version%2F17.4+Safari%2F605.1.15&browser=1&isHuman=true&userIp=189.226.196.225&what=departamento+azcapotzalco&search_terms=departamento+azcapotzalco&origin=2&t_or=2&splitTestId=0,nuroa,705.1282051282051
17400.0,departamento,Azcapotzalco,Ciudad de México,70.0,2.0,2.0,1.0,https://www.nuroa.com.mx/adform/8730000781527210617?click_type=1&pos=3&listingId=8730000781527210617&siteStrategyKey=https%3A%2F%2Fwww.nuroa.com.mx&url=https%253A%252F%252Fwww.icasas.mx%252FaggregatorDetail%253FadId%253D019ec934-6afe-77db-8b41-514c64c1feb4%2526aggregator%253Dmitula%2526utm_content%253D019ec934-6afe-77db-8b41-514c64c1feb4_payment&searchType=2&page=1&seo_link_id=1406114696&section=27&t_sec=27&sectionType=2&pageViewId=05cc3b66-1257-44f6-ba84-1928941c65fb&t_pvid=05cc3b66-1257-44f6-ba84-1928941c65fb&userAgent=Mozilla%2F5.0+%28Macintosh%3B+Intel+Mac+OS+X+10_15_7%29+AppleWebKit%2F605.1.15+%28KHTML%2C+like+Gecko%29+Version%2F17.4+Safari%2F605.1.15&browser=1&isHuman=true&userIp=189.226.196.225&what=departamento+azcapotzalco&search_terms=departamento+azcapotzalco&origin=2&t_or=2&splitTestId=0,nuroa,248.57142857142858
13300.0,departamento,Azcapotzalco,Ciudad de México,62.0,2.0,2.0,1.0,https://www.nuroa.com.mx/conversion/organic/departamento-azcapotzalco/2/1/rentumo?siteId=411993&clickType=organic&redirectUrl=https%3A%2F%2Fwww.nuroa.com.mx%2Fproperty%2F4730003781354182409%3Fclick_type%3D0%26pos%3D1%26listingId%3D4730003781354182409%26siteStrategyKey%3Dnuroa.com.mx%26url%3Dhttps%25253A%25252F%25252Frentumo.mx%25252Flistados%25252Fdepartamento-en-renta-en-colonia-del-gas-azcapotzalco-cdmx-60346%26searchType%3D2%26page%3D2%26seo_link_id%3D1406114696%26section%3D1%26t_sec%3D1%26sectionType%3D1%26pageViewId%3D1e9fb580-bb05-41ed-a564-e6b79bfec9ed%26t_pvid%3D1e9fb580-bb05-41ed-a564-e6b79bfec9ed%26userAgent%3DMozilla%252F5.0%2B%2528X11%253B%2BLinux%2Bx86_64%253B%2Brv%253A125.0%2529%2BGecko%252F20100101%2BFirefox%252F125.0%26browser%3D1%26isHuman%3Dtrue%26userIp%3D189.226.196.225%26what%3Ddepartamento%2Bazcapotzalco%26search_terms%3Ddepartamento%2Bazcapotzalco%26origin%3D2%26t_or%3D2%26splitTestId%3D0%26detailPageUrl%3Dhttps%25253A%25252F%25252Fwww.nuroa.com.mx%25252Fadclickdetail%25252F4730003781354182409%25253Fclick_type%25253D0%252526pos%25253D1%252526listingId%25253D4730003781354182409%252526siteStrategyKey%25253Dhttps%2525253A%2525252F%2525252Fwww.nuroa.com.mx%252526url%25253Dhttps%252525253A%252525252F%252525252Frentumo.mx%252525252Flistados%252525252Fdepartamento-en-renta-en-colonia-del-gas-azcapotzalco-cdmx-60346%252526searchType%25253D2%252526page%25253D2%252526seo_link_id%25253D1406114696%252526section%25253D1%252526t_sec%25253D1%252526sectionType%25253D1%252526pageViewId%25253D1e9fb580-bb05-41ed-a564-e6b79bfec9ed%252526t_pvid%25253D1e9fb580-bb05-41ed-a564-e6b79bfec9ed%252526userAgent%25253DMozilla%2525252F5.0%25252B%25252528X11%2525253B%25252BLinux%25252Bx86_64%2525253B%25252Brv%2525253A125.0%25252529%25252BGecko%2525252F20100101%25252BFirefox%2525252F125.0%252526browser%25253D1%252526isHuman%25253Dtrue%252526userIp%25253D189.226.196.225%252526what%25253Ddepartamento%25252Bazcapotzalco%252526search_terms%25253Ddepartamento%25252Bazcapotzalco%252526origin%25253D2%252526t_or%25253D2%252526splitTestId%25253D0%252526clickin%25253Dfalse,nuroa,214.51612903225808
13800.0,departamento,Azcapotzalco,Ciudad de México,48.0,2.0,1.0,1.0,https://www.nuroa.com.mx/conversion/organic/departamento-azcapotzalco/2/2/rentumo?siteId=411993&clickType=organic&redirectUrl=https%3A%2F%2Fwww.nuroa.com.mx%2Fproperty%2F9070003781202891669%3Fclick_type%3D0%26pos%3D2%26listingId%3D9070003781202891669%26siteStrategyKey%3Dnuroa.com.mx%26url%3Dhttps%25253A%25252F%25252Frentumo.mx%25252Flistados%25252Fdepartamento-en-renta-cerca-de-arena-ciudad-de-mexico-azcapotzalco-cdmx-67578%26searchType%3D2%26page%3D2%26seo_link_id%3D1406114696%26section%3D1%26t_sec%3D1%26sectionType%3D1%26pageViewId%3D1e9fb580-bb05-41ed-a564-e6b79bfec9ed%26t_pvid%3D1e9fb580-bb05-41ed-a564-e6b79bfec9ed%26userAgent%3DMozilla%252F5.0%2B%2528X11%253B%2BLinux%2Bx86_64%253B%2Brv%253A125.0%2529%2BGecko%252F20100101%2BFirefox%252F125.0%26browser%3D1%26isHuman%3Dtrue%26userIp%3D189.226.196.225%26what%3Ddepartamento%2Bazcapotzalco%26search_terms%3Ddepartamento%2Bazcapotzalco%26origin%3D2%26t_or%3D2%26splitTestId%3D0%26detailPageUrl%3Dhttps%25253A%25252F%25252Fwww.nuroa.com.mx%25252Fadclickdetail%25252F9070003781202891669%25253Fclick_type%25253D0%252526pos%25253D2%252526listingId%25253D9070003781202891669%252526siteStrategyKey%25253Dhttps%2525253A%2525252F%2525252Fwww.nuroa.com.mx%252526url%25253Dhttps%252525253A%252525252F%252525252Frentumo.mx%252525252Flistados%252525252Fdepartamento-en-renta-cerca-de-arena-ciudad-de-mexico-azcapotzalco-cdmx-67578%252526searchType%25253D2%252526page%25253D2%252526seo_link_id%25253D1406114696%252526section%25253D1%252526t_sec%25253D1%252526sectionType%25253D1%252526pageViewId%25253D1e9fb580-bb05-41ed-a564-e6b79bfec9ed%252526t_pvid%25253D1e9fb580-bb05-41ed-a564-e6b79bfec9ed%252526userAgent%25253DMozilla%2525252F5.0%25252B%25252528X11%2525253B%25252BLinux%25252Bx86_64%2525253B%25252Brv%2525253A125.0%25252529%25252BGecko%2525252F20100101%25252BFirefox%2525252F125.0%252526browser%25253D1%252526isHuman%25253Dtrue%252526userIp%25253D189.226.196.225%252526what%25253Ddepartamento%25252Bazcapotzalco%252526search_terms%25253Ddepartamento%25252Bazcapotzalco%252526origin%25253D2%252526t_or%25253D2%252526splitTestId%25253D0%252526clickin%25253Dfalse,nuroa,287.5
13500.0,departamento,Azcapotzalco,Ciudad de México,47.0,2.0,1.0,,https://www.nuroa.com.mx/conversion/organic/departamento-azcapotzalco/2/3/rentumo?siteId=411993&clickType=organic&redirectUrl=https%3A%2F%2Fwww.nuroa.com.mx%2Fproperty%2F1550003780922388074%3Fclick_type%3D0%26pos%3D3%26listingId%3D1550003780922388074%26siteStrategyKey%3Dnuroa.com.mx%26url%3Dhttps%25253A%25252F%25252Frentumo.mx%25252Flistados%25252Fse-renta-departamento-av-aquiles-serdan-66615%26searchType%3D2%26page%3D2%26seo_link_id%3D1406114696%26section%3D1%26t_sec%3D1%26sectionType%3D1%26pageViewId%3D1e9fb580-bb05-41ed-a564-e6b79bfec9ed%26t_pvid%3D1e9fb580-bb05-41ed-a564-e6b79bfec9ed%26userAgent%3DMozilla%252F5.0%2B%2528X11%253B%2BLinux%2Bx86_64%253B%2Brv%253A125.0%2529%2BGecko%252F20100101%2BFirefox%252F125.0%26browser%3D1%26isHuman%3Dtrue%26userIp%3D189.226.196.225%26what%3Ddepartamento%2Bazcapotzalco%26search_terms%3Ddepartamento%2Bazcapotzalco%26origin%3D2%26t_or%3D2%26splitTestId%3D0%26detailPageUrl%3Dhttps%25253A%25252F%25252Fwww.nuroa.com.mx%25252Fadclickdetail%25252F1550003780922388074%25253Fclick_type%25253D0%252526pos%25253D3%252526listingId%25253D1550003780922388074%252526siteStrategyKey%25253Dhttps%2525253A%2525252F%2525252Fwww.nuroa.com.mx%252526url%25253Dhttps%252525253A%252525252F%252525252Frentumo.mx%252525252Flistados%252525252Fse-renta-departamento-av-aquiles-serdan-66615%252526searchType%25253D2%252526page%25253D2%252526seo_link_id%25253D1406114696%252526section%25253D1%252526t_sec%25253D1%252526sectionType%25253D1%252526pageViewId%25253D1e9fb580-bb05-41ed-a564-e6b79bfec9ed%252526t_pvid%25253D1e9fb580-bb05-41ed-a564-e6b79bfec9ed%252526userAgent%25253DMozilla%2525252F5.0%25252B%25252528X11%2525253B%25252BLinux%25252Bx86_64%2525253B%25252Brv%2525253A125.0%25252529%25252BGecko%2525252F20100101%25252BFirefox%2525252F125.0%252526browser%25253D1%252526isHuman%25253Dtrue%252526userIp%25253D189.226.196.225%252526what%25253Ddepartamento%25252Bazcapotzalco%252526search_terms%25253Ddepartamento%25252Bazcapotzalco%252526origin%25253D2%252526t_or%25253D2%252526splitTestId%25253D0%252526clickin%25253Dfalse,nuroa,287.2340425531915
17000.0,departamento,Azcapotzalco,Ciudad de México,59.0,2.0,1.0,,https://www.nuroa.com.mx/conversion/organic/departamento-azcapotzalco/2/4/rentumo?siteId=411993&clickType=organic&redirectUrl=https%3A%2F%2Fwww.nuroa.com.mx%2Fproperty%2F9040003781202891664%3Fclick_type%3D0%26pos%3D4%26listingId%3D9040003781202891664%26siteStrategyKey%3Dnuroa.com.mx%26url%3Dhttps%25253A%25252F%25252Frentumo.mx%25252Flistados%25252Fdepartamento-en-renta-nuevo-obrero-popular-azcapotzalco-67576%26searchType%3D2%26page%3D2%26seo_link_id%3D1406114696%26section%3D1%26t_sec%3D1%26sectionType%3D1%26pageViewId%3D1e9fb580-bb05-41ed-a564-e6b79bfec9ed%26t_pvid%3D1e9fb580-bb05-41ed-a564-e6b79bfec9ed%26userAgent%3DMozilla%252F5.0%2B%2528X11%253B%2BLinux%2Bx86_64%253B%2Brv%253A125.0%2529%2BGecko%252F20100101%2BFirefox%252F125.0%26browser%3D1%26isHuman%3Dtrue%26userIp%3D189.226.196.225%26what%3Ddepartamento%2Bazcapotzalco%26search_terms%3Ddepartamento%2Bazcapotzalco%26origin%3D2%26t_or%3D2%26splitTestId%3D0%26detailPageUrl%3Dhttps%25253A%25252F%25252Fwww.nuroa.com.mx%25252Fadclickdetail%25252F9040003781202891664%25253Fclick_type%25253D0%252526pos%25253D4%252526listingId%25253D9040003781202891664%252526siteStrategyKey%25253Dhttps%2525253A%2525252F%2525252Fwww.nuroa.com.mx%252526url%25253Dhttps%252525253A%252525252F%252525252Frentumo.mx%252525252Flistados%252525252Fdepartamento-en-renta-nuevo-obrero-popular-azcapotzalco-67576%252526searchType%25253D2%252526page%25253D2%252526seo_link_id%25253D1406114696%252526section%25253D1%252526t_sec%25253D1%252526sectionType%25253D1%252526pageViewId%25253D1e9fb580-bb05-41ed-a564-e6b79bfec9ed%252526t_pvid%25253D1e9fb580-bb05-41ed-a564-e6b79bfec9ed%252526userAgent%25253DMozilla%2525252F5.0%25252B%25252528X11%2525253B%25252BLinux%25252Bx86_64%2525253B%25252Brv%2525253A125.0%25252529%25252BGecko%2525252F20100101%25252BFirefox%2525252F125.0%252526browser%25253D1%252526isHuman%25253Dtrue%252526userIp%25253D189.226.196.225%252526what%25253Ddepartamento%25252Bazcapotzalco%252526search_terms%25253Ddepartamento%25252Bazcapotzalco%252526origin%25253D2%252526t_or%25253D2%252526splitTestId%25253D0%252526clickin%25253Dfalse,nuroa,288.135593220339
13500.0,departamento,Azcapotzalco,Ciudad de México,49.0,2.0,1.0,,https://www.nuroa.com.mx/conversion/organic/departamento-azcapotzalco/2/5/rentumo?siteId=411993&clickType=organic&redirectUrl=https%3A%2F%2Fwww.nuroa.com.mx%2Fproperty%2F3510003781354184558%3Fclick_type%3D0%26pos%3D5%26listingId%3D3510003781354184558%26siteStrategyKey%3Dnuroa.com.mx%26url%3Dhttps%25253A%25252F%25252Frentumo.mx%25252Flistados%25252Fdepartamento-en-renta-67870%26searchType%3D2%26page%3D2%26seo_link_id%3D1406114696%26section%3D1%26t_sec%3D1%26sectionType%3D1%26pageViewId%3D1e9fb580-bb05-41ed-a564-e6b79bfec9ed%26t_pvid%3D1e9fb580-bb05-41ed-a564-e6b79bfec9ed%26userAgent%3DMozilla%252F5.0%2B%2528X11%253B%2BLinux%2Bx86_64%253B%2Brv%253A125.0%2529%2BGecko%252F20100101%2BFirefox%252F125.0%26browser%3D1%26isHuman%3Dtrue%26userIp%3D189.226.196.225%26what%3Ddepartamento%2Bazcapotzalco%26search_terms%3Ddepartamento%2Bazcapotzalco%26origin%3D2%26t_or%3D2%26splitTestId%3D0%26detailPageUrl%3Dhttps%25253A%25252F%25252Fwww.nuroa.com.mx%25252Fadclickdetail%25252F3510003781354184558%25253Fclick_type%25253D0%252526pos%25253D5%252526listingId%25253D3510003781354184558%252526siteStrategyKey%25253Dhttps%2525253A%2525252F%2525252Fwww.nuroa.com.mx%252526url%25253Dhttps%252525253A%252525252F%252525252Frentumo.mx%252525252Flistados%252525252Fdepartamento-en-renta-67870%252526searchType%25253D2%252526page%25253D2%252526seo_link_id%25253D1406114696%252526section%25253D1%252526t_sec%25253D1%252526sectionType%25253D1%252526pageViewId%25253D1e9fb580-bb05-41ed-a564-e6b79bfec9ed%252526t_pvid%25253D1e9fb580-bb05-41ed-a564-e6b79bfec9ed%252526userAgent%25253DMozilla%2525252F5.0%25252B%25252528X11%2525253B%25252BLinux%25252Bx86_64%2525253B%25252Brv%2525253A125.0%25252529%25252BGecko%2525252F20100101%25252BFirefox%2525252F125.0%252526browser%25253D1%252526isHuman%25253Dtrue%252526userIp%25253D189.226.196.225%252526what%25253Ddepartamento%25252Bazcapotzalco%252526search_terms%25253Ddepartamento%25252Bazcapotzalco%252526origin%25253D2%252526t_or%25253D2%252526splitTestId%25253D0%252526clickin%25253Dfalse,nuroa,275.51020408163265
16000.0,departamento,Azcapotzalco,Ciudad de México,53.0,2.0,2.0,,https://www.nuroa.com.mx/conversion/organic/departamento-azcapotzalco/2/6/rentumo?siteId=411993&clickType=organic&redirectUrl=https%3A%2F%2Fwww.nuroa.com.mx%2Fproperty%2F7400003780684495781%3Fclick_type%3D0%26pos%3D6%26listingId%3D7400003780684495781%26siteStrategyKey%3Dnuroa.com.mx%26url%3Dhttps%25253A%25252F%25252Frentumo.mx%25252Flistados%25252Fdepartamento-en-renta-eje-3-nte-nueva-santa-maria-azcapotzalco-cdmx-66521%26searchType%3D2%26page%3D2%26seo_link_id%3D1406114696%26section%3D1%26t_sec%3D1%26sectionType%3D1%26pageViewId%3D1e9fb580-bb05-41ed-a564-e6b79bfec9ed%26t_pvid%3D1e9fb580-bb05-41ed-a564-e6b79bfec9ed%26userAgent%3DMozilla%252F5.0%2B%2528X11%253B%2BLinux%2Bx86_64%253B%2Brv%253A125.0%2529%2BGecko%252F20100101%2BFirefox%252F125.0%26browser%3D1%26isHuman%3Dtrue%26userIp%3D189.226.196.225%26what%3Ddepartamento%2Bazcapotzalco%26search_terms%3Ddepartamento%2Bazcapotzalco%26origin%3D2%26t_or%3D2%26splitTestId%3D0%26detailPageUrl%3Dhttps%25253A%25252F%25252Fwww.nuroa.com.mx%25252Fadclickdetail%25252F7400003780684495781%25253Fclick_type%25253D0%252526pos%25253D6%252526listingId%25253D7400003780684495781%252526siteStrategyKey%25253Dhttps%2525253A%2525252F%2525252Fwww.nuroa.com.mx%252526url%25253Dhttps%252525253A%252525252F%252525252Frentumo.mx%252525252Flistados%252525252Fdepartamento-en-renta-eje-3-nte-nueva-santa-maria-azcapotzalco-cdmx-66521%252526searchType%25253D2%252526page%25253D2%252526seo_link_id%25253D1406114696%252526section%25253D1%252526t_sec%25253D1%252526sectionType%25253D1%252526pageViewId%25253D1e9fb580-bb05-41ed-a564-e6b79bfec9ed%252526t_pvid%25253D1e9fb580-bb05-41ed-a564-e6b79bfec9ed%252526userAgent%25253DMozilla%2525252F5.0%25252B%25252528X11%2525253B%25252BLinux%25252Bx86_64%2525253B%25252Brv%2525253A125.0%25252529%25252BGecko%2525252F20100101%25252BFirefox%2525252F125.0%252526browser%25253D1%252526isHuman%25253Dtrue%252526userIp%25253D189.226.196.225%252526what%25253Ddepartamento%25252Bazcapotzalco%252526search_terms%25253Ddepartamento%25252Bazcapotzalco%252526origin%25253D2%252526t_or%25253D2%252526splitTestId%25253D0%252526clickin%25253Dfalse,nuroa,301.8867924528302
11834.0,departamento,Azcapotzalco,Ciudad de México,49.0,2.0,1.0,1.0,https://www.nuroa.com.mx/conversion/organic/departamento-azcapotzalco/2/7/rentumo?siteId=411993&clickType=organic&redirectUrl=https%3A%2F%2Fwww.nuroa.com.mx%2Fproperty%2F1140002779885437591%3Fclick_type%3D0%26pos%3D7%26listingId%3D1140002779885437591%26siteStrategyKey%3Dnuroa.com.mx%26url%3Dhttps%25253A%25252F%25252Frentumo.mx%25252Flistados%25252Fdepartamento-en-colonia-del-gas-azcapotzalco-54462%26searchType%3D2%26page%3D2%26seo_link_id%3D1406114696%26section%3D1%26t_sec%3D1%26sectionType%3D1%26pageViewId%3D1e9fb580-bb05-41ed-a564-e6b79bfec9ed%26t_pvid%3D1e9fb580-bb05-41ed-a564-e6b79bfec9ed%26userAgent%3DMozilla%252F5.0%2B%2528X11%253B%2BLinux%2Bx86_64%253B%2Brv%253A125.0%2529%2BGecko%252F20100101%2BFirefox%252F125.0%26browser%3D1%26isHuman%3Dtrue%26userIp%3D189.226.196.225%26what%3Ddepartamento%2Bazcapotzalco%26search_terms%3Ddepartamento%2Bazcapotzalco%26origin%3D2%26t_or%3D2%26splitTestId%3D0%26detailPageUrl%3Dhttps%25253A%25252F%25252Fwww.nuroa.com.mx%25252Fadclickdetail%25252F1140002779885437591%25253Fclick_type%25253D0%252526pos%25253D7%252526listingId%25253D1140002779885437591%252526siteStrategyKey%25253Dhttps%2525253A%2525252F%2525252Fwww.nuroa.com.mx%252526url%25253Dhttps%252525253A%252525252F%252525252Frentumo.mx%252525252Flistados%252525252Fdepartamento-en-colonia-del-gas-azcapotzalco-54462%252526searchType%25253D2%252526page%25253D2%252526seo_link_id%25253D1406114696%252526section%25253D1%252526t_sec%25253D1%252526sectionType%25253D1%252526pageViewId%25253D1e9fb580-bb05-41ed-a564-e6b79bfec9ed%252526t_pvid%25253D1e9fb580-bb05-41ed-a564-e6b79bfec9ed%252526userAgent%25253DMozilla%2525252F5.0%25252B%25252528X11%2525253B%25252BLinux%25252Bx86_64%2525253B%25252Brv%2525253A125.0%25252529%25252BGecko%2525252F20100101%25252BFirefox%2525252F125.0%252526browser%25253D1%252526isHuman%25253Dtrue%252526userIp%25253D189.226.196.225%252526what%25253Ddepartamento%25252Bazcapotzalco%252526search_terms%25253Ddepartamento%25252Bazcapotzalco%252526origin%25253D2%252526t_or%25253D2%252526splitTestId%25253D0%252526clickin%25253Dfalse,nuroa,241.51020408163265
14000.0,departamento,Azcapotzalco,Ciudad de México,51.0,2.0,1.0,1.0,https://www.nuroa.com.mx/conversion/organic/departamento-azcapotzalco/2/8/rentumo?siteId=411993&clickType=organic&redirectUrl=https%3A%2F%2Fwww.nuroa.com.mx%2Fproperty%2F8380003779799345988%3Fclick_type%3D0%26pos%3D8%26listingId%3D8380003779799345988%26siteStrategyKey%3Dnuroa.com.mx%26url%3Dhttps%25253A%25252F%25252Frentumo.mx%25252Flistados%25252Fazcapotzalco-privada-de-la-soledad-ciudad-de-mexico-67071%26searchType%3D2%26page%3D2%26seo_link_id%3D1406114696%26section%3D1%26t_sec%3D1%26sectionType%3D1%26pageViewId%3D1e9fb580-bb05-41ed-a564-e6b79bfec9ed%26t_pvid%3D1e9fb580-bb05-41ed-a564-e6b79bfec9ed%26userAgent%3DMozilla%252F5.0%2B%2528X11%253B%2BLinux%2Bx86_64%253B%2Brv%253A125.0%2529%2BGecko%252F20100101%2BFirefox%252F125.0%26browser%3D1%26isHuman%3Dtrue%26userIp%3D189.226.196.225%26what%3Ddepartamento%2Bazcapotzalco%26search_terms%3Ddepartamento%2Bazcapotzalco%26origin%3D2%26t_or%3D2%26splitTestId%3D0%26detailPageUrl%3Dhttps%25253A%25252F%25252Fwww.nuroa.com.mx%25252Fadclickdetail%25252F8380003779799345988%25253Fclick_type%25253D0%252526pos%25253D8%252526listingId%25253D8380003779799345988%252526siteStrategyKey%25253Dhttps%2525253A%2525252F%2525252Fwww.nuroa.com.mx%252526url%25253Dhttps%252525253A%252525252F%252525252Frentumo.mx%252525252Flistados%252525252Fazcapotzalco-privada-de-la-soledad-ciudad-de-mexico-67071%252526searchType%25253D2%252526page%25253D2%252526seo_link_id%25253D1406114696%252526section%25253D1%252526t_sec%25253D1%252526sectionType%25253D1%252526pageViewId%25253D1e9fb580-bb05-41ed-a564-e6b79bfec9ed%252526t_pvid%25253D1e9fb580-bb05-41ed-a564-e6b79bfec9ed%252526userAgent%25253DMozilla%2525252F5.0%25252B%25252528X11%2525253B%25252BLinux%25252Bx86_64%2525253B%25252Brv%2525253A125.0%25252529%25252BGecko%2525252F20100101%25252BFirefox%2525252F125.0%252526browser%25253D1%252526isHuman%25253Dtrue%252526userIp%25253D189.226.196.225%252526what%25253Ddepartamento%25252Bazcapotzalco%252526search_terms%25253Ddepartamento%25252Bazcapotzalco%252526origin%25253D2%252526t_or%25253D2%252526splitTestId%25253D0%252526clickin%25253Dfalse,nuroa,274.5098039215686
15500.0,departamento,Azcapotzalco,Ciudad de México,69.0,2.0,2.0,1.0,https://www.nuroa.com.mx/conversion/organic/departamento-azcapotzalco/2/9/rentumo?siteId=411993&clickType=organic&redirectUrl=https%3A%2F%2Fwww.nuroa.com.mx%2Fproperty%2F8330003779972128060%3Fclick_type%3D0%26pos%3D9%26listingId%3D8330003779972128060%26siteStrategyKey%3Dnuroa.com.mx%26url%3Dhttps%25253A%25252F%25252Frentumo.mx%25252Flistados%25252Fdepartamento-en-renta-colonia-el-jaguey-en-azcapotzalco-55549%26searchType%3D2%26page%3D2%26seo_link_id%3D1406114696%26section%3D1%26t_sec%3D1%26sectionType%3D1%26pageViewId%3D1e9fb580-bb05-41ed-a564-e6b79bfec9ed%26t_pvid%3D1e9fb580-bb05-41ed-a564-e6b79bfec9ed%26userAgent%3DMozilla%252F5.0%2B%2528X11%253B%2BLinux%2Bx86_64%253B%2Brv%253A125.0%2529%2BGecko%252F20100101%2BFirefox%252F125.0%26browser%3D1%26isHuman%3Dtrue%26userIp%3D189.226.196.225%26what%3Ddepartamento%2Bazcapotzalco%26search_terms%3Ddepartamento%2Bazcapotzalco%26origin%3D2%26t_or%3D2%26splitTestId%3D0%26detailPageUrl%3Dhttps%25253A%25252F%25252Fwww.nuroa.com.mx%25252Fadclickdetail%25252F8330003779972128060%25253Fclick_type%25253D0%252526pos%25253D9%252526listingId%25253D8330003779972128060%252526siteStrategyKey%25253Dhttps%2525253A%2525252F%2525252Fwww.nuroa.com.mx%252526url%25253Dhttps%252525253A%252525252F%252525252Frentumo.mx%252525252Flistados%252525252Fdepartamento-en-renta-colonia-el-jaguey-en-azcapotzalco-55549%252526searchType%25253D2%252526page%25253D2%252526seo_link_id%25253D1406114696%252526section%25253D1%252526t_sec%25253D1%252526sectionType%25253D1%252526pageViewId%25253D1e9fb580-bb05-41ed-a564-e6b79bfec9ed%252526t_pvid%25253D1e9fb580-bb05-41ed-a564-e6b79bfec9ed%252526userAgent%25253DMozilla%2525252F5.0%25252B%25252528X11%2525253B%25252BLinux%25252Bx86_64%2525253B%25252Brv%2525253A125.0%25252529%25252BGecko%2525252F20100101%25252BFirefox%2525252F125.0%252526browser%25253D1%252526isHuman%25253Dtrue%252526userIp%25253D189.226.196.225%252526what%25253Ddepartamento%25252Bazcapotzalco%252526search_terms%25253Ddepartamento%25252Bazcapotzalco%252526origin%25253D2%252526t_or%25253D2%252526splitTestId%25253D0%252526clickin%25253Dfalse,nuroa,224.63768115942028
14850.0,departamento,Azcapotzalco,Ciudad de México,65.0,2.0,2.0,1.0,https://www.nuroa.com.mx/conversion/organic/departamento-azcapotzalco/2/10/rentumo?siteId=411993&clickType=organic&redirectUrl=https%3A%2F%2Fwww.nuroa.com.mx%2Fproperty%2F5000003778675781667%3Fclick_type%3D0%26pos%3D10%26listingId%3D5000003778675781667%26siteStrategyKey%3Dnuroa.com.mx%26url%3Dhttps%25253A%25252F%25252Frentumo.mx%25252Flistados%25252Fdepartamento-en-renta-43572%26searchType%3D2%26page%3D2%26seo_link_id%3D1406114696%26section%3D1%26t_sec%3D1%26sectionType%3D1%26pageViewId%3D1e9fb580-bb05-41ed-a564-e6b79bfec9ed%26t_pvid%3D1e9fb580-bb05-41ed-a564-e6b79bfec9ed%26userAgent%3DMozilla%252F5.0%2B%2528X11%253B%2BLinux%2Bx86_64%253B%2Brv%253A125.0%2529%2BGecko%252F20100101%2BFirefox%252F125.0%26browser%3D1%26isHuman%3Dtrue%26userIp%3D189.226.196.225%26what%3Ddepartamento%2Bazcapotzalco%26search_terms%3Ddepartamento%2Bazcapotzalco%26origin%3D2%26t_or%3D2%26splitTestId%3D0%26detailPageUrl%3Dhttps%25253A%25252F%25252Fwww.nuroa.com.mx%25252Fadclickdetail%25252F5000003778675781667%25253Fclick_type%25253D0%252526pos%25253D10%252526listingId%25253D5000003778675781667%252526siteStrategyKey%25253Dhttps%2525253A%2525252F%2525252Fwww.nuroa.com.mx%252526url%25253Dhttps%252525253A%252525252F%252525252Frentumo.mx%252525252Flistados%252525252Fdepartamento-en-renta-43572%252526searchType%25253D2%252526page%25253D2%252526seo_link_id%25253D1406114696%252526section%25253D1%252526t_sec%25253D1%252526sectionType%25253D1%252526pageViewId%25253D1e9fb580-bb05-41ed-a564-e6b79bfec9ed%252526t_pvid%25253D1e9fb580-bb05-41ed-a564-e6b79bfec9ed%252526userAgent%25253DMozilla%2525252F5.0%25252B%25252528X11%2525253B%25252BLinux%25252Bx86_64%2525253B%25252Brv%2525253A125.0%25252529%25252BGecko%2525252F20100101%25252BFirefox%2525252F125.0%252526browser%25253D1%252526isHuman%25253Dtrue%252526userIp%25253D189.226.196.225%252526what%25253Ddepartamento%25252Bazcapotzalco%252526search_terms%25253Ddepartamento%25252Bazcapotzalco%252526origin%25253D2%252526t_or%25253D2%252526splitTestId%25253D0%252526clickin%25253Dfalse,nuroa,228.46153846153845
17500.0,departamento,Azcapotzalco,Ciudad de México,72.0,,2.0,,https://www.nuroa.com.mx/conversion/organic/departamento-azcapotzalco/2/12/Remax?siteId=411305&clickType=organic&redirectUrl=https%3A%2F%2Fwww.nuroa.com.mx%2Fproperty%2F3360003781181368205%3Fclick_type%3D0%26pos%3D12%26listingId%3D3360003781181368205%26siteStrategyKey%3Dnuroa.com.mx%26url%3Dhttp%25253A%25252F%25252Fwww.remax.com.mx%25252Fpropiedad%25252F679125%26searchType%3D2%26page%3D2%26seo_link_id%3D1406114696%26section%3D1%26t_sec%3D1%26sectionType%3D1%26pageViewId%3D1e9fb580-bb05-41ed-a564-e6b79bfec9ed%26t_pvid%3D1e9fb580-bb05-41ed-a564-e6b79bfec9ed%26userAgent%3DMozilla%252F5.0%2B%2528X11%253B%2BLinux%2Bx86_64%253B%2Brv%253A125.0%2529%2BGecko%252F20100101%2BFirefox%252F125.0%26browser%3D1%26isHuman%3Dtrue%26userIp%3D189.226.196.225%26what%3Ddepartamento%2Bazcapotzalco%26search_terms%3Ddepartamento%2Bazcapotzalco%26origin%3D2%26t_or%3D2%26splitTestId%3D0%26detailPageUrl%3Dhttps%25253A%25252F%25252Fwww.nuroa.com.mx%25252Fadclickdetail%25252F3360003781181368205%25253Fclick_type%25253D0%252526pos%25253D12%252526listingId%25253D3360003781181368205%252526siteStrategyKey%25253Dhttps%2525253A%2525252F%2525252Fwww.nuroa.com.mx%252526url%25253Dhttp%252525253A%252525252F%252525252Fwww.remax.com.mx%252525252Fpropiedad%252525252F679125%252526searchType%25253D2%252526page%25253D2%252526seo_link_id%25253D1406114696%252526section%25253D1%252526t_sec%25253D1%252526sectionType%25253D1%252526pageViewId%25253D1e9fb580-bb05-41ed-a564-e6b79bfec9ed%252526t_pvid%25253D1e9fb580-bb05-41ed-a564-e6b79bfec9ed%252526userAgent%25253DMozilla%2525252F5.0%25252B%25252528X11%2525253B%25252BLinux%25252Bx86_64%2525253B%25252Brv%2525253A125.0%25252529%25252BGecko%2525252F20100101%25252BFirefox%2525252F125.0%252526browser%25253D1%252526isHuman%25253Dtrue%252526userIp%25253D189.226.196.225%252526what%25253Ddepartamento%25252Bazcapotzalco%252526search_terms%25253Ddepartamento%25252Bazcapotzalco%252526origin%25253D2%252526t_or%25253D2%252526splitTestId%25253D0%252526clickin%25253Dfalse,nuroa,243.05555555555554
21500.0,departamento,Azcapotzalco,Ciudad de México,79.0,2.0,2.0,1.0,https://www.nuroa.com.mx/conversion/organic/departamento-azcapotzalco/2/13/rentumo?siteId=411993&clickType=organic&redirectUrl=https%3A%2F%2Fwww.nuroa.com.mx%2Fproperty%2F4910002779885436879%3Fclick_type%3D0%26pos%3D13%26listingId%3D4910002779885436879%26siteStrategyKey%3Dnuroa.com.mx%26url%3Dhttps%25253A%25252F%25252Frentumo.mx%25252Flistados%25252Frenta-departamento-arenal-azcapotzalco-cdmx-49946%26searchType%3D2%26page%3D2%26seo_link_id%3D1406114696%26section%3D1%26t_sec%3D1%26sectionType%3D1%26pageViewId%3D1e9fb580-bb05-41ed-a564-e6b79bfec9ed%26t_pvid%3D1e9fb580-bb05-41ed-a564-e6b79bfec9ed%26userAgent%3DMozilla%252F5.0%2B%2528X11%253B%2BLinux%2Bx86_64%253B%2Brv%253A125.0%2529%2BGecko%252F20100101%2BFirefox%252F125.0%26browser%3D1%26isHuman%3Dtrue%26userIp%3D189.226.196.225%26what%3Ddepartamento%2Bazcapotzalco%26search_terms%3Ddepartamento%2Bazcapotzalco%26origin%3D2%26t_or%3D2%26splitTestId%3D0%26detailPageUrl%3Dhttps%25253A%25252F%25252Fwww.nuroa.com.mx%25252Fadclickdetail%25252F4910002779885436879%25253Fclick_type%25253D0%252526pos%25253D13%252526listingId%25253D4910002779885436879%252526siteStrategyKey%25253Dhttps%2525253A%2525252F%2525252Fwww.nuroa.com.mx%252526url%25253Dhttps%252525253A%252525252F%252525252Frentumo.mx%252525252Flistados%252525252Frenta-departamento-arenal-azcapotzalco-cdmx-49946%252526searchType%25253D2%252526page%25253D2%252526seo_link_id%25253D1406114696%252526section%25253D1%252526t_sec%25253D1%252526sectionType%25253D1%252526pageViewId%25253D1e9fb580-bb05-41ed-a564-e6b79bfec9ed%252526t_pvid%25253D1e9fb580-bb05-41ed-a564-e6b79bfec9ed%252526userAgent%25253DMozilla%2525252F5.0%25252B%25252528X11%2525253B%25252BLinux%25252Bx86_64%2525253B%25252Brv%2525253A125.0%25252529%25252BGecko%2525252F20100101%25252BFirefox%2525252F125.0%252526browser%25253D1%252526isHuman%25253Dtrue%252526userIp%25253D189.226.196.225%252526what%25253Ddepartamento%25252Bazcapotzalco%252526search_terms%25253Ddepartamento%25252Bazcapotzalco%252526origin%25253D2%252526t_or%25253D2%252526splitTestId%25253D0%252526clickin%25253Dfalse,nuroa,272.1518987341772
22000.0,loft,Azcapotzalco,Ciudad de México,115.0,1.0,2.0,,https://www.nuroa.com.mx/conversion/organic/departamento-azcapotzalco/2/14/rentumo?siteId=411993&clickType=organic&redirectUrl=https%3A%2F%2Fwww.nuroa.com.mx%2Fproperty%2F1310003775846150340%3Fclick_type%3D0%26pos%3D14%26listingId%3D1310003775846150340%26siteStrategyKey%3Dnuroa.com.mx%26url%3Dhttps%25253A%25252F%25252Frentumo.mx%25252Flistados%25252Fespectacular-loft-de-115-mts-en-colonia-del-gas-azcapotzalco-6689%26searchType%3D2%26page%3D2%26seo_link_id%3D1406114696%26section%3D1%26t_sec%3D1%26sectionType%3D1%26pageViewId%3D1e9fb580-bb05-41ed-a564-e6b79bfec9ed%26t_pvid%3D1e9fb580-bb05-41ed-a564-e6b79bfec9ed%26userAgent%3DMozilla%252F5.0%2B%2528X11%253B%2BLinux%2Bx86_64%253B%2Brv%253A125.0%2529%2BGecko%252F20100101%2BFirefox%252F125.0%26browser%3D1%26isHuman%3Dtrue%26userIp%3D189.226.196.225%26what%3Ddepartamento%2Bazcapotzalco%26search_terms%3Ddepartamento%2Bazcapotzalco%26origin%3D2%26t_or%3D2%26splitTestId%3D0%26detailPageUrl%3Dhttps%25253A%25252F%25252Fwww.nuroa.com.mx%25252Fadclickdetail%25252F1310003775846150340%25253Fclick_type%25253D0%252526pos%25253D14%252526listingId%25253D1310003775846150340%252526siteStrategyKey%25253Dhttps%2525253A%2525252F%2525252Fwww.nuroa.com.mx%252526url%25253Dhttps%252525253A%252525252F%252525252Frentumo.mx%252525252Flistados%252525252Fespectacular-loft-de-115-mts-en-colonia-del-gas-azcapotzalco-6689%252526searchType%25253D2%252526page%25253D2%252526seo_link_id%25253D1406114696%252526section%25253D1%252526t_sec%25253D1%252526sectionType%25253D1%252526pageViewId%25253D1e9fb580-bb05-41ed-a564-e6b79bfec9ed%252526t_pvid%25253D1e9fb580-bb05-41ed-a564-e6b79bfec9ed%252526userAgent%25253DMozilla%2525252F5.0%25252B%25252528X11%2525253B%25252BLinux%25252Bx86_64%2525253B%25252Brv%2525253A125.0%25252529%25252BGecko%2525252F20100101%25252BFirefox%2525252F125.0%252526browser%25253D1%252526isHuman%25253Dtrue%252526userIp%25253D189.226.196.225%252526what%25253Ddepartamento%25252Bazcapotzalco%252526search_terms%25253Ddepartamento%25252Bazcapotzalco%252526origin%25253D2%252526t_or%25253D2%252526splitTestId%25253D0%252526clickin%25253Dfalse,nuroa,191.30434782608697
16500.0,departamento,Azcapotzalco,Ciudad de México,59.0,,1.0,,https://www.nuroa.com.mx/conversion/organic/departamento-azcapotzalco/2/15/Remax?siteId=411305&clickType=organic&redirectUrl=https%3A%2F%2Fwww.nuroa.com.mx%2Fproperty%2F4850003780576906142%3Fclick_type%3D0%26pos%3D15%26listingId%3D4850003780576906142%26siteStrategyKey%3Dnuroa.com.mx%26url%3Dhttp%25253A%25252F%25252Fwww.remax.com.mx%25252Fpropiedad%25252F679481%26searchType%3D2%26page%3D2%26seo_link_id%3D1406114696%26section%3D1%26t_sec%3D1%26sectionType%3D1%26pageViewId%3D1e9fb580-bb05-41ed-a564-e6b79bfec9ed%26t_pvid%3D1e9fb580-bb05-41ed-a564-e6b79bfec9ed%26userAgent%3DMozilla%252F5.0%2B%2528X11%253B%2BLinux%2Bx86_64%253B%2Brv%253A125.0%2529%2BGecko%252F20100101%2BFirefox%252F125.0%26browser%3D1%26isHuman%3Dtrue%26userIp%3D189.226.196.225%26what%3Ddepartamento%2Bazcapotzalco%26search_terms%3Ddepartamento%2Bazcapotzalco%26origin%3D2%26t_or%3D2%26splitTestId%3D0%26detailPageUrl%3Dhttps%25253A%25252F%25252Fwww.nuroa.com.mx%25252Fadclickdetail%25252F4850003780576906142%25253Fclick_type%25253D0%252526pos%25253D15%252526listingId%25253D4850003780576906142%252526siteStrategyKey%25253Dhttps%2525253A%2525252F%2525252Fwww.nuroa.com.mx%252526url%25253Dhttp%252525253A%252525252F%252525252Fwww.remax.com.mx%252525252Fpropiedad%252525252F679481%252526searchType%25253D2%252526page%25253D2%252526seo_link_id%25253D1406114696%252526section%25253D1%252526t_sec%25253D1%252526sectionType%25253D1%252526pageViewId%25253D1e9fb580-bb05-41ed-a564-e6b79bfec9ed%252526t_pvid%25253D1e9fb580-bb05-41ed-a564-e6b79bfec9ed%252526userAgent%25253DMozilla%2525252F5.0%25252B%25252528X11%2525253B%25252BLinux%25252Bx86_64%2525253B%25252Brv%2525253A125.0%25252529%25252BGecko%2525252F20100101%25252BFirefox%2525252F125.0%252526browser%25253D1%252526isHuman%25253Dtrue%252526userIp%25253D189.226.196.225%252526what%25253Ddepartamento%25252Bazcapotzalco%252526search_terms%25253Ddepartamento%25252Bazcapotzalco%252526origin%25253D2%252526t_or%25253D2%252526splitTestId%25253D0%252526clickin%25253Dfalse,nuroa,279.66101694915255
13500.0,departamento,Azcapotzalco,Ciudad de México,68.0,,2.0,1.0,https://www.nuroa.com.mx/conversion/organic/departamento-azcapotzalco/2/16/Remax?siteId=411305&clickType=organic&redirectUrl=https%3A%2F%2Fwww.nuroa.com.mx%2Fproperty%2F3760003781008578695%3Fclick_type%3D0%26pos%3D16%26listingId%3D3760003781008578695%26siteStrategyKey%3Dnuroa.com.mx%26url%3Dhttp%25253A%25252F%25252Fwww.remax.com.mx%25252Fpropiedad%25252F679817%26searchType%3D2%26page%3D2%26seo_link_id%3D1406114696%26section%3D1%26t_sec%3D1%26sectionType%3D1%26pageViewId%3D1e9fb580-bb05-41ed-a564-e6b79bfec9ed%26t_pvid%3D1e9fb580-bb05-41ed-a564-e6b79bfec9ed%26userAgent%3DMozilla%252F5.0%2B%2528X11%253B%2BLinux%2Bx86_64%253B%2Brv%253A125.0%2529%2BGecko%252F20100101%2BFirefox%252F125.0%26browser%3D1%26isHuman%3Dtrue%26userIp%3D189.226.196.225%26what%3Ddepartamento%2Bazcapotzalco%26search_terms%3Ddepartamento%2Bazcapotzalco%26origin%3D2%26t_or%3D2%26splitTestId%3D0%26detailPageUrl%3Dhttps%25253A%25252F%25252Fwww.nuroa.com.mx%25252Fadclickdetail%25252F3760003781008578695%25253Fclick_type%25253D0%252526pos%25253D16%252526listingId%25253D3760003781008578695%252526siteStrategyKey%25253Dhttps%2525253A%2525252F%2525252Fwww.nuroa.com.mx%252526url%25253Dhttp%252525253A%252525252F%252525252Fwww.remax.com.mx%252525252Fpropiedad%252525252F679817%252526searchType%25253D2%252526page%25253D2%252526seo_link_id%25253D1406114696%252526section%25253D1%252526t_sec%25253D1%252526sectionType%25253D1%252526pageViewId%25253D1e9fb580-bb05-41ed-a564-e6b79bfec9ed%252526t_pvid%25253D1e9fb580-bb05-41ed-a564-e6b79bfec9ed%252526userAgent%25253DMozilla%2525252F5.0%25252B%25252528X11%2525253B%25252BLinux%25252Bx86_64%2525253B%25252Brv%2525253A125.0%25252529%25252BGecko%2525252F20100101%25252BFirefox%2525252F125.0%252526browser%25253D1%252526isHuman%25253Dtrue%252526userIp%25253D189.226.196.225%252526what%25253Ddepartamento%25252Bazcapotzalco%252526search_terms%25253Ddepartamento%25252Bazcapotzalco%252526origin%25253D2%252526t_or%25253D2%252526splitTestId%25253D0%252526clickin%25253Dfalse,nuroa,198.52941176470588
13500.0,departamento,Azcapotzalco,Ciudad de México,70.0,,2.0,1.0,https://www.nuroa.com.mx/conversion/organic/departamento-azcapotzalco/2/17/Remax?siteId=411305&clickType=organic&redirectUrl=https%3A%2F%2Fwww.nuroa.com.mx%2Fproperty%2F2730003778935193088%3Fclick_type%3D0%26pos%3D17%26listingId%3D2730003778935193088%26siteStrategyKey%3Dnuroa.com.mx%26url%3Dhttp%25253A%25252F%25252Fwww.remax.com.mx%25252Fpropiedad%25252F677720%26searchType%3D2%26page%3D2%26seo_link_id%3D1406114696%26section%3D1%26t_sec%3D1%26sectionType%3D1%26pageViewId%3D1e9fb580-bb05-41ed-a564-e6b79bfec9ed%26t_pvid%3D1e9fb580-bb05-41ed-a564-e6b79bfec9ed%26userAgent%3DMozilla%252F5.0%2B%2528X11%253B%2BLinux%2Bx86_64%253B%2Brv%253A125.0%2529%2BGecko%252F20100101%2BFirefox%252F125.0%26browser%3D1%26isHuman%3Dtrue%26userIp%3D189.226.196.225%26what%3Ddepartamento%2Bazcapotzalco%26search_terms%3Ddepartamento%2Bazcapotzalco%26origin%3D2%26t_or%3D2%26splitTestId%3D0%26detailPageUrl%3Dhttps%25253A%25252F%25252Fwww.nuroa.com.mx%25252Fadclickdetail%25252F2730003778935193088%25253Fclick_type%25253D0%252526pos%25253D17%252526listingId%25253D2730003778935193088%252526siteStrategyKey%25253Dhttps%2525253A%2525252F%2525252Fwww.nuroa.com.mx%252526url%25253Dhttp%252525253A%252525252F%252525252Fwww.remax.com.mx%252525252Fpropiedad%252525252F677720%252526searchType%25253D2%252526page%25253D2%252526seo_link_id%25253D1406114696%252526section%25253D1%252526t_sec%25253D1%252526sectionType%25253D1%252526pageViewId%25253D1e9fb580-bb05-41ed-a564-e6b79bfec9ed%252526t_pvid%25253D1e9fb580-bb05-41ed-a564-e6b79bfec9ed%252526userAgent%25253DMozilla%2525252F5.0%25252B%25252528X11%2525253B%25252BLinux%25252Bx86_64%2525253B%25252Brv%2525253A125.0%25252529%25252BGecko%2525252F20100101%25252BFirefox%2525252F125.0%252526browser%25253D1%252526isHuman%25253Dtrue%252526userIp%25253D189.226.196.225%252526what%25253Ddepartamento%25252Bazcapotzalco%252526search_terms%25253Ddepartamento%25252Bazcapotzalco%252526origin%25253D2%252526t_or%25253D2%252526splitTestId%25253D0%252526clickin%25253Dfalse,nuroa,192.85714285714286
9000.0,loft,Azcapotzalco,Ciudad de México,20.0,,1.0,,https://www.nuroa.com.mx/conversion/organic/departamento-azcapotzalco/2/18/Remax?siteId=411305&clickType=organic&redirectUrl=https%3A%2F%2Fwww.nuroa.com.mx%2Fproperty%2F9180003778589714744%3Fclick_type%3D0%26pos%3D18%26listingId%3D9180003778589714744%26siteStrategyKey%3Dnuroa.com.mx%26url%3Dhttp%25253A%25252F%25252Fwww.remax.com.mx%25252Fpropiedad%25252F677222%26searchType%3D2%26page%3D2%26seo_link_id%3D1406114696%26section%3D1%26t_sec%3D1%26sectionType%3D1%26pageViewId%3D1e9fb580-bb05-41ed-a564-e6b79bfec9ed%26t_pvid%3D1e9fb580-bb05-41ed-a564-e6b79bfec9ed%26userAgent%3DMozilla%252F5.0%2B%2528X11%253B%2BLinux%2Bx86_64%253B%2Brv%253A125.0%2529%2BGecko%252F20100101%2BFirefox%252F125.0%26browser%3D1%26isHuman%3Dtrue%26userIp%3D189.226.196.225%26what%3Ddepartamento%2Bazcapotzalco%26search_terms%3Ddepartamento%2Bazcapotzalco%26origin%3D2%26t_or%3D2%26splitTestId%3D0%26detailPageUrl%3Dhttps%25253A%25252F%25252Fwww.nuroa.com.mx%25252Fadclickdetail%25252F9180003778589714744%25253Fclick_type%25253D0%252526pos%25253D18%252526listingId%25253D9180003778589714744%252526siteStrategyKey%25253Dhttps%2525253A%2525252F%2525252Fwww.nuroa.com.mx%252526url%25253Dhttp%252525253A%252525252F%252525252Fwww.remax.com.mx%252525252Fpropiedad%252525252F677222%252526searchType%25253D2%252526page%25253D2%252526seo_link_id%25253D1406114696%252526section%25253D1%252526t_sec%25253D1%252526sectionType%25253D1%252526pageViewId%25253D1e9fb580-bb05-41ed-a564-e6b79bfec9ed%252526t_pvid%25253D1e9fb580-bb05-41ed-a564-e6b79bfec9ed%252526userAgent%25253DMozilla%2525252F5.0%25252B%25252528X11%2525253B%25252BLinux%25252Bx86_64%2525253B%25252Brv%2525253A125.0%25252529%25252BGecko%2525252F20100101%25252BFirefox%2525252F125.0%252526browser%25253D1%252526isHuman%25253Dtrue%252526userIp%25253D189.226.196.225%252526what%25253Ddepartamento%25252Bazcapotzalco%252526search_terms%25253Ddepartamento%25252Bazcapotzalco%252526origin%25253D2%252526t_or%25253D2%252526splitTestId%25253D0%252526clickin%25253Dfalse,nuroa,450.0
22000.0,departamento,Azcapotzalco,Ciudad de México,125.0,2.0,2.0,,https://www.nuroa.com.mx/adform/7310000781462226113?click_type=0&pos=19&listingId=7310000781462226113&siteStrategyKey=https%3A%2F%2Fwww.nuroa.com.mx&url=https%253A%252F%252Fwww.icasas.mx%252FaggregatorDetail%253FadId%253D019ec62c-5cad-7347-aaac-d981cec566e5%2526aggregator%253Dmitula%2526utm_content%253D019ec62c-5cad-7347-aaac-d981cec566e5_payment&searchType=2&page=2&seo_link_id=1406114696&section=1&t_sec=1&sectionType=1&pageViewId=1e9fb580-bb05-41ed-a564-e6b79bfec9ed&t_pvid=1e9fb580-bb05-41ed-a564-e6b79bfec9ed&userAgent=Mozilla%2F5.0+%28X11%3B+Linux+x86_64%3B+rv%3A125.0%29+Gecko%2F20100101+Firefox%2F125.0&browser=1&isHuman=true&userIp=189.226.196.225&what=departamento+azcapotzalco&search_terms=departamento+azcapotzalco&origin=2&t_or=2&splitTestId=0,nuroa,176.0
14000.0,loft,Azcapotzalco,Ciudad de México,65.0,1.0,1.0,,https://www.nuroa.com.mx/adform/7890000781462189344?click_type=0&pos=20&listingId=7890000781462189344&siteStrategyKey=https%3A%2F%2Fwww.nuroa.com.mx&url=https%253A%252F%252Fwww.icasas.mx%252FaggregatorDetail%253FadId%253D019ec62c-546e-7a4b-8cf9-7a45bcc151aa%2526aggregator%253Dmitula%2526utm_content%253D019ec62c-546e-7a4b-8cf9-7a45bcc151aa_payment&searchType=2&page=2&seo_link_id=1406114696&section=1&t_sec=1&sectionType=1&pageViewId=1e9fb580-bb05-41ed-a564-e6b79bfec9ed&t_pvid=1e9fb580-bb05-41ed-a564-e6b79bfec9ed&userAgent=Mozilla%2F5.0+%28X11%3B+Linux+x86_64%3B+rv%3A125.0%29+Gecko%2F20100101+Firefox%2F125.0&browser=1&isHuman=true&userIp=189.226.196.225&what=departamento+azcapotzalco&search_terms=departamento+azcapotzalco&origin=2&t_or=2&splitTestId=0,nuroa,215.3846153846154
13500.0,departamento,Azcapotzalco,Ciudad de México,83.0,2.0,1.0,1.0,https://www.nuroa.com.mx/conversion/organic/departamento-azcapotzalco/2/21/tuportalonline-com?siteId=406267&clickType=organic&redirectUrl=https%3A%2F%2Fwww.nuroa.com.mx%2Fproperty%2F5090001781268227850%3Fclick_type%3D0%26pos%3D21%26listingId%3D5090001781268227850%26siteStrategyKey%3Dnuroa.com.mx%26url%3Dhttps%25253A%25252F%25252Fwww.tuportalonline.com%25252Finmueble%25252Fazcapotzalco-tezozomoc-alquiler-departamento-2-recamaras-2_36_106969799_8155304%26searchType%3D2%26page%3D2%26seo_link_id%3D1406114696%26section%3D1%26t_sec%3D1%26sectionType%3D1%26pageViewId%3D1e9fb580-bb05-41ed-a564-e6b79bfec9ed%26t_pvid%3D1e9fb580-bb05-41ed-a564-e6b79bfec9ed%26userAgent%3DMozilla%252F5.0%2B%2528X11%253B%2BLinux%2Bx86_64%253B%2Brv%253A125.0%2529%2BGecko%252F20100101%2BFirefox%252F125.0%26browser%3D1%26isHuman%3Dtrue%26userIp%3D189.226.196.225%26what%3Ddepartamento%2Bazcapotzalco%26search_terms%3Ddepartamento%2Bazcapotzalco%26origin%3D2%26t_or%3D2%26splitTestId%3D0%26detailPageUrl%3Dhttps%25253A%25252F%25252Fwww.nuroa.com.mx%25252Fadclickdetail%25252F5090001781268227850%25253Fclick_type%25253D0%252526pos%25253D21%252526listingId%25253D5090001781268227850%252526siteStrategyKey%25253Dhttps%2525253A%2525252F%2525252Fwww.nuroa.com.mx%252526url%25253Dhttps%252525253A%252525252F%252525252Fwww.tuportalonline.com%252525252Finmueble%252525252Fazcapotzalco-tezozomoc-alquiler-departamento-2-recamaras-2_36_106969799_8155304%252526searchType%25253D2%252526page%25253D2%252526seo_link_id%25253D1406114696%252526section%25253D1%252526t_sec%25253D1%252526sectionType%25253D1%252526pageViewId%25253D1e9fb580-bb05-41ed-a564-e6b79bfec9ed%252526t_pvid%25253D1e9fb580-bb05-41ed-a564-e6b79bfec9ed%252526userAgent%25253DMozilla%2525252F5.0%25252B%25252528X11%2525253B%25252BLinux%25252Bx86_64%2525253B%25252Brv%2525253A125.0%25252529%25252BGecko%2525252F20100101%25252BFirefox%2525252F125.0%252526browser%25253D1%252526isHuman%25253Dtrue%252526userIp%25253D189.226.196.225%252526what%25253Ddepartamento%25252Bazcapotzalco%252526search_terms%25253Ddepartamento%25252Bazcapotzalco%252526origin%25253D2%252526t_or%25253D2%252526splitTestId%25253D0%252526clickin%25253Dfalse,nuroa,162.65060240963857
17000.0,departamento,Azcapotzalco,Ciudad de México,66.0,2.0,1.0,1.0,https://www.nuroa.com.mx/adform/4420000781094943616?click_type=0&pos=22&listingId=4420000781094943616&siteStrategyKey=https%3A%2F%2Fwww.nuroa.com.mx&url=https%253A%252F%252Fwww.icasas.mx%252FaggregatorDetail%253FadId%253D019eafc9-0bff-7756-a539-59dd497cfc92%2526aggregator%253Dmitula%2526utm_content%253D019eafc9-0bff-7756-a539-59dd497cfc92_payment&searchType=2&page=2&seo_link_id=1406114696&section=1&t_sec=1&sectionType=1&pageViewId=1e9fb580-bb05-41ed-a564-e6b79bfec9ed&t_pvid=1e9fb580-bb05-41ed-a564-e6b79bfec9ed&userAgent=Mozilla%2F5.0+%28X11%3B+Linux+x86_64%3B+rv%3A125.0%29+Gecko%2F20100101+Firefox%2F125.0&browser=1&isHuman=true&userIp=189.226.196.225&what=departamento+azcapotzalco&search_terms=departamento+azcapotzalco&origin=2&t_or=2&splitTestId=0,nuroa,257.57575757575756
22500.0,departamento,Azcapotzalco,Ciudad de México,50.0,2.0,1.0,1.0,https://www.nuroa.com.mx/conversion/organic/departamento-azcapotzalco/2/23/casacompara-com-mx?siteId=407109&clickType=organic&redirectUrl=https%3A%2F%2Fwww.nuroa.com.mx%2Fproperty%2F9060001780058095610%3Fclick_type%3D0%26pos%3D23%26listingId%3D9060001780058095610%26siteStrategyKey%3Dnuroa.com.mx%26url%3Dhttps%25253A%25252F%25252Finmuebles.nocnok.com%25252Fpropiedad%25252Fdepartamento-en-renta%25252Fciudad-de-mexico%25252Fazcapotzalco%25252Fampliacion-del-gas-id-nn-gzv103%25253Fcsid%25253Dtrovit-mx%26searchType%3D2%26page%3D2%26seo_link_id%3D1406114696%26section%3D1%26t_sec%3D1%26sectionType%3D1%26pageViewId%3D1e9fb580-bb05-41ed-a564-e6b79bfec9ed%26t_pvid%3D1e9fb580-bb05-41ed-a564-e6b79bfec9ed%26userAgent%3DMozilla%252F5.0%2B%2528X11%253B%2BLinux%2Bx86_64%253B%2Brv%253A125.0%2529%2BGecko%252F20100101%2BFirefox%252F125.0%26browser%3D1%26isHuman%3Dtrue%26userIp%3D189.226.196.225%26what%3Ddepartamento%2Bazcapotzalco%26search_terms%3Ddepartamento%2Bazcapotzalco%26origin%3D2%26t_or%3D2%26splitTestId%3D0%26detailPageUrl%3Dhttps%25253A%25252F%25252Fwww.nuroa.com.mx%25252Fadclickdetail%25252F9060001780058095610%25253Fclick_type%25253D0%252526pos%25253D23%252526listingId%25253D9060001780058095610%252526siteStrategyKey%25253Dhttps%2525253A%2525252F%2525252Fwww.nuroa.com.mx%252526url%25253Dhttps%252525253A%252525252F%252525252Finmuebles.nocnok.com%252525252Fpropiedad%252525252Fdepartamento-en-renta%252525252Fciudad-de-mexico%252525252Fazcapotzalco%252525252Fampliacion-del-gas-id-nn-gzv103%252525253Fcsid%252525253Dtrovit-mx%252526searchType%25253D2%252526page%25253D2%252526seo_link_id%25253D1406114696%252526section%25253D1%252526t_sec%25253D1%252526sectionType%25253D1%252526pageViewId%25253D1e9fb580-bb05-41ed-a564-e6b79bfec9ed%252526t_pvid%25253D1e9fb580-bb05-41ed-a564-e6b79bfec9ed%252526userAgent%25253DMozilla%2525252F5.0%25252B%25252528X11%2525253B%25252BLinux%25252Bx86_64%2525253B%25252Brv%2525253A125.0%25252529%25252BGecko%2525252F20100101%25252BFirefox%2525252F125.0%252526browser%25253D1%252526isHuman%25253Dtrue%252526userIp%25253D189.226.196.225%252526what%25253Ddepartamento%25252Bazcapotzalco%252526search_terms%25253Ddepartamento%25252Bazcapotzalco%252526origin%25253D2%252526t_or%25253D2%252526splitTestId%25253D0%252526clickin%25253Dfalse,nuroa,450.0
22500.0,departamento,Azcapotzalco,Ciudad de México,73.0,,2.0,1.0,https://www.nuroa.com.mx/conversion/organic/departamento-azcapotzalco/2/24/tuportalonline-com?siteId=406267&clickType=organic&redirectUrl=https%3A%2F%2Fwww.nuroa.com.mx%2Fproperty%2F6060000780749686741%3Fclick_type%3D0%26pos%3D24%26listingId%3D6060000780749686741%26siteStrategyKey%3Dnuroa.com.mx%26url%3Dhttps%25253A%25252F%25252Fwww.tuportalonline.com%25252Finmueble%25252Fazcapotzalco-del-gas-alquiler-departamento-estudio-2_36_106885528_8147032%26searchType%3D2%26page%3D2%26seo_link_id%3D1406114696%26section%3D1%26t_sec%3D1%26sectionType%3D1%26pageViewId%3D1e9fb580-bb05-41ed-a564-e6b79bfec9ed%26t_pvid%3D1e9fb580-bb05-41ed-a564-e6b79bfec9ed%26userAgent%3DMozilla%252F5.0%2B%2528X11%253B%2BLinux%2Bx86_64%253B%2Brv%253A125.0%2529%2BGecko%252F20100101%2BFirefox%252F125.0%26browser%3D1%26isHuman%3Dtrue%26userIp%3D189.226.196.225%26what%3Ddepartamento%2Bazcapotzalco%26search_terms%3Ddepartamento%2Bazcapotzalco%26origin%3D2%26t_or%3D2%26splitTestId%3D0%26detailPageUrl%3Dhttps%25253A%25252F%25252Fwww.nuroa.com.mx%25252Fadclickdetail%25252F6060000780749686741%25253Fclick_type%25253D0%252526pos%25253D24%252526listingId%25253D6060000780749686741%252526siteStrategyKey%25253Dhttps%2525253A%2525252F%2525252Fwww.nuroa.com.mx%252526url%25253Dhttps%252525253A%252525252F%252525252Fwww.tuportalonline.com%252525252Finmueble%252525252Fazcapotzalco-del-gas-alquiler-departamento-estudio-2_36_106885528_8147032%252526searchType%25253D2%252526page%25253D2%252526seo_link_id%25253D1406114696%252526section%25253D1%252526t_sec%25253D1%252526sectionType%25253D1%252526pageViewId%25253D1e9fb580-bb05-41ed-a564-e6b79bfec9ed%252526t_pvid%25253D1e9fb580-bb05-41ed-a564-e6b79bfec9ed%252526userAgent%25253DMozilla%2525252F5.0%25252B%25252528X11%2525253B%25252BLinux%25252Bx86_64%2525253B%25252Brv%2525253A125.0%25252529%25252BGecko%2525252F20100101%25252BFirefox%2525252F125.0%252526browser%25253D1%252526isHuman%25253Dtrue%252526userIp%25253D189.226.196.225%252526what%25253Ddepartamento%25252Bazcapotzalco%252526search_terms%25253Ddepartamento%25252Bazcapotzalco%252526origin%25253D2%252526t_or%25253D2%252526splitTestId%25253D0%252526clickin%25253Dfalse,nuroa,308.2191780821918
16500.0,loft,Azcapotzalco,Ciudad de México,35.0,1.0,1.0,1.0,https://www.nuroa.com.mx/adform/4670000780663438811?click_type=0&pos=1&listingId=4670000780663438811&siteStrategyKey=https%3A%2F%2Fwww.nuroa.com.mx&url=https%253A%252F%252Fwww.icasas.mx%252FaggregatorDetail%253FadId%253D019e94ac-363a-7492-982b-784ca23ed7bb%2526aggregator%253Dmitula%2526utm_content%253D019e94ac-363a-7492-982b-784ca23ed7bb_payment&searchType=2&page=3&seo_link_id=1406114696&section=1&t_sec=1&sectionType=1&pageViewId=d3cd4149-c74f-4a5d-9191-727cf7b1643d&t_pvid=d3cd4149-c74f-4a5d-9191-727cf7b1643d&userAgent=Mozilla%2F5.0+%28Macintosh%3B+Intel+Mac+OS+X+10_15_7%29+AppleWebKit%2F537.36+%28KHTML%2C+like+Gecko%29+Chrome%2F124.0.0.0+Safari%2F537.36&browser=1&isHuman=true&userIp=189.226.196.225&what=departamento+azcapotzalco&search_terms=departamento+azcapotzalco&origin=2&t_or=2&splitTestId=0,nuroa,471.42857142857144
18500.0,departamento,Azcapotzalco,Ciudad de México,70.0,2.0,2.0,1.0,https://www.nuroa.com.mx/adform/4450000780404244759?click_type=0&pos=4&listingId=4450000780404244759&siteStrategyKey=https%3A%2F%2Fwww.nuroa.com.mx&url=https%253A%252F%252Fwww.icasas.mx%252FaggregatorDetail%253FadId%253D019e8491-b50f-74bd-b441-65a8dc8d1f44%2526aggregator%253Dmitula%2526utm_content%253D019e8491-b50f-74bd-b441-65a8dc8d1f44_payment&searchType=2&page=3&seo_link_id=1406114696&section=1&t_sec=1&sectionType=1&pageViewId=d3cd4149-c74f-4a5d-9191-727cf7b1643d&t_pvid=d3cd4149-c74f-4a5d-9191-727cf7b1643d&userAgent=Mozilla%2F5.0+%28Macintosh%3B+Intel+Mac+OS+X+10_15_7%29+AppleWebKit%2F537.36+%28KHTML%2C+like+Gecko%29+Chrome%2F124.0.0.0+Safari%2F537.36&browser=1&isHuman=true&userIp=189.226.196.225&what=departamento+azcapotzalco&search_terms=departamento+azcapotzalco&origin=2&t_or=2&splitTestId=0,nuroa,264.2857142857143
22000.0,departamento,Azcapotzalco,Ciudad de México,80.0,2.0,2.0,,https://www.nuroa.com.mx/conversion/organic/departamento-azcapotzalco/3/7/casacompara-com-mx?siteId=407109&clickType=organic&redirectUrl=https%3A%2F%2Fwww.nuroa.com.mx%2Fproperty%2F9160001778330067155%3Fclick_type%3D0%26pos%3D7%26listingId%3D9160001778330067155%26siteStrategyKey%3Dnuroa.com.mx%26url%3Dhttps%25253A%25252F%25252Finmuebles.nocnok.com%25252Fpropiedad%25252Fdepartamento-en-renta%25252Fciudad-de-mexico%25252Fazcapotzalco%25252Fdel-gas-id-nn-gys704%25253Fcsid%25253Dtrovit-mx%26searchType%3D2%26page%3D3%26seo_link_id%3D1406114696%26section%3D1%26t_sec%3D1%26sectionType%3D1%26pageViewId%3Dd3cd4149-c74f-4a5d-9191-727cf7b1643d%26t_pvid%3Dd3cd4149-c74f-4a5d-9191-727cf7b1643d%26userAgent%3DMozilla%252F5.0%2B%2528Macintosh%253B%2BIntel%2BMac%2BOS%2BX%2B10_15_7%2529%2BAppleWebKit%252F537.36%2B%2528KHTML%252C%2Blike%2BGecko%2529%2BChrome%252F124.0.0.0%2BSafari%252F537.36%26browser%3D1%26isHuman%3Dtrue%26userIp%3D189.226.196.225%26what%3Ddepartamento%2Bazcapotzalco%26search_terms%3Ddepartamento%2Bazcapotzalco%26origin%3D2%26t_or%3D2%26splitTestId%3D0%26detailPageUrl%3Dhttps%25253A%25252F%25252Fwww.nuroa.com.mx%25252Fadclickdetail%25252F9160001778330067155%25253Fclick_type%25253D0%252526pos%25253D7%252526listingId%25253D9160001778330067155%252526siteStrategyKey%25253Dhttps%2525253A%2525252F%2525252Fwww.nuroa.com.mx%252526url%25253Dhttps%252525253A%252525252F%252525252Finmuebles.nocnok.com%252525252Fpropiedad%252525252Fdepartamento-en-renta%252525252Fciudad-de-mexico%252525252Fazcapotzalco%252525252Fdel-gas-id-nn-gys704%252525253Fcsid%252525253Dtrovit-mx%252526searchType%25253D2%252526page%25253D3%252526seo_link_id%25253D1406114696%252526section%25253D1%252526t_sec%25253D1%252526sectionType%25253D1%252526pageViewId%25253Dd3cd4149-c74f-4a5d-9191-727cf7b1643d%252526t_pvid%25253Dd3cd4149-c74f-4a5d-9191-727cf7b1643d%252526userAgent%25253DMozilla%2525252F5.0%25252B%25252528Macintosh%2525253B%25252BIntel%25252BMac%25252BOS%25252BX%25252B10_15_7%25252529%25252BAppleWebKit%2525252F537.36%25252B%25252528KHTML%2525252C%25252Blike%25252BGecko%25252529%25252BChrome%2525252F124.0.0.0%25252BSafari%2525252F537.36%252526browser%25253D1%252526isHuman%25253Dtrue%252526userIp%25253D189.226.196.225%252526what%25253Ddepartamento%25252Bazcapotzalco%252526search_terms%25253Ddepartamento%25252Bazcapotzalco%252526origin%25253D2%252526t_or%25253D2%252526splitTestId%25253D0%252526clickin%25253Dfalse,nuroa,275.0
14000.0,departamento,Azcapotzalco,Ciudad de México,65.0,2.0,2.0,,https://www.nuroa.com.mx/conversion/organic/departamento-azcapotzalco/3/8/casacompara-com-mx?siteId=407109&clickType=organic&redirectUrl=https%3A%2F%2Fwww.nuroa.com.mx%2Fproperty%2F2450003778589293046%3Fclick_type%3D0%26pos%3D8%26listingId%3D2450003778589293046%26siteStrategyKey%3Dnuroa.com.mx%26url%3Dhttps%25253A%25252F%25252Finmuebles.nocnok.com%25252Fpropiedad%25252Fdepartamento-en-renta%25252Fciudad-de-mexico%25252Fazcapotzalco%25252Fnextengo-id-nn-gyu884%25253Fcsid%25253Dtrovit-mx%26searchType%3D2%26page%3D3%26seo_link_id%3D1406114696%26section%3D1%26t_sec%3D1%26sectionType%3D1%26pageViewId%3Dd3cd4149-c74f-4a5d-9191-727cf7b1643d%26t_pvid%3Dd3cd4149-c74f-4a5d-9191-727cf7b1643d%26userAgent%3DMozilla%252F5.0%2B%2528Macintosh%253B%2BIntel%2BMac%2BOS%2BX%2B10_15_7%2529%2BAppleWebKit%252F537.36%2B%2528KHTML%252C%2Blike%2BGecko%2529%2BChrome%252F124.0.0.0%2BSafari%252F537.36%26browser%3D1%26isHuman%3Dtrue%26userIp%3D189.226.196.225%26what%3Ddepartamento%2Bazcapotzalco%26search_terms%3Ddepartamento%2Bazcapotzalco%26origin%3D2%26t_or%3D2%26splitTestId%3D0%26detailPageUrl%3Dhttps%25253A%25252F%25252Fwww.nuroa.com.mx%25252Fadclickdetail%25252F2450003778589293046%25253Fclick_type%25253D0%252526pos%25253D8%252526listingId%25253D2450003778589293046%252526siteStrategyKey%25253Dhttps%2525253A%2525252F%2525252Fwww.nuroa.com.mx%252526url%25253Dhttps%252525253A%252525252F%252525252Finmuebles.nocnok.com%252525252Fpropiedad%252525252Fdepartamento-en-renta%252525252Fciudad-de-mexico%252525252Fazcapotzalco%252525252Fnextengo-id-nn-gyu884%252525253Fcsid%252525253Dtrovit-mx%252526searchType%25253D2%252526page%25253D3%252526seo_link_id%25253D1406114696%252526section%25253D1%252526t_sec%25253D1%252526sectionType%25253D1%252526pageViewId%25253Dd3cd4149-c74f-4a5d-9191-727cf7b1643d%252526t_pvid%25253Dd3cd4149-c74f-4a5d-9191-727cf7b1643d%252526userAgent%25253DMozilla%2525252F5.0%25252B%25252528Macintosh%2525253B%25252BIntel%25252BMac%25252BOS%25252BX%25252B10_15_7%25252529%25252BAppleWebKit%2525252F537.36%25252B%25252528KHTML%2525252C%25252Blike%25252BGecko%25252529%25252BChrome%2525252F124.0.0.0%25252BSafari%2525252F537.36%252526browser%25253D1%252526isHuman%25253Dtrue%252526userIp%25253D189.226.196.225%252526what%25253Ddepartamento%25252Bazcapotzalco%252526search_terms%25253Ddepartamento%25252Bazcapotzalco%252526origin%25253D2%252526t_or%25253D2%252526splitTestId%25253D0%252526clickin%25253Dfalse,nuroa,215.3846153846154
16000.0,departamento,Azcapotzalco,Ciudad de México,100.0,3.0,1.0,1.0,https://www.nuroa.com.mx/adform/6630000778071086089?click_type=0&pos=9&listingId=6630000778071086089&siteStrategyKey=https%3A%2F%2Fwww.nuroa.com.mx&url=https%253A%252F%252Fwww.icasas.mx%252FaggregatorDetail%253FadId%253D019dfabd-7ef6-704a-a467-25b302488d3e%2526aggregator%253Dmitula%2526utm_content%253D019dfabd-7ef6-704a-a467-25b302488d3e_payment&searchType=2&page=3&seo_link_id=1406114696&section=1&t_sec=1&sectionType=1&pageViewId=d3cd4149-c74f-4a5d-9191-727cf7b1643d&t_pvid=d3cd4149-c74f-4a5d-9191-727cf7b1643d&userAgent=Mozilla%2F5.0+%28Macintosh%3B+Intel+Mac+OS+X+10_15_7%29+AppleWebKit%2F537.36+%28KHTML%2C+like+Gecko%29+Chrome%2F124.0.0.0+Safari%2F537.36&browser=1&isHuman=true&userIp=189.226.196.225&what=departamento+azcapotzalco&search_terms=departamento+azcapotzalco&origin=2&t_or=2&splitTestId=0,nuroa,160.0
14000.0,departamento,Azcapotzalco,Ciudad de México,52.0,2.0,1.0,1.0,https://www.nuroa.com.mx/adform/2500000779993772442?click_type=0&pos=10&listingId=2500000779993772442&siteStrategyKey=https%3A%2F%2Fwww.nuroa.com.mx&url=https%253A%252F%252Fwww.icasas.mx%252FaggregatorDetail%253FadId%253D019e6eee-af7c-7363-94ad-5d5b04f9b6bf%2526aggregator%253Dmitula%2526utm_content%253D019e6eee-af7c-7363-94ad-5d5b04f9b6bf_payment&searchType=2&page=3&seo_link_id=1406114696&section=1&t_sec=1&sectionType=1&pageViewId=d3cd4149-c74f-4a5d-9191-727cf7b1643d&t_pvid=d3cd4149-c74f-4a5d-9191-727cf7b1643d&userAgent=Mozilla%2F5.0+%28Macintosh%3B+Intel+Mac+OS+X+10_15_7%29+AppleWebKit%2F537.36+%28KHTML%2C+like+Gecko%29+Chrome%2F124.0.0.0+Safari%2F537.36&browser=1&isHuman=true&userIp=189.226.196.225&what=departamento+azcapotzalco&search_terms=departamento+azcapotzalco&origin=2&t_or=2&splitTestId=0,nuroa,269.2307692307692
12000.0,departamento,Azcapotzalco,Ciudad de México,97.0,3.0,1.0,,https://www.nuroa.com.mx/adform/1290000780145064014?click_type=0&pos=11&listingId=1290000780145064014&siteStrategyKey=https%3A%2F%2Fwww.nuroa.com.mx&url=https%253A%252F%252Fwww.icasas.mx%252FaggregatorDetail%253FadId%253D019e7676-9d5a-7bae-84b0-3dd7f0cd974a%2526aggregator%253Dmitula%2526utm_content%253D019e7676-9d5a-7bae-84b0-3dd7f0cd974a_payment&searchType=2&page=3&seo_link_id=1406114696&section=1&t_sec=1&sectionType=1&pageViewId=d3cd4149-c74f-4a5d-9191-727cf7b1643d&t_pvid=d3cd4149-c74f-4a5d-9191-727cf7b1643d&userAgent=Mozilla%2F5.0+%28Macintosh%3B+Intel+Mac+OS+X+10_15_7%29+AppleWebKit%2F537.36+%28KHTML%2C+like+Gecko%29+Chrome%2F124.0.0.0+Safari%2F537.36&browser=1&isHuman=true&userIp=189.226.196.225&what=departamento+azcapotzalco&search_terms=departamento+azcapotzalco&origin=2&t_or=2&splitTestId=0,nuroa,123.71134020618557
18000.0,departamento,Azcapotzalco,Ciudad de México,80.0,3.0,1.0,,https://www.nuroa.com.mx/conversion/organic/departamento-azcapotzalco/3/12/tuportalonline-com?siteId=406267&clickType=organic&redirectUrl=https%3A%2F%2Fwww.nuroa.com.mx%2Fproperty%2F4020001780145039648%3Fclick_type%3D0%26pos%3D12%26listingId%3D4020001780145039648%26siteStrategyKey%3Dnuroa.com.mx%26url%3Dhttps%25253A%25252F%25252Fwww.tuportalonline.com%25252Finmueble%25252Fazcapotzalco-nueva-santa-maria-alquiler-departamento-3-recamaras-2_36_106765015_8090649%26searchType%3D2%26page%3D3%26seo_link_id%3D1406114696%26section%3D1%26t_sec%3D1%26sectionType%3D1%26pageViewId%3Dd3cd4149-c74f-4a5d-9191-727cf7b1643d%26t_pvid%3Dd3cd4149-c74f-4a5d-9191-727cf7b1643d%26userAgent%3DMozilla%252F5.0%2B%2528Macintosh%253B%2BIntel%2BMac%2BOS%2BX%2B10_15_7%2529%2BAppleWebKit%252F537.36%2B%2528KHTML%252C%2Blike%2BGecko%2529%2BChrome%252F124.0.0.0%2BSafari%252F537.36%26browser%3D1%26isHuman%3Dtrue%26userIp%3D189.226.196.225%26what%3Ddepartamento%2Bazcapotzalco%26search_terms%3Ddepartamento%2Bazcapotzalco%26origin%3D2%26t_or%3D2%26splitTestId%3D0%26detailPageUrl%3Dhttps%25253A%25252F%25252Fwww.nuroa.com.mx%25252Fadclickdetail%25252F4020001780145039648%25253Fclick_type%25253D0%252526pos%25253D12%252526listingId%25253D4020001780145039648%252526siteStrategyKey%25253Dhttps%2525253A%2525252F%2525252Fwww.nuroa.com.mx%252526url%25253Dhttps%252525253A%252525252F%252525252Fwww.tuportalonline.com%252525252Finmueble%252525252Fazcapotzalco-nueva-santa-maria-alquiler-departamento-3-recamaras-2_36_106765015_8090649%252526searchType%25253D2%252526page%25253D3%252526seo_link_id%25253D1406114696%252526section%25253D1%252526t_sec%25253D1%252526sectionType%25253D1%252526pageViewId%25253Dd3cd4149-c74f-4a5d-9191-727cf7b1643d%252526t_pvid%25253Dd3cd4149-c74f-4a5d-9191-727cf7b1643d%252526userAgent%25253DMozilla%2525252F5.0%25252B%25252528Macintosh%2525253B%25252BIntel%25252BMac%25252BOS%25252BX%25252B10_15_7%25252529%25252BAppleWebKit%2525252F537.36%25252B%25252528KHTML%2525252C%25252Blike%25252BGecko%25252529%25252BChrome%2525252F124.0.0.0%25252BSafari%2525252F537.36%252526browser%25253D1%252526isHuman%25253Dtrue%252526userIp%25253D189.226.196.225%252526what%25253Ddepartamento%25252Bazcapotzalco%252526search_terms%25253Ddepartamento%25252Bazcapotzalco%252526origin%25253D2%252526t_or%25253D2%252526splitTestId%25253D0%252526clickin%25253Dfalse,nuroa,225.0
12950.0,departamento,Azcapotzalco,Ciudad de México,60.0,1.0,1.0,,https://www.nuroa.com.mx/adform/2380000779367112160?click_type=0&pos=16&listingId=2380000779367112160&siteStrategyKey=https%3A%2F%2Fwww.nuroa.com.mx&url=https%253A%252F%252Fwww.icasas.mx%252FaggregatorDetail%253FadId%253D019e45f1-7f67-75b6-93bb-a569e030e686%2526aggregator%253Dmitula%2526utm_content%253D019e45f1-7f67-75b6-93bb-a569e030e686_payment&searchType=2&page=3&seo_link_id=1406114696&section=1&t_sec=1&sectionType=1&pageViewId=d3cd4149-c74f-4a5d-9191-727cf7b1643d&t_pvid=d3cd4149-c74f-4a5d-9191-727cf7b1643d&userAgent=Mozilla%2F5.0+%28Macintosh%3B+Intel+Mac+OS+X+10_15_7%29+AppleWebKit%2F537.36+%28KHTML%2C+like+Gecko%29+Chrome%2F124.0.0.0+Safari%2F537.36&browser=1&isHuman=true&userIp=189.226.196.225&what=departamento+azcapotzalco&search_terms=departamento+azcapotzalco&origin=2&t_or=2&splitTestId=0,nuroa,215.83333333333334
14000.0,departamento,Azcapotzalco,Ciudad de México,59.0,2.0,1.0,,https://www.nuroa.com.mx/adform/3550000776775207140?click_type=0&pos=17&listingId=3550000776775207140&siteStrategyKey=https%3A%2F%2Fwww.nuroa.com.mx&url=https%253A%252F%252Fwww.icasas.mx%252FaggregatorDetail%253FadId%253D019dabd3-58fb-7449-93d8-e906938735f4%2526aggregator%253Dmitula%2526utm_content%253D019dabd3-58fb-7449-93d8-e906938735f4_payment&searchType=2&page=3&seo_link_id=1406114696&section=1&t_sec=1&sectionType=1&pageViewId=d3cd4149-c74f-4a5d-9191-727cf7b1643d&t_pvid=d3cd4149-c74f-4a5d-9191-727cf7b1643d&userAgent=Mozilla%2F5.0+%28Macintosh%3B+Intel+Mac+OS+X+10_15_7%29+AppleWebKit%2F537.36+%28KHTML%2C+like+Gecko%29+Chrome%2F124.0.0.0+Safari%2F537.36&browser=1&isHuman=true&userIp=189.226.196.225&what=departamento+azcapotzalco&search_terms=departamento+azcapotzalco&origin=2&t_or=2&splitTestId=0,nuroa,237.28813559322035
21500.0,departamento,Azcapotzalco,Ciudad de México,72.0,2.0,2.0,,https://www.nuroa.com.mx/conversion/organic/departamento-azcapotzalco/3/18/tuportalonline-com?siteId=406267&clickType=organic&redirectUrl=https%3A%2F%2Fwww.nuroa.com.mx%2Fproperty%2F2370001778762502627%3Fclick_type%3D0%26pos%3D18%26listingId%3D2370001778762502627%26siteStrategyKey%3Dnuroa.com.mx%26url%3Dhttps%25253A%25252F%25252Fwww.tuportalonline.com%25252Finmueble%25252Fazcapotzalco-industrial-san-antonio-alquiler-departamento-2-recamaras-2_36_106193540_7990527%26searchType%3D2%26page%3D3%26seo_link_id%3D1406114696%26section%3D1%26t_sec%3D1%26sectionType%3D1%26pageViewId%3Dd3cd4149-c74f-4a5d-9191-727cf7b1643d%26t_pvid%3Dd3cd4149-c74f-4a5d-9191-727cf7b1643d%26userAgent%3DMozilla%252F5.0%2B%2528Macintosh%253B%2BIntel%2BMac%2BOS%2BX%2B10_15_7%2529%2BAppleWebKit%252F537.36%2B%2528KHTML%252C%2Blike%2BGecko%2529%2BChrome%252F124.0.0.0%2BSafari%252F537.36%26browser%3D1%26isHuman%3Dtrue%26userIp%3D189.226.196.225%26what%3Ddepartamento%2Bazcapotzalco%26search_terms%3Ddepartamento%2Bazcapotzalco%26origin%3D2%26t_or%3D2%26splitTestId%3D0%26detailPageUrl%3Dhttps%25253A%25252F%25252Fwww.nuroa.com.mx%25252Fadclickdetail%25252F2370001778762502627%25253Fclick_type%25253D0%252526pos%25253D18%252526listingId%25253D2370001778762502627%252526siteStrategyKey%25253Dhttps%2525253A%2525252F%2525252Fwww.nuroa.com.mx%252526url%25253Dhttps%252525253A%252525252F%252525252Fwww.tuportalonline.com%252525252Finmueble%252525252Fazcapotzalco-industrial-san-antonio-alquiler-departamento-2-recamaras-2_36_106193540_7990527%252526searchType%25253D2%252526page%25253D3%252526seo_link_id%25253D1406114696%252526section%25253D1%252526t_sec%25253D1%252526sectionType%25253D1%252526pageViewId%25253Dd3cd4149-c74f-4a5d-9191-727cf7b1643d%252526t_pvid%25253Dd3cd4149-c74f-4a5d-9191-727cf7b1643d%252526userAgent%25253DMozilla%2525252F5.0%25252B%25252528Macintosh%2525253B%25252BIntel%25252BMac%25252BOS%25252BX%25252B10_15_7%25252529%25252BAppleWebKit%2525252F537.36%25252B%25252528KHTML%2525252C%25252Blike%25252BGecko%25252529%25252BChrome%2525252F124.0.0.0%25252BSafari%2525252F537.36%252526browser%25253D1%252526isHuman%25253Dtrue%252526userIp%25253D189.226.196.225%252526what%25253Ddepartamento%25252Bazcapotzalco%252526search_terms%25253Ddepartamento%25252Bazcapotzalco%252526origin%25253D2%252526t_or%25253D2%252526splitTestId%25253D0%252526clickin%25253Dfalse,nuroa,298.6111111111111
19500.0,departamento,Azcapotzalco,Ciudad de México,63.0,2.0,2.0,,https://www.nuroa.com.mx/conversion/organic/departamento-azcapotzalco/3/19/tuportalonline-com?siteId=406267&clickType=organic&redirectUrl=https%3A%2F%2Fwww.nuroa.com.mx%2Fproperty%2F2580000770554487962%3Fclick_type%3D0%26pos%3D19%26listingId%3D2580000770554487962%26siteStrategyKey%3Dnuroa.com.mx%26url%3Dhttps%25253A%25252F%25252Fwww.tuportalonline.com%25252Finmueble%25252Fazcapotzalco-del-gas-alquiler-departamento-2-recamaras-2_36_104757397_6634637%26searchType%3D2%26page%3D3%26seo_link_id%3D1406114696%26section%3D1%26t_sec%3D1%26sectionType%3D1%26pageViewId%3Dd3cd4149-c74f-4a5d-9191-727cf7b1643d%26t_pvid%3Dd3cd4149-c74f-4a5d-9191-727cf7b1643d%26userAgent%3DMozilla%252F5.0%2B%2528Macintosh%253B%2BIntel%2BMac%2BOS%2BX%2B10_15_7%2529%2BAppleWebKit%252F537.36%2B%2528KHTML%252C%2Blike%2BGecko%2529%2BChrome%252F124.0.0.0%2BSafari%252F537.36%26browser%3D1%26isHuman%3Dtrue%26userIp%3D189.226.196.225%26what%3Ddepartamento%2Bazcapotzalco%26search_terms%3Ddepartamento%2Bazcapotzalco%26origin%3D2%26t_or%3D2%26splitTestId%3D0%26detailPageUrl%3Dhttps%25253A%25252F%25252Fwww.nuroa.com.mx%25252Fadclickdetail%25252F2580000770554487962%25253Fclick_type%25253D0%252526pos%25253D19%252526listingId%25253D2580000770554487962%252526siteStrategyKey%25253Dhttps%2525253A%2525252F%2525252Fwww.nuroa.com.mx%252526url%25253Dhttps%252525253A%252525252F%252525252Fwww.tuportalonline.com%252525252Finmueble%252525252Fazcapotzalco-del-gas-alquiler-departamento-2-recamaras-2_36_104757397_6634637%252526searchType%25253D2%252526page%25253D3%252526seo_link_id%25253D1406114696%252526section%25253D1%252526t_sec%25253D1%252526sectionType%25253D1%252526pageViewId%25253Dd3cd4149-c74f-4a5d-9191-727cf7b1643d%252526t_pvid%25253Dd3cd4149-c74f-4a5d-9191-727cf7b1643d%252526userAgent%25253DMozilla%2525252F5.0%25252B%25252528Macintosh%2525253B%25252BIntel%25252BMac%25252BOS%25252BX%25252B10_15_7%25252529%25252BAppleWebKit%2525252F537.36%25252B%25252528KHTML%2525252C%25252Blike%25252BGecko%25252529%25252BChrome%2525252F124.0.0.0%25252BSafari%2525252F537.36%252526browser%25253D1%252526isHuman%25253Dtrue%252526userIp%25253D189.226.196.225%252526what%25253Ddepartamento%25252Bazcapotzalco%252526search_terms%25253Ddepartamento%25252Bazcapotzalco%252526origin%25253D2%252526t_or%25253D2%252526splitTestId%25253D0%252526clickin%25253Dfalse,nuroa,309.5238095238095
14000.0,departamento,Azcapotzalco,Ciudad de México,40.0,,1.0,1.0,https://www.nuroa.com.mx/conversion/organic/departamento-azcapotzalco/3/21/tuportalonline-com?siteId=406267&clickType=organic&redirectUrl=https%3A%2F%2Fwww.nuroa.com.mx%2Fproperty%2F4780001773664782972%3Fclick_type%3D0%26pos%3D21%26listingId%3D4780001773664782972%26siteStrategyKey%3Dnuroa.com.mx%26url%3Dhttps%25253A%25252F%25252Fwww.tuportalonline.com%25252Finmueble%25252Fazcapotzalco-del-gas-alquiler-departamento-estudio-2_36_105374599_7852226%26searchType%3D2%26page%3D3%26seo_link_id%3D1406114696%26section%3D1%26t_sec%3D1%26sectionType%3D1%26pageViewId%3Dd3cd4149-c74f-4a5d-9191-727cf7b1643d%26t_pvid%3Dd3cd4149-c74f-4a5d-9191-727cf7b1643d%26userAgent%3DMozilla%252F5.0%2B%2528Macintosh%253B%2BIntel%2BMac%2BOS%2BX%2B10_15_7%2529%2BAppleWebKit%252F537.36%2B%2528KHTML%252C%2Blike%2BGecko%2529%2BChrome%252F124.0.0.0%2BSafari%252F537.36%26browser%3D1%26isHuman%3Dtrue%26userIp%3D189.226.196.225%26what%3Ddepartamento%2Bazcapotzalco%26search_terms%3Ddepartamento%2Bazcapotzalco%26origin%3D2%26t_or%3D2%26splitTestId%3D0%26detailPageUrl%3Dhttps%25253A%25252F%25252Fwww.nuroa.com.mx%25252Fadclickdetail%25252F4780001773664782972%25253Fclick_type%25253D0%252526pos%25253D21%252526listingId%25253D4780001773664782972%252526siteStrategyKey%25253Dhttps%2525253A%2525252F%2525252Fwww.nuroa.com.mx%252526url%25253Dhttps%252525253A%252525252F%252525252Fwww.tuportalonline.com%252525252Finmueble%252525252Fazcapotzalco-del-gas-alquiler-departamento-estudio-2_36_105374599_7852226%252526searchType%25253D2%252526page%25253D3%252526seo_link_id%25253D1406114696%252526section%25253D1%252526t_sec%25253D1%252526sectionType%25253D1%252526pageViewId%25253Dd3cd4149-c74f-4a5d-9191-727cf7b1643d%252526t_pvid%25253Dd3cd4149-c74f-4a5d-9191-727cf7b1643d%252526userAgent%25253DMozilla%2525252F5.0%25252B%25252528Macintosh%2525253B%25252BIntel%25252BMac%25252BOS%25252BX%25252B10_15_7%25252529%25252BAppleWebKit%2525252F537.36%25252B%25252528KHTML%2525252C%25252Blike%25252BGecko%25252529%25252BChrome%2525252F124.0.0.0%25252BSafari%2525252F537.36%252526browser%25253D1%252526isHuman%25253Dtrue%252526userIp%25253D189.226.196.225%252526what%25253Ddepartamento%25252Bazcapotzalco%252526search_terms%25253Ddepartamento%25252Bazcapotzalco%252526origin%25253D2%252526t_or%25253D2%252526splitTestId%25253D0%252526clickin%25253Dfalse,nuroa,350.0
13500.0,departamento,Azcapotzalco,Ciudad de México,40.0,,1.0,1.0,https://www.nuroa.com.mx/conversion/organic/departamento-azcapotzalco/3/22/tuportalonline-com?siteId=406267&clickType=organic&redirectUrl=https%3A%2F%2Fwww.nuroa.com.mx%2Fproperty%2F6360001776861703810%3Fclick_type%3D0%26pos%3D22%26listingId%3D6360001776861703810%26siteStrategyKey%3Dnuroa.com.mx%26url%3Dhttps%25253A%25252F%25252Fwww.tuportalonline.com%25252Finmueble%25252Fazcapotzalco-del-gas-alquiler-departamento-estudio-2_36_106051879_7965321%26searchType%3D2%26page%3D3%26seo_link_id%3D1406114696%26section%3D1%26t_sec%3D1%26sectionType%3D1%26pageViewId%3Dd3cd4149-c74f-4a5d-9191-727cf7b1643d%26t_pvid%3Dd3cd4149-c74f-4a5d-9191-727cf7b1643d%26userAgent%3DMozilla%252F5.0%2B%2528Macintosh%253B%2BIntel%2BMac%2BOS%2BX%2B10_15_7%2529%2BAppleWebKit%252F537.36%2B%2528KHTML%252C%2Blike%2BGecko%2529%2BChrome%252F124.0.0.0%2BSafari%252F537.36%26browser%3D1%26isHuman%3Dtrue%26userIp%3D189.226.196.225%26what%3Ddepartamento%2Bazcapotzalco%26search_terms%3Ddepartamento%2Bazcapotzalco%26origin%3D2%26t_or%3D2%26splitTestId%3D0%26detailPageUrl%3Dhttps%25253A%25252F%25252Fwww.nuroa.com.mx%25252Fadclickdetail%25252F6360001776861703810%25253Fclick_type%25253D0%252526pos%25253D22%252526listingId%25253D6360001776861703810%252526siteStrategyKey%25253Dhttps%2525253A%2525252F%2525252Fwww.nuroa.com.mx%252526url%25253Dhttps%252525253A%252525252F%252525252Fwww.tuportalonline.com%252525252Finmueble%252525252Fazcapotzalco-del-gas-alquiler-departamento-estudio-2_36_106051879_7965321%252526searchType%25253D2%252526page%25253D3%252526seo_link_id%25253D1406114696%252526section%25253D1%252526t_sec%25253D1%252526sectionType%25253D1%252526pageViewId%25253Dd3cd4149-c74f-4a5d-9191-727cf7b1643d%252526t_pvid%25253Dd3cd4149-c74f-4a5d-9191-727cf7b1643d%252526userAgent%25253DMozilla%2525252F5.0%25252B%25252528Macintosh%2525253B%25252BIntel%25252BMac%25252BOS%25252BX%25252B10_15_7%25252529%25252BAppleWebKit%2525252F537.36%25252B%25252528KHTML%2525252C%25252Blike%25252BGecko%25252529%25252BChrome%2525252F124.0.0.0%25252BSafari%2525252F537.36%252526browser%25253D1%252526isHuman%25253Dtrue%252526userIp%25253D189.226.196.225%252526what%25253Ddepartamento%25252Bazcapotzalco%252526search_terms%25253Ddepartamento%25252Bazcapotzalco%252526origin%25253D2%252526t_or%25253D2%252526splitTestId%25253D0%252526clickin%25253Dfalse,nuroa,337.5
13000.0,departamento,Azcapotzalco,Ciudad de México,56.0,2.0,1.0,,https://www.nuroa.com.mx/conversion/organic/departamento-azcapotzalco/3/23/casacompara-com-mx?siteId=407109&clickType=organic&redirectUrl=https%3A%2F%2Fwww.nuroa.com.mx%2Fproperty%2F5500003778070885792%3Fclick_type%3D0%26pos%3D23%26listingId%3D5500003778070885792%26siteStrategyKey%3Dnuroa.com.mx%26url%3Dhttps%25253A%25252F%25252Finmuebles.nocnok.com%25252Fpropiedad%25252Fdepartamento-en-renta%25252Fciudad-de-mexico%25252Fazcapotzalco%25252Fampliacion-del-gas-id-nn-gyl061%25253Fcsid%25253Dtrovit-mx%26searchType%3D2%26page%3D3%26seo_link_id%3D1406114696%26section%3D1%26t_sec%3D1%26sectionType%3D1%26pageViewId%3Dd3cd4149-c74f-4a5d-9191-727cf7b1643d%26t_pvid%3Dd3cd4149-c74f-4a5d-9191-727cf7b1643d%26userAgent%3DMozilla%252F5.0%2B%2528Macintosh%253B%2BIntel%2BMac%2BOS%2BX%2B10_15_7%2529%2BAppleWebKit%252F537.36%2B%2528KHTML%252C%2Blike%2BGecko%2529%2BChrome%252F124.0.0.0%2BSafari%252F537.36%26browser%3D1%26isHuman%3Dtrue%26userIp%3D189.226.196.225%26what%3Ddepartamento%2Bazcapotzalco%26search_terms%3Ddepartamento%2Bazcapotzalco%26origin%3D2%26t_or%3D2%26splitTestId%3D0%26detailPageUrl%3Dhttps%25253A%25252F%25252Fwww.nuroa.com.mx%25252Fadclickdetail%25252F5500003778070885792%25253Fclick_type%25253D0%252526pos%25253D23%252526listingId%25253D5500003778070885792%252526siteStrategyKey%25253Dhttps%2525253A%2525252F%2525252Fwww.nuroa.com.mx%252526url%25253Dhttps%252525253A%252525252F%252525252Finmuebles.nocnok.com%252525252Fpropiedad%252525252Fdepartamento-en-renta%252525252Fciudad-de-mexico%252525252Fazcapotzalco%252525252Fampliacion-del-gas-id-nn-gyl061%252525253Fcsid%252525253Dtrovit-mx%252526searchType%25253D2%252526page%25253D3%252526seo_link_id%25253D1406114696%252526section%25253D1%252526t_sec%25253D1%252526sectionType%25253D1%252526pageViewId%25253Dd3cd4149-c74f-4a5d-9191-727cf7b1643d%252526t_pvid%25253Dd3cd4149-c74f-4a5d-9191-727cf7b1643d%252526userAgent%25253DMozilla%2525252F5.0%25252B%25252528Macintosh%2525253B%25252BIntel%25252BMac%25252BOS%25252BX%25252B10_15_7%25252529%25252BAppleWebKit%2525252F537.36%25252B%25252528KHTML%2525252C%25252Blike%25252BGecko%25252529%25252BChrome%2525252F124.0.0.0%25252BSafari%2525252F537.36%252526browser%25253D1%252526isHuman%25253Dtrue%252526userIp%25253D189.226.196.225%252526what%25253Ddepartamento%25252Bazcapotzalco%252526search_terms%25253Ddepartamento%25252Bazcapotzalco%252526origin%25253D2%252526t_or%25253D2%252526splitTestId%25253D0%252526clickin%25253Dfalse,nuroa,232.14285714285714
13990.0,departamento,Azcapotzalco,Ciudad de México,44.0,,1.0,,https://www.nuroa.com.mx/conversion/organic/departamento-azcapotzalco/3/24/Remax?siteId=411305&clickType=organic&redirectUrl=https%3A%2F%2Fwww.nuroa.com.mx%2Fproperty%2F3920003770899910073%3Fclick_type%3D0%26pos%3D24%26listingId%3D3920003770899910073%26siteStrategyKey%3Dnuroa.com.mx%26url%3Dhttp%25253A%25252F%25252Fwww.remax.com.mx%25252Fpropiedad%25252F667419%26searchType%3D2%26page%3D3%26seo_link_id%3D1406114696%26section%3D1%26t_sec%3D1%26sectionType%3D1%26pageViewId%3Dd3cd4149-c74f-4a5d-9191-727cf7b1643d%26t_pvid%3Dd3cd4149-c74f-4a5d-9191-727cf7b1643d%26userAgent%3DMozilla%252F5.0%2B%2528Macintosh%253B%2BIntel%2BMac%2BOS%2BX%2B10_15_7%2529%2BAppleWebKit%252F537.36%2B%2528KHTML%252C%2Blike%2BGecko%2529%2BChrome%252F124.0.0.0%2BSafari%252F537.36%26browser%3D1%26isHuman%3Dtrue%26userIp%3D189.226.196.225%26what%3Ddepartamento%2Bazcapotzalco%26search_terms%3Ddepartamento%2Bazcapotzalco%26origin%3D2%26t_or%3D2%26splitTestId%3D0%26detailPageUrl%3Dhttps%25253A%25252F%25252Fwww.nuroa.com.mx%25252Fadclickdetail%25252F3920003770899910073%25253Fclick_type%25253D0%252526pos%25253D24%252526listingId%25253D3920003770899910073%252526siteStrategyKey%25253Dhttps%2525253A%2525252F%2525252Fwww.nuroa.com.mx%252526url%25253Dhttp%252525253A%252525252F%252525252Fwww.remax.com.mx%252525252Fpropiedad%252525252F667419%252526searchType%25253D2%252526page%25253D3%252526seo_link_id%25253D1406114696%252526section%25253D1%252526t_sec%25253D1%252526sectionType%25253D1%252526pageViewId%25253Dd3cd4149-c74f-4a5d-9191-727cf7b1643d%252526t_pvid%25253Dd3cd4149-c74f-4a5d-9191-727cf7b1643d%252526userAgent%25253DMozilla%2525252F5.0%25252B%25252528Macintosh%2525253B%25252BIntel%25252BMac%25252BOS%25252BX%25252B10_15_7%25252529%25252BAppleWebKit%2525252F537.36%25252B%25252528KHTML%2525252C%25252Blike%25252BGecko%25252529%25252BChrome%2525252F124.0.0.0%25252BSafari%2525252F537.36%252526browser%25253D1%252526isHuman%25253Dtrue%252526userIp%25253D189.226.196.225%252526what%25253Ddepartamento%25252Bazcapotzalco%252526search_terms%25253Ddepartamento%25252Bazcapotzalco%252526origin%25253D2%252526t_or%25253D2%252526splitTestId%25253D0%252526clickin%25253Dfalse,nuroa,317.95454545454544
19000.0,departamento,Azcapotzalco,Ciudad de México,64.0,2.0,2.0,,https://www.nuroa.com.mx/conversion/organic/departamento-azcapotzalco/3/25/casacompara-com-mx?siteId=407109&clickType=organic&redirectUrl=https%3A%2F%2Fwww.nuroa.com.mx%2Fproperty%2F1600003777379681347%3Fclick_type%3D0%26pos%3D25%26listingId%3D1600003777379681347%26siteStrategyKey%3Dnuroa.com.mx%26url%3Dhttps%25253A%25252F%25252Finmuebles.nocnok.com%25252Fpropiedad%25252Fdepartamento-en-renta%25252Fciudad-de-mexico%25252Fazcapotzalco%25252Fnueva-santa-maria-id-nn-gyb093%25253Fcsid%25253Dtrovit-mx%26searchType%3D2%26page%3D3%26seo_link_id%3D1406114696%26section%3D1%26t_sec%3D1%26sectionType%3D1%26pageViewId%3Dd3cd4149-c74f-4a5d-9191-727cf7b1643d%26t_pvid%3Dd3cd4149-c74f-4a5d-9191-727cf7b1643d%26userAgent%3DMozilla%252F5.0%2B%2528Macintosh%253B%2BIntel%2BMac%2BOS%2BX%2B10_15_7%2529%2BAppleWebKit%252F537.36%2B%2528KHTML%252C%2Blike%2BGecko%2529%2BChrome%252F124.0.0.0%2BSafari%252F537.36%26browser%3D1%26isHuman%3Dtrue%26userIp%3D189.226.196.225%26what%3Ddepartamento%2Bazcapotzalco%26search_terms%3Ddepartamento%2Bazcapotzalco%26origin%3D2%26t_or%3D2%26splitTestId%3D0%26detailPageUrl%3Dhttps%25253A%25252F%25252Fwww.nuroa.com.mx%25252Fadclickdetail%25252F1600003777379681347%25253Fclick_type%25253D0%252526pos%25253D25%252526listingId%25253D1600003777379681347%252526siteStrategyKey%25253Dhttps%2525253A%2525252F%2525252Fwww.nuroa.com.mx%252526url%25253Dhttps%252525253A%252525252F%252525252Finmuebles.nocnok.com%252525252Fpropiedad%252525252Fdepartamento-en-renta%252525252Fciudad-de-mexico%252525252Fazcapotzalco%252525252Fnueva-santa-maria-id-nn-gyb093%252525253Fcsid%252525253Dtrovit-mx%252526searchType%25253D2%252526page%25253D3%252526seo_link_id%25253D1406114696%252526section%25253D1%252526t_sec%25253D1%252526sectionType%25253D1%252526pageViewId%25253Dd3cd4149-c74f-4a5d-9191-727cf7b1643d%252526t_pvid%25253Dd3cd4149-c74f-4a5d-9191-727cf7b1643d%252526userAgent%25253DMozilla%2525252F5.0%25252B%25252528Macintosh%2525253B%25252BIntel%25252BMac%25252BOS%25252BX%25252B10_15_7%25252529%25252BAppleWebKit%2525252F537.36%25252B%25252528KHTML%2525252C%25252Blike%25252BGecko%25252529%25252BChrome%2525252F124.0.0.0%25252BSafari%2525252F537.36%252526browser%25253D1%252526isHuman%25253Dtrue%252526userIp%25253D189.226.196.225%252526what%25253Ddepartamento%25252Bazcapotzalco%252526search_terms%25253Ddepartamento%25252Bazcapotzalco%252526origin%25253D2%252526t_or%25253D2%252526splitTestId%25253D0%252526clickin%25253Dfalse,nuroa,296.875
31500.0,departamento,Benito Juárez,Ciudad de México,87.0,2.0,2.0,1.0,https://www.nuroa.com.mx/adform/1240000780576580435?click_type=1&pos=2&listingId=1240000780576580435&siteStrategyKey=https%3A%2F%2Fwww.nuroa.com.mx&url=https%253A%252F%252Fwww.icasas.mx%252FaggregatorDetail%253FadId%253D019e8f51-af67-758c-923d-af3fc7764e2f%2526aggregator%253Dmitula%2526utm_content%253D019e8f51-af67-758c-923d-af3fc7764e2f_payment&searchType=2&page=1&seo_link_id=1406115094&section=26&t_sec=26&sectionType=2&pageViewId=3a937d2f-2fae-4684-92bd-63191a6239d5&t_pvid=3a937d2f-2fae-4684-92bd-63191a6239d5&userAgent=Mozilla%2F5.0+%28Macintosh%3B+Intel+Mac+OS+X+10_15_7%29+AppleWebKit%2F605.1.15+%28KHTML%2C+like+Gecko%29+Version%2F17.4+Safari%2F605.1.15&browser=1&isHuman=true&userIp=189.226.196.225&what=departamento+benito+juarez&search_terms=departamento+benito+juarez&origin=2&t_or=2&splitTestId=0,nuroa,362.0689655172414
40000.0,departamento,Benito Juárez,Ciudad de México,222.0,4.0,3.0,,https://www.nuroa.com.mx/adform/6810000779799262131?click_type=0&pos=1&listingId=6810000779799262131&siteStrategyKey=https%3A%2F%2Fwww.nuroa.com.mx&url=https%253A%252F%252Fwww.icasas.mx%252FaggregatorDetail%253FadId%253D019dbd24-5bd2-7769-8921-82626845421a%2526aggregator%253Dmitula%2526utm_content%253D019dbd24-5bd2-7769-8921-82626845421a_payment&searchType=2&page=1&seo_link_id=1406115094&section=1&t_sec=1&sectionType=1&pageViewId=3a937d2f-2fae-4684-92bd-63191a6239d5&t_pvid=3a937d2f-2fae-4684-92bd-63191a6239d5&userAgent=Mozilla%2F5.0+%28Macintosh%3B+Intel+Mac+OS+X+10_15_7%29+AppleWebKit%2F605.1.15+%28KHTML%2C+like+Gecko%29+Version%2F17.4+Safari%2F605.1.15&browser=1&isHuman=true&userIp=189.226.196.225&what=departamento+benito+juarez&search_terms=departamento+benito+juarez&origin=2&t_or=2&splitTestId=0,nuroa,180.18018018018017
50000.0,departamento,Benito Juárez,Ciudad de México,220.0,,3.0,,https://www.nuroa.com.mx/adform/3910000781440766906?click_type=0&pos=2&listingId=3910000781440766906&siteStrategyKey=https%3A%2F%2Fwww.nuroa.com.mx&url=https%253A%252F%252Fwww.icasas.mx%252FaggregatorDetail%253FadId%253D019ec44f-6bce-7f2f-abae-f972310598d4%2526aggregator%253Dmitula%2526utm_content%253D019ec44f-6bce-7f2f-abae-f972310598d4_payment&searchType=2&page=1&seo_link_id=1406115094&section=1&t_sec=1&sectionType=1&pageViewId=3a937d2f-2fae-4684-92bd-63191a6239d5&t_pvid=3a937d2f-2fae-4684-92bd-63191a6239d5&userAgent=Mozilla%2F5.0+%28Macintosh%3B+Intel+Mac+OS+X+10_15_7%29+AppleWebKit%2F605.1.15+%28KHTML%2C+like+Gecko%29+Version%2F17.4+Safari%2F605.1.15&browser=1&isHuman=true&userIp=189.226.196.225&what=departamento+benito+juarez&search_terms=departamento+benito+juarez&origin=2&t_or=2&splitTestId=0,nuroa,227.27272727272728
100000.0,departamento,Benito Juárez,Ciudad de México,300.0,4.0,5.0,,https://www.nuroa.com.mx/adform/3210001779972114557?click_type=0&pos=3&listingId=3210001779972114557&siteStrategyKey=https%3A%2F%2Fwww.nuroa.com.mx&url=https%253A%252F%252Fwww.icasas.mx%252FaggregatorDetail%253FadId%253D019e6bca-cf0b-733e-a4a7-5f2be6a589ea%2526aggregator%253Dmitula%2526utm_content%253D019e6bca-cf0b-733e-a4a7-5f2be6a589ea_payment&searchType=2&page=1&seo_link_id=1406115094&section=1&t_sec=1&sectionType=1&pageViewId=3a937d2f-2fae-4684-92bd-63191a6239d5&t_pvid=3a937d2f-2fae-4684-92bd-63191a6239d5&userAgent=Mozilla%2F5.0+%28Macintosh%3B+Intel+Mac+OS+X+10_15_7%29+AppleWebKit%2F605.1.15+%28KHTML%2C+like+Gecko%29+Version%2F17.4+Safari%2F605.1.15&browser=1&isHuman=true&userIp=189.226.196.225&what=departamento+benito+juarez&search_terms=departamento+benito+juarez&origin=2&t_or=2&splitTestId=0,nuroa,333.3333333333333
22000.0,departamento,Benito Juárez,Ciudad de México,89.0,2.0,2.0,,https://www.nuroa.com.mx/adform/5680000781354419673?click_type=0&pos=4&listingId=5680000781354419673&siteStrategyKey=https%3A%2F%2Fwww.nuroa.com.mx&url=https%253A%252F%252Fwww.icasas.mx%252FaggregatorDetail%253FadId%253D019ebd30-181b-7e43-a489-3aed8eb4f036%2526aggregator%253Dmitula%2526utm_content%253D019ebd30-181b-7e43-a489-3aed8eb4f036_payment&searchType=2&page=1&seo_link_id=1406115094&section=1&t_sec=1&sectionType=1&pageViewId=3a937d2f-2fae-4684-92bd-63191a6239d5&t_pvid=3a937d2f-2fae-4684-92bd-63191a6239d5&userAgent=Mozilla%2F5.0+%28Macintosh%3B+Intel+Mac+OS+X+10_15_7%29+AppleWebKit%2F605.1.15+%28KHTML%2C+like+Gecko%29+Version%2F17.4+Safari%2F605.1.15&browser=1&isHuman=true&userIp=189.226.196.225&what=departamento+benito+juarez&search_terms=departamento+benito+juarez&origin=2&t_or=2&splitTestId=0,nuroa,247.19101123595505
13500.0,departamento,Benito Juárez,Ciudad de México,60.0,2.0,1.0,,https://www.nuroa.com.mx/adform/7110000781008801300?click_type=0&pos=5&listingId=7110000781008801300&siteStrategyKey=https%3A%2F%2Fwww.nuroa.com.mx&url=https%253A%252F%252Fwww.icasas.mx%252FaggregatorDetail%253FadId%253D019ea9ef-02d7-742e-89ce-6f764373969c%2526aggregator%253Dmitula%2526utm_content%253D019ea9ef-02d7-742e-89ce-6f764373969c_payment&searchType=2&page=1&seo_link_id=1406115094&section=1&t_sec=1&sectionType=1&pageViewId=3a937d2f-2fae-4684-92bd-63191a6239d5&t_pvid=3a937d2f-2fae-4684-92bd-63191a6239d5&userAgent=Mozilla%2F5.0+%28Macintosh%3B+Intel+Mac+OS+X+10_15_7%29+AppleWebKit%2F605.1.15+%28KHTML%2C+like+Gecko%29+Version%2F17.4+Safari%2F605.1.15&browser=1&isHuman=true&userIp=189.226.196.225&what=departamento+benito+juarez&search_terms=departamento+benito+juarez&origin=2&t_or=2&splitTestId=0,nuroa,225.0
18000.0,departamento,Benito Juárez,Ciudad de México,87.0,2.0,2.0,,https://www.nuroa.com.mx/adform/2950000781095205452?click_type=0&pos=6&listingId=2950000781095205452&siteStrategyKey=https%3A%2F%2Fwww.nuroa.com.mx&url=https%253A%252F%252Fwww.icasas.mx%252FaggregatorDetail%253FadId%253D019eafc6-1e41-783e-bffd-949e4573c635%2526aggregator%253Dmitula%2526utm_content%253D019eafc6-1e41-783e-bffd-949e4573c635_payment&searchType=2&page=1&seo_link_id=1406115094&section=1&t_sec=1&sectionType=1&pageViewId=3a937d2f-2fae-4684-92bd-63191a6239d5&t_pvid=3a937d2f-2fae-4684-92bd-63191a6239d5&userAgent=Mozilla%2F5.0+%28Macintosh%3B+Intel+Mac+OS+X+10_15_7%29+AppleWebKit%2F605.1.15+%28KHTML%2C+like+Gecko%29+Version%2F17.4+Safari%2F605.1.15&browser=1&isHuman=true&userIp=189.226.196.225&what=departamento+benito+juarez&search_terms=departamento+benito+juarez&origin=2&t_or=2&splitTestId=0,nuroa,206.89655172413794
85000.0,departamento,Benito Juárez,Ciudad de México,284.0,3.0,3.0,,https://www.nuroa.com.mx/adform/7460000781181554596?click_type=0&pos=7&listingId=7460000781181554596&siteStrategyKey=https%3A%2F%2Fwww.nuroa.com.mx&url=https%253A%252F%252Fwww.icasas.mx%252FaggregatorDetail%253FadId%253D0198d6b1-82ca-7f67-9a5f-4f46ea6c27e3%2526aggregator%253Dmitula%2526utm_content%253D0198d6b1-82ca-7f67-9a5f-4f46ea6c27e3_payment&searchType=2&page=1&seo_link_id=1406115094&section=1&t_sec=1&sectionType=1&pageViewId=3a937d2f-2fae-4684-92bd-63191a6239d5&t_pvid=3a937d2f-2fae-4684-92bd-63191a6239d5&userAgent=Mozilla%2F5.0+%28Macintosh%3B+Intel+Mac+OS+X+10_15_7%29+AppleWebKit%2F605.1.15+%28KHTML%2C+like+Gecko%29+Version%2F17.4+Safari%2F605.1.15&browser=1&isHuman=true&userIp=189.226.196.225&what=departamento+benito+juarez&search_terms=departamento+benito+juarez&origin=2&t_or=2&splitTestId=0,nuroa,299.2957746478873
45000.0,departamento,Benito Juárez,Ciudad de México,186.0,3.0,3.0,1.0,https://www.nuroa.com.mx/adform/2820000781095243373?click_type=0&pos=8&listingId=2820000781095243373&siteStrategyKey=https%3A%2F%2Fwww.nuroa.com.mx&url=https%253A%252F%252Fwww.icasas.mx%252FaggregatorDetail%253FadId%253D019eafc6-8258-7b63-a2b3-a38299d145d7%2526aggregator%253Dmitula%2526utm_content%253D019eafc6-8258-7b63-a2b3-a38299d145d7_payment&searchType=2&page=1&seo_link_id=1406115094&section=1&t_sec=1&sectionType=1&pageViewId=3a937d2f-2fae-4684-92bd-63191a6239d5&t_pvid=3a937d2f-2fae-4684-92bd-63191a6239d5&userAgent=Mozilla%2F5.0+%28Macintosh%3B+Intel+Mac+OS+X+10_15_7%29+AppleWebKit%2F605.1.15+%28KHTML%2C+like+Gecko%29+Version%2F17.4+Safari%2F605.1.15&browser=1&isHuman=true&userIp=189.226.196.225&what=departamento+benito+juarez&search_terms=departamento+benito+juarez&origin=2&t_or=2&splitTestId=0,nuroa,241.93548387096774
21500.0,departamento,Benito Juárez,Ciudad de México,148.0,2.0,2.0,1.0,https://www.nuroa.com.mx/adform/4380000781094943610?click_type=0&pos=9&listingId=4380000781094943610&siteStrategyKey=https%3A%2F%2Fwww.nuroa.com.mx&url=https%253A%252F%252Fwww.icasas.mx%252FaggregatorDetail%253FadId%253D019eafc6-6f9e-7b65-bdfa-4110e1e81b73%2526aggregator%253Dmitula%2526utm_content%253D019eafc6-6f9e-7b65-bdfa-4110e1e81b73_payment&searchType=2&page=1&seo_link_id=1406115094&section=1&t_sec=1&sectionType=1&pageViewId=3a937d2f-2fae-4684-92bd-63191a6239d5&t_pvid=3a937d2f-2fae-4684-92bd-63191a6239d5&userAgent=Mozilla%2F5.0+%28Macintosh%3B+Intel+Mac+OS+X+10_15_7%29+AppleWebKit%2F605.1.15+%28KHTML%2C+like+Gecko%29+Version%2F17.4+Safari%2F605.1.15&browser=1&isHuman=true&userIp=189.226.196.225&what=departamento+benito+juarez&search_terms=departamento+benito+juarez&origin=2&t_or=2&splitTestId=0,nuroa,145.27027027027026
29900.0,departamento,Benito Juárez,Ciudad de México,105.0,2.0,2.0,1.0,https://www.nuroa.com.mx/adform/1810000781267783293?click_type=0&pos=10&listingId=1810000781267783293&siteStrategyKey=https%3A%2F%2Fwww.nuroa.com.mx&url=https%253A%252F%252Fwww.icasas.mx%252FaggregatorDetail%253FadId%253D019eba02-e948-7774-974a-1cde5c5b03d9%2526aggregator%253Dmitula%2526utm_content%253D019eba02-e948-7774-974a-1cde5c5b03d9_payment&searchType=2&page=1&seo_link_id=1406115094&section=1&t_sec=1&sectionType=1&pageViewId=3a937d2f-2fae-4684-92bd-63191a6239d5&t_pvid=3a937d2f-2fae-4684-92bd-63191a6239d5&userAgent=Mozilla%2F5.0+%28Macintosh%3B+Intel+Mac+OS+X+10_15_7%29+AppleWebKit%2F605.1.15+%28KHTML%2C+like+Gecko%29+Version%2F17.4+Safari%2F605.1.15&browser=1&isHuman=true&userIp=189.226.196.225&what=departamento+benito+juarez&search_terms=departamento+benito+juarez&origin=2&t_or=2&splitTestId=0,nuroa,284.76190476190476
16500.0,casa,Benito Juárez,Ciudad de México,116.0,3.0,2.0,,https://www.nuroa.com.mx/adform/8210000781008662807?click_type=0&pos=11&listingId=8210000781008662807&siteStrategyKey=https%3A%2F%2Fwww.nuroa.com.mx&url=https%253A%252F%252Fwww.icasas.mx%252FaggregatorDetail%253FadId%253D019eaa06-10df-758f-88f8-560b5870149c%2526aggregator%253Dmitula%2526utm_content%253D019eaa06-10df-758f-88f8-560b5870149c_payment&searchType=2&page=1&seo_link_id=1406115094&section=1&t_sec=1&sectionType=1&pageViewId=3a937d2f-2fae-4684-92bd-63191a6239d5&t_pvid=3a937d2f-2fae-4684-92bd-63191a6239d5&userAgent=Mozilla%2F5.0+%28Macintosh%3B+Intel+Mac+OS+X+10_15_7%29+AppleWebKit%2F605.1.15+%28KHTML%2C+like+Gecko%29+Version%2F17.4+Safari%2F605.1.15&browser=1&isHuman=true&userIp=189.226.196.225&what=departamento+benito+juarez&search_terms=departamento+benito+juarez&origin=2&t_or=2&splitTestId=0,nuroa,142.24137931034483
23000.0,departamento,Benito Juárez,Ciudad de México,203.0,2.0,2.0,1.0,https://www.nuroa.com.mx/adform/7890000781268021835?click_type=0&pos=12&listingId=7890000781268021835&siteStrategyKey=https%3A%2F%2Fwww.nuroa.com.mx&url=https%253A%252F%252Fwww.icasas.mx%252FaggregatorDetail%253FadId%253D019eb7ae-f5df-7a3f-bcc9-fbaf9f1a6cab%2526aggregator%253Dmitula%2526utm_content%253D019eb7ae-f5df-7a3f-bcc9-fbaf9f1a6cab_payment&searchType=2&page=1&seo_link_id=1406115094&section=1&t_sec=1&sectionType=1&pageViewId=3a937d2f-2fae-4684-92bd-63191a6239d5&t_pvid=3a937d2f-2fae-4684-92bd-63191a6239d5&userAgent=Mozilla%2F5.0+%28Macintosh%3B+Intel+Mac+OS+X+10_15_7%29+AppleWebKit%2F605.1.15+%28KHTML%2C+like+Gecko%29+Version%2F17.4+Safari%2F605.1.15&browser=1&isHuman=true&userIp=189.226.196.225&what=departamento+benito+juarez&search_terms=departamento+benito+juarez&origin=2&t_or=2&splitTestId=0,nuroa,113.30049261083744
22000.0,departamento,Benito Juárez,Ciudad de México,74.0,2.0,1.0,1.0,https://www.nuroa.com.mx/adform/4030000781181495041?click_type=0&pos=14&listingId=4030000781181495041&siteStrategyKey=https%3A%2F%2Fwww.nuroa.com.mx&url=https%253A%252F%252Fwww.icasas.mx%252FaggregatorDetail%253FadId%253D019eb442-5ac4-78a9-ab47-e4906cf74cd7%2526aggregator%253Dmitula%2526utm_content%253D019eb442-5ac4-78a9-ab47-e4906cf74cd7_payment&searchType=2&page=1&seo_link_id=1406115094&section=1&t_sec=1&sectionType=1&pageViewId=3a937d2f-2fae-4684-92bd-63191a6239d5&t_pvid=3a937d2f-2fae-4684-92bd-63191a6239d5&userAgent=Mozilla%2F5.0+%28Macintosh%3B+Intel+Mac+OS+X+10_15_7%29+AppleWebKit%2F605.1.15+%28KHTML%2C+like+Gecko%29+Version%2F17.4+Safari%2F605.1.15&browser=1&isHuman=true&userIp=189.226.196.225&what=departamento+benito+juarez&search_terms=departamento+benito+juarez&origin=2&t_or=2&splitTestId=0,nuroa,297.2972972972973
15500.0,departamento,Benito Juárez,Ciudad de México,94.0,3.0,2.0,,https://www.nuroa.com.mx/adform/4370000781094943609?click_type=0&pos=15&listingId=4370000781094943609&siteStrategyKey=https%3A%2F%2Fwww.nuroa.com.mx&url=https%253A%252F%252Fwww.icasas.mx%252FaggregatorDetail%253FadId%253D019eafc6-50ff-71d7-8c26-3d179f4d8bdb%2526aggregator%253Dmitula%2526utm_content%253D019eafc6-50ff-71d7-8c26-3d179f4d8bdb_payment&searchType=2&page=1&seo_link_id=1406115094&section=1&t_sec=1&sectionType=1&pageViewId=3a937d2f-2fae-4684-92bd-63191a6239d5&t_pvid=3a937d2f-2fae-4684-92bd-63191a6239d5&userAgent=Mozilla%2F5.0+%28Macintosh%3B+Intel+Mac+OS+X+10_15_7%29+AppleWebKit%2F605.1.15+%28KHTML%2C+like+Gecko%29+Version%2F17.4+Safari%2F605.1.15&browser=1&isHuman=true&userIp=189.226.196.225&what=departamento+benito+juarez&search_terms=departamento+benito+juarez&origin=2&t_or=2&splitTestId=0,nuroa,164.89361702127658
18500.0,departamento,Benito Juárez,Ciudad de México,72.0,2.0,2.0,1.0,https://www.nuroa.com.mx/adform/2020000781268211613?click_type=0&pos=16&listingId=2020000781268211613&siteStrategyKey=https%3A%2F%2Fwww.nuroa.com.mx&url=https%253A%252F%252Fwww.icasas.mx%252FaggregatorDetail%253FadId%253D019eba55-d6e6-7729-a944-b724bcc8debe%2526aggregator%253Dmitula%2526utm_content%253D019eba55-d6e6-7729-a944-b724bcc8debe_payment&searchType=2&page=1&seo_link_id=1406115094&section=1&t_sec=1&sectionType=1&pageViewId=3a937d2f-2fae-4684-92bd-63191a6239d5&t_pvid=3a937d2f-2fae-4684-92bd-63191a6239d5&userAgent=Mozilla%2F5.0+%28Macintosh%3B+Intel+Mac+OS+X+10_15_7%29+AppleWebKit%2F605.1.15+%28KHTML%2C+like+Gecko%29+Version%2F17.4+Safari%2F605.1.15&browser=1&isHuman=true&userIp=189.226.196.225&what=departamento+benito+juarez&search_terms=departamento+benito+juarez&origin=2&t_or=2&splitTestId=0,nuroa,256.94444444444446
37000.0,departamento,Benito Juárez,Ciudad de México,135.0,3.0,2.0,,https://www.nuroa.com.mx/adform/2220000780576580570?click_type=0&pos=17&listingId=2220000780576580570&siteStrategyKey=https%3A%2F%2Fwww.nuroa.com.mx&url=https%253A%252F%252Fwww.icasas.mx%252FaggregatorDetail%253FadId%253D019e90e5-8a50-7a3f-8224-2cfc3158825c%2526aggregator%253Dmitula%2526utm_content%253D019e90e5-8a50-7a3f-8224-2cfc3158825c_payment&searchType=2&page=1&seo_link_id=1406115094&section=1&t_sec=1&sectionType=1&pageViewId=3a937d2f-2fae-4684-92bd-63191a6239d5&t_pvid=3a937d2f-2fae-4684-92bd-63191a6239d5&userAgent=Mozilla%2F5.0+%28Macintosh%3B+Intel+Mac+OS+X+10_15_7%29+AppleWebKit%2F605.1.15+%28KHTML%2C+like+Gecko%29+Version%2F17.4+Safari%2F605.1.15&browser=1&isHuman=true&userIp=189.226.196.225&what=departamento+benito+juarez&search_terms=departamento+benito+juarez&origin=2&t_or=2&splitTestId=0,nuroa,274.0740740740741
25000.0,departamento,Benito Juárez,Ciudad de México,45.0,,1.0,,https://www.nuroa.com.mx/adform/2540000781095168148?click_type=0&pos=18&listingId=2540000781095168148&siteStrategyKey=https%3A%2F%2Fwww.nuroa.com.mx&url=https%253A%252F%252Fwww.icasas.mx%252FaggregatorDetail%253FadId%253D019eafc6-6453-7ea7-8d3c-719adfda4a9c%2526aggregator%253Dmitula%2526utm_content%253D019eafc6-6453-7ea7-8d3c-719adfda4a9c_payment&searchType=2&page=1&seo_link_id=1406115094&section=1&t_sec=1&sectionType=1&pageViewId=3a937d2f-2fae-4684-92bd-63191a6239d5&t_pvid=3a937d2f-2fae-4684-92bd-63191a6239d5&userAgent=Mozilla%2F5.0+%28Macintosh%3B+Intel+Mac+OS+X+10_15_7%29+AppleWebKit%2F605.1.15+%28KHTML%2C+like+Gecko%29+Version%2F17.4+Safari%2F605.1.15&browser=1&isHuman=true&userIp=189.226.196.225&what=departamento+benito+juarez&search_terms=departamento+benito+juarez&origin=2&t_or=2&splitTestId=0,nuroa,555.5555555555555
38000.0,departamento,Benito Juárez,Ciudad de México,88.0,2.0,2.0,,https://www.nuroa.com.mx/adform/5020000780576722759?click_type=0&pos=19&listingId=5020000780576722759&siteStrategyKey=https%3A%2F%2Fwww.nuroa.com.mx&url=https%253A%252F%252Fwww.icasas.mx%252FaggregatorDetail%253FadId%253D019e9044-f602-783f-8d51-9c87db1f4b66%2526aggregator%253Dmitula%2526utm_content%253D019e9044-f602-783f-8d51-9c87db1f4b66_payment&searchType=2&page=1&seo_link_id=1406115094&section=1&t_sec=1&sectionType=1&pageViewId=3a937d2f-2fae-4684-92bd-63191a6239d5&t_pvid=3a937d2f-2fae-4684-92bd-63191a6239d5&userAgent=Mozilla%2F5.0+%28Macintosh%3B+Intel+Mac+OS+X+10_15_7%29+AppleWebKit%2F605.1.15+%28KHTML%2C+like+Gecko%29+Version%2F17.4+Safari%2F605.1.15&browser=1&isHuman=true&userIp=189.226.196.225&what=departamento+benito+juarez&search_terms=departamento+benito+juarez&origin=2&t_or=2&splitTestId=0,nuroa,431.8181818181818
18500.0,departamento,Benito Juárez,Ciudad de México,87.0,2.0,2.0,,https://www.nuroa.com.mx/adform/9070000780663115711?click_type=0&pos=20&listingId=9070000780663115711&siteStrategyKey=https%3A%2F%2Fwww.nuroa.com.mx&url=https%253A%252F%252Fwww.icasas.mx%252FaggregatorDetail%253FadId%253D019e93dd-9081-7dfb-bdfe-376a25d56c1d%2526aggregator%253Dmitula%2526utm_content%253D019e93dd-9081-7dfb-bdfe-376a25d56c1d_payment&searchType=2&page=1&seo_link_id=1406115094&section=1&t_sec=1&sectionType=1&pageViewId=3a937d2f-2fae-4684-92bd-63191a6239d5&t_pvid=3a937d2f-2fae-4684-92bd-63191a6239d5&userAgent=Mozilla%2F5.0+%28Macintosh%3B+Intel+Mac+OS+X+10_15_7%29+AppleWebKit%2F605.1.15+%28KHTML%2C+like+Gecko%29+Version%2F17.4+Safari%2F605.1.15&browser=1&isHuman=true&userIp=189.226.196.225&what=departamento+benito+juarez&search_terms=departamento+benito+juarez&origin=2&t_or=2&splitTestId=0,nuroa,212.64367816091954
18500.0,departamento,Benito Juárez,Ciudad de México,90.0,2.0,2.0,1.0,https://www.nuroa.com.mx/adform/6370000781008847464?click_type=0&pos=23&listingId=6370000781008847464&siteStrategyKey=https%3A%2F%2Fwww.nuroa.com.mx&url=https%253A%252F%252Fwww.icasas.mx%252FaggregatorDetail%253FadId%253D019ea7d2-2cb0-776a-bef4-50072b153560%2526aggregator%253Dmitula%2526utm_content%253D019ea7d2-2cb0-776a-bef4-50072b153560_payment&searchType=2&page=1&seo_link_id=1406115094&section=1&t_sec=1&sectionType=1&pageViewId=3a937d2f-2fae-4684-92bd-63191a6239d5&t_pvid=3a937d2f-2fae-4684-92bd-63191a6239d5&userAgent=Mozilla%2F5.0+%28Macintosh%3B+Intel+Mac+OS+X+10_15_7%29+AppleWebKit%2F605.1.15+%28KHTML%2C+like+Gecko%29+Version%2F17.4+Safari%2F605.1.15&browser=1&isHuman=true&userIp=189.226.196.225&what=departamento+benito+juarez&search_terms=departamento+benito+juarez&origin=2&t_or=2&splitTestId=0,nuroa,205.55555555555554
29000.0,loft,Benito Juárez,Ciudad de México,80.0,1.0,2.0,,https://www.nuroa.com.mx/adform/8840000771439759281?click_type=0&pos=24&listingId=8840000771439759281&siteStrategyKey=https%3A%2F%2Fwww.nuroa.com.mx&url=https%253A%252F%252Fwww.icasas.mx%252FaggregatorDetail%253FadId%253D019c70c8-0e77-7ee9-a1f3-2d8da66e9702%2526aggregator%253Dmitula%2526utm_content%253D019c70c8-0e77-7ee9-a1f3-2d8da66e9702_payment&searchType=2&page=1&seo_link_id=1406115094&section=1&t_sec=1&sectionType=1&pageViewId=3a937d2f-2fae-4684-92bd-63191a6239d5&t_pvid=3a937d2f-2fae-4684-92bd-63191a6239d5&userAgent=Mozilla%2F5.0+%28Macintosh%3B+Intel+Mac+OS+X+10_15_7%29+AppleWebKit%2F605.1.15+%28KHTML%2C+like+Gecko%29+Version%2F17.4+Safari%2F605.1.15&browser=1&isHuman=true&userIp=189.226.196.225&what=departamento+benito+juarez&search_terms=departamento+benito+juarez&origin=2&t_or=2&splitTestId=0,nuroa,362.5
65000.0,departamento,Benito Juárez,Ciudad de México,150.0,2.0,3.0,,https://www.nuroa.com.mx/adform/2170000777811718561?click_type=0&pos=25&listingId=2170000777811718561&siteStrategyKey=https%3A%2F%2Fwww.nuroa.com.mx&url=https%253A%252F%252Fwww.icasas.mx%252FaggregatorDetail%253FadId%253D019de967-3577-7331-a92e-dbfff8a9cef6%2526aggregator%253Dmitula%2526utm_content%253D019de967-3577-7331-a92e-dbfff8a9cef6_payment&searchType=2&page=1&seo_link_id=1406115094&section=1&t_sec=1&sectionType=1&pageViewId=3a937d2f-2fae-4684-92bd-63191a6239d5&t_pvid=3a937d2f-2fae-4684-92bd-63191a6239d5&userAgent=Mozilla%2F5.0+%28Macintosh%3B+Intel+Mac+OS+X+10_15_7%29+AppleWebKit%2F605.1.15+%28KHTML%2C+like+Gecko%29+Version%2F17.4+Safari%2F605.1.15&browser=1&isHuman=true&userIp=189.226.196.225&what=departamento+benito+juarez&search_terms=departamento+benito+juarez&origin=2&t_or=2&splitTestId=0,nuroa,433.3333333333333
62000.0,departamento,Benito Juárez,Ciudad de México,188.0,3.0,3.0,1.0,https://www.nuroa.com.mx/adform/2750000764161001034?click_type=1&pos=3&listingId=2750000764161001034&siteStrategyKey=https%3A%2F%2Fwww.nuroa.com.mx&url=https%253A%252F%252Fwww.icasas.mx%252FaggregatorDetail%253FadId%253D019abb15-8962-7194-8cf4-da6c333478d5%2526aggregator%253Dmitula%2526utm_content%253D019abb15-8962-7194-8cf4-da6c333478d5_payment&searchType=2&page=1&seo_link_id=1406115094&section=27&t_sec=27&sectionType=2&pageViewId=3a937d2f-2fae-4684-92bd-63191a6239d5&t_pvid=3a937d2f-2fae-4684-92bd-63191a6239d5&userAgent=Mozilla%2F5.0+%28Macintosh%3B+Intel+Mac+OS+X+10_15_7%29+AppleWebKit%2F605.1.15+%28KHTML%2C+like+Gecko%29+Version%2F17.4+Safari%2F605.1.15&browser=1&isHuman=true&userIp=189.226.196.225&what=departamento+benito+juarez&search_terms=departamento+benito+juarez&origin=2&t_or=2&splitTestId=0,nuroa,329.78723404255317
21500.0,departamento,Benito Juárez,Ciudad de México,100.0,3.0,2.0,,https://www.nuroa.com.mx/adform/2090000778330278002?click_type=1&pos=4&listingId=2090000778330278002&siteStrategyKey=https%3A%2F%2Fwww.nuroa.com.mx&url=https%253A%252F%252Fwww.icasas.mx%252FaggregatorDetail%253FadId%253D019b096f-9591-73bd-b48c-f9db6c7b3f37%2526aggregator%253Dmitula%2526utm_content%253D019b096f-9591-73bd-b48c-f9db6c7b3f37_payment&searchType=2&page=1&seo_link_id=1406115094&section=27&t_sec=27&sectionType=2&pageViewId=3a937d2f-2fae-4684-92bd-63191a6239d5&t_pvid=3a937d2f-2fae-4684-92bd-63191a6239d5&userAgent=Mozilla%2F5.0+%28Macintosh%3B+Intel+Mac+OS+X+10_15_7%29+AppleWebKit%2F605.1.15+%28KHTML%2C+like+Gecko%29+Version%2F17.4+Safari%2F605.1.15&browser=1&isHuman=true&userIp=189.226.196.225&what=departamento+benito+juarez&search_terms=departamento+benito+juarez&origin=2&t_or=2&splitTestId=0,nuroa,215.0
23000.0,loft,Benito Juárez,Ciudad de México,63.0,1.0,1.0,,https://www.nuroa.com.mx/adform/5920000780144683272?click_type=0&pos=1&listingId=5920000780144683272&siteStrategyKey=https%3A%2F%2Fwww.nuroa.com.mx&url=https%253A%252F%252Fwww.icasas.mx%252FaggregatorDetail%253FadId%253D019e76a7-3ffd-7468-84a6-393077705ed5%2526aggregator%253Dmitula%2526utm_content%253D019e76a7-3ffd-7468-84a6-393077705ed5_payment&searchType=2&page=2&seo_link_id=1406115094&section=1&t_sec=1&sectionType=1&pageViewId=f6cf4e84-9c1b-406e-87d4-ea890d175894&t_pvid=f6cf4e84-9c1b-406e-87d4-ea890d175894&userAgent=Mozilla%2F5.0+%28Macintosh%3B+Intel+Mac+OS+X+10_15_7%29+AppleWebKit%2F537.36+%28KHTML%2C+like+Gecko%29+Chrome%2F124.0.0.0+Safari%2F537.36&browser=1&isHuman=true&userIp=189.226.196.225&what=departamento+benito+juarez&search_terms=departamento+benito+juarez&origin=2&t_or=2&splitTestId=0,nuroa,365.07936507936506
27500.0,departamento,Benito Juárez,Ciudad de México,47.0,1.0,1.0,1.0,https://www.nuroa.com.mx/adform/1450000780598337148?click_type=0&pos=2&listingId=1450000780598337148&siteStrategyKey=https%3A%2F%2Fwww.nuroa.com.mx&url=https%253A%252F%252Fwww.icasas.mx%252FaggregatorDetail%253FadId%253D019e18f0-7f24-7264-a623-9251883e8f37%2526aggregator%253Dmitula%2526utm_content%253D019e18f0-7f24-7264-a623-9251883e8f37_payment&searchType=2&page=2&seo_link_id=1406115094&section=1&t_sec=1&sectionType=1&pageViewId=f6cf4e84-9c1b-406e-87d4-ea890d175894&t_pvid=f6cf4e84-9c1b-406e-87d4-ea890d175894&userAgent=Mozilla%2F5.0+%28Macintosh%3B+Intel+Mac+OS+X+10_15_7%29+AppleWebKit%2F537.36+%28KHTML%2C+like+Gecko%29+Chrome%2F124.0.0.0+Safari%2F537.36&browser=1&isHuman=true&userIp=189.226.196.225&what=departamento+benito+juarez&search_terms=departamento+benito+juarez&origin=2&t_or=2&splitTestId=0,nuroa,585.1063829787234
28500.0,departamento,Benito Juárez,Ciudad de México,100.0,2.0,2.0,1.0,https://www.nuroa.com.mx/adform/4830000780684689020?click_type=0&pos=3&listingId=4830000780684689020&siteStrategyKey=https%3A%2F%2Fwww.nuroa.com.mx&url=https%253A%252F%252Fwww.icasas.mx%252FaggregatorDetail%253FadId%253D019e9737-7ac4-70ba-bd43-536ee67d78ed%2526aggregator%253Dmitula%2526utm_content%253D019e9737-7ac4-70ba-bd43-536ee67d78ed_payment&searchType=2&page=2&seo_link_id=1406115094&section=1&t_sec=1&sectionType=1&pageViewId=f6cf4e84-9c1b-406e-87d4-ea890d175894&t_pvid=f6cf4e84-9c1b-406e-87d4-ea890d175894&userAgent=Mozilla%2F5.0+%28Macintosh%3B+Intel+Mac+OS+X+10_15_7%29+AppleWebKit%2F537.36+%28KHTML%2C+like+Gecko%29+Chrome%2F124.0.0.0+Safari%2F537.36&browser=1&isHuman=true&userIp=189.226.196.225&what=departamento+benito+juarez&search_terms=departamento+benito+juarez&origin=2&t_or=2&splitTestId=0,nuroa,285.0
22000.0,departamento,Benito Juárez,Ciudad de México,65.0,2.0,2.0,,https://www.nuroa.com.mx/adform/7530000776969419959?click_type=0&pos=4&listingId=7530000776969419959&siteStrategyKey=https%3A%2F%2Fwww.nuroa.com.mx&url=https%253A%252F%252Fwww.icasas.mx%252FaggregatorDetail%253FadId%253D019dba7b-7e6a-7113-a908-4d94a65a03a4%2526aggregator%253Dmitula%2526utm_content%253D019dba7b-7e6a-7113-a908-4d94a65a03a4_payment&searchType=2&page=2&seo_link_id=1406115094&section=1&t_sec=1&sectionType=1&pageViewId=f6cf4e84-9c1b-406e-87d4-ea890d175894&t_pvid=f6cf4e84-9c1b-406e-87d4-ea890d175894&userAgent=Mozilla%2F5.0+%28Macintosh%3B+Intel+Mac+OS+X+10_15_7%29+AppleWebKit%2F537.36+%28KHTML%2C+like+Gecko%29+Chrome%2F124.0.0.0+Safari%2F537.36&browser=1&isHuman=true&userIp=189.226.196.225&what=departamento+benito+juarez&search_terms=departamento+benito+juarez&origin=2&t_or=2&splitTestId=0,nuroa,338.46153846153845
17000.0,departamento,Benito Juárez,Ciudad de México,75.0,3.0,2.0,,https://www.nuroa.com.mx/adform/4490000780663438786?click_type=0&pos=5&listingId=4490000780663438786&siteStrategyKey=https%3A%2F%2Fwww.nuroa.com.mx&url=https%253A%252F%252Fwww.icasas.mx%252FaggregatorDetail%253FadId%253D019e9436-696c-751a-90c1-30d08a6a1ec8%2526aggregator%253Dmitula%2526utm_content%253D019e9436-696c-751a-90c1-30d08a6a1ec8_payment&searchType=2&page=2&seo_link_id=1406115094&section=1&t_sec=1&sectionType=1&pageViewId=f6cf4e84-9c1b-406e-87d4-ea890d175894&t_pvid=f6cf4e84-9c1b-406e-87d4-ea890d175894&userAgent=Mozilla%2F5.0+%28Macintosh%3B+Intel+Mac+OS+X+10_15_7%29+AppleWebKit%2F537.36+%28KHTML%2C+like+Gecko%29+Chrome%2F124.0.0.0+Safari%2F537.36&browser=1&isHuman=true&userIp=189.226.196.225&what=departamento+benito+juarez&search_terms=departamento+benito+juarez&origin=2&t_or=2&splitTestId=0,nuroa,226.66666666666666
15200.0,departamento,Benito Juárez,Ciudad de México,54.0,2.0,1.0,,https://www.nuroa.com.mx/adform/5880000780684760754?click_type=0&pos=6&listingId=5880000780684760754&siteStrategyKey=https%3A%2F%2Fwww.nuroa.com.mx&url=https%253A%252F%252Fwww.icasas.mx%252FaggregatorDetail%253FadId%253D019e97c7-4741-7b05-8844-fbde2f25eaf8%2526aggregator%253Dmitula%2526utm_content%253D019e97c7-4741-7b05-8844-fbde2f25eaf8_payment&searchType=2&page=2&seo_link_id=1406115094&section=1&t_sec=1&sectionType=1&pageViewId=f6cf4e84-9c1b-406e-87d4-ea890d175894&t_pvid=f6cf4e84-9c1b-406e-87d4-ea890d175894&userAgent=Mozilla%2F5.0+%28Macintosh%3B+Intel+Mac+OS+X+10_15_7%29+AppleWebKit%2F537.36+%28KHTML%2C+like+Gecko%29+Chrome%2F124.0.0.0+Safari%2F537.36&browser=1&isHuman=true&userIp=189.226.196.225&what=departamento+benito+juarez&search_terms=departamento+benito+juarez&origin=2&t_or=2&splitTestId=0,nuroa,281.48148148148147
36000.0,departamento,Benito Juárez,Ciudad de México,147.0,2.0,2.0,1.0,https://www.nuroa.com.mx/adform/5900000780145018486?click_type=0&pos=8&listingId=5900000780145018486&siteStrategyKey=https%3A%2F%2Fwww.nuroa.com.mx&url=https%253A%252F%252Fwww.icasas.mx%252FaggregatorDetail%253FadId%253D663b63f0-0530-1ffd-bbab-6f7475dfe037%2526aggregator%253Dmitula%2526utm_content%253D663b63f0-0530-1ffd-bbab-6f7475dfe037_payment&searchType=2&page=2&seo_link_id=1406115094&section=1&t_sec=1&sectionType=1&pageViewId=f6cf4e84-9c1b-406e-87d4-ea890d175894&t_pvid=f6cf4e84-9c1b-406e-87d4-ea890d175894&userAgent=Mozilla%2F5.0+%28Macintosh%3B+Intel+Mac+OS+X+10_15_7%29+AppleWebKit%2F537.36+%28KHTML%2C+like+Gecko%29+Chrome%2F124.0.0.0+Safari%2F537.36&browser=1&isHuman=true&userIp=189.226.196.225&what=departamento+benito+juarez&search_terms=departamento+benito+juarez&origin=2&t_or=2&splitTestId=0,nuroa,244.89795918367346
27000.0,departamento,Benito Juárez,Ciudad de México,96.0,2.0,2.0,1.0,https://www.nuroa.com.mx/adform/4430000780403819238?click_type=0&pos=9&listingId=4430000780403819238&siteStrategyKey=https%3A%2F%2Fwww.nuroa.com.mx&url=https%253A%252F%252Fwww.icasas.mx%252FaggregatorDetail%253FadId%253D019e8485-11ab-75b9-8c1c-cb57b01529dc%2526aggregator%253Dmitula%2526utm_content%253D019e8485-11ab-75b9-8c1c-cb57b01529dc_payment&searchType=2&page=2&seo_link_id=1406115094&section=1&t_sec=1&sectionType=1&pageViewId=f6cf4e84-9c1b-406e-87d4-ea890d175894&t_pvid=f6cf4e84-9c1b-406e-87d4-ea890d175894&userAgent=Mozilla%2F5.0+%28Macintosh%3B+Intel+Mac+OS+X+10_15_7%29+AppleWebKit%2F537.36+%28KHTML%2C+like+Gecko%29+Chrome%2F124.0.0.0+Safari%2F537.36&browser=1&isHuman=true&userIp=189.226.196.225&what=departamento+benito+juarez&search_terms=departamento+benito+juarez&origin=2&t_or=2&splitTestId=0,nuroa,281.25
26000.0,departamento,Benito Juárez,Ciudad de México,70.0,2.0,2.0,1.0,https://www.nuroa.com.mx/adform/1980000779280604096?click_type=0&pos=11&listingId=1980000779280604096&siteStrategyKey=https%3A%2F%2Fwww.nuroa.com.mx&url=https%253A%252F%252Fwww.icasas.mx%252FaggregatorDetail%253FadId%253D019df816-d5d3-7d81-9730-ef79a0118c55%2526aggregator%253Dmitula%2526utm_content%253D019df816-d5d3-7d81-9730-ef79a0118c55_payment&searchType=2&page=2&seo_link_id=1406115094&section=1&t_sec=1&sectionType=1&pageViewId=f6cf4e84-9c1b-406e-87d4-ea890d175894&t_pvid=f6cf4e84-9c1b-406e-87d4-ea890d175894&userAgent=Mozilla%2F5.0+%28Macintosh%3B+Intel+Mac+OS+X+10_15_7%29+AppleWebKit%2F537.36+%28KHTML%2C+like+Gecko%29+Chrome%2F124.0.0.0+Safari%2F537.36&browser=1&isHuman=true&userIp=189.226.196.225&what=departamento+benito+juarez&search_terms=departamento+benito+juarez&origin=2&t_or=2&splitTestId=0,nuroa,371.42857142857144
29900.0,departamento,Benito Juárez,Ciudad de México,145.0,3.0,3.0,,https://www.nuroa.com.mx/adform/2820000780403966972?click_type=0&pos=12&listingId=2820000780403966972&siteStrategyKey=https%3A%2F%2Fwww.nuroa.com.mx&url=https%253A%252F%252Fwww.icasas.mx%252FaggregatorDetail%253FadId%253D019e86c9-07ed-7290-a6c7-b2e33621ee26%2526aggregator%253Dmitula%2526utm_content%253D019e86c9-07ed-7290-a6c7-b2e33621ee26_payment&searchType=2&page=2&seo_link_id=1406115094&section=1&t_sec=1&sectionType=1&pageViewId=f6cf4e84-9c1b-406e-87d4-ea890d175894&t_pvid=f6cf4e84-9c1b-406e-87d4-ea890d175894&userAgent=Mozilla%2F5.0+%28Macintosh%3B+Intel+Mac+OS+X+10_15_7%29+AppleWebKit%2F537.36+%28KHTML%2C+like+Gecko%29+Chrome%2F124.0.0.0+Safari%2F537.36&browser=1&isHuman=true&userIp=189.226.196.225&what=departamento+benito+juarez&search_terms=departamento+benito+juarez&origin=2&t_or=2&splitTestId=0,nuroa,206.20689655172413
28500.0,departamento,Benito Juárez,Ciudad de México,85.0,2.0,2.0,1.0,https://www.nuroa.com.mx/adform/1010000779561621627?click_type=0&pos=13&listingId=1010000779561621627&siteStrategyKey=https%3A%2F%2Fwww.nuroa.com.mx&url=https%253A%252F%252Fwww.icasas.mx%252FaggregatorDetail%253FadId%253D019e55e0-f79e-780a-8f3a-a2849c9a6dc6%2526aggregator%253Dmitula%2526utm_content%253D019e55e0-f79e-780a-8f3a-a2849c9a6dc6_payment&searchType=2&page=2&seo_link_id=1406115094&section=1&t_sec=1&sectionType=1&pageViewId=f6cf4e84-9c1b-406e-87d4-ea890d175894&t_pvid=f6cf4e84-9c1b-406e-87d4-ea890d175894&userAgent=Mozilla%2F5.0+%28Macintosh%3B+Intel+Mac+OS+X+10_15_7%29+AppleWebKit%2F537.36+%28KHTML%2C+like+Gecko%29+Chrome%2F124.0.0.0+Safari%2F537.36&browser=1&isHuman=true&userIp=189.226.196.225&what=departamento+benito+juarez&search_terms=departamento+benito+juarez&origin=2&t_or=2&splitTestId=0,nuroa,335.29411764705884
69419.0,departamento,Benito Juárez,Ciudad de México,163.0,3.0,2.0,,https://www.nuroa.com.mx/adform/4620000776947704241?click_type=0&pos=19&listingId=4620000776947704241&siteStrategyKey=https%3A%2F%2Fwww.nuroa.com.mx&url=https%253A%252F%252Fwww.icasas.mx%252FaggregatorDetail%253FadId%253D019db5f7-07e9-74cf-805d-917cb5f1ae8f%2526aggregator%253Dmitula%2526utm_content%253D019db5f7-07e9-74cf-805d-917cb5f1ae8f_payment&searchType=2&page=2&seo_link_id=1406115094&section=1&t_sec=1&sectionType=1&pageViewId=f6cf4e84-9c1b-406e-87d4-ea890d175894&t_pvid=f6cf4e84-9c1b-406e-87d4-ea890d175894&userAgent=Mozilla%2F5.0+%28Macintosh%3B+Intel+Mac+OS+X+10_15_7%29+AppleWebKit%2F537.36+%28KHTML%2C+like+Gecko%29+Chrome%2F124.0.0.0+Safari%2F537.36&browser=1&isHuman=true&userIp=189.226.196.225&what=departamento+benito+juarez&search_terms=departamento+benito+juarez&origin=2&t_or=2&splitTestId=0,nuroa,425.8834355828221
39000.0,departamento,Benito Juárez,Ciudad de México,100.0,3.0,2.0,,https://www.nuroa.com.mx/adform/7840000764160618585?click_type=0&pos=23&listingId=7840000764160618585&siteStrategyKey=https%3A%2F%2Fwww.nuroa.com.mx&url=https%253A%252F%252Fwww.icasas.mx%252FaggregatorDetail%253FadId%253D019abb15-5b86-7f17-bfcc-f6938a82df48%2526aggregator%253Dmitula%2526utm_content%253D019abb15-5b86-7f17-bfcc-f6938a82df48_payment&searchType=2&page=2&seo_link_id=1406115094&section=1&t_sec=1&sectionType=1&pageViewId=f6cf4e84-9c1b-406e-87d4-ea890d175894&t_pvid=f6cf4e84-9c1b-406e-87d4-ea890d175894&userAgent=Mozilla%2F5.0+%28Macintosh%3B+Intel+Mac+OS+X+10_15_7%29+AppleWebKit%2F537.36+%28KHTML%2C+like+Gecko%29+Chrome%2F124.0.0.0+Safari%2F537.36&browser=1&isHuman=true&userIp=189.226.196.225&what=departamento+benito+juarez&search_terms=departamento+benito+juarez&origin=2&t_or=2&splitTestId=0,nuroa,390.0
30000.0,departamento,Benito Juárez,Ciudad de México,258.0,3.0,2.0,,https://www.nuroa.com.mx/adform/4800000779367159202?click_type=0&pos=24&listingId=4800000779367159202&siteStrategyKey=https%3A%2F%2Fwww.nuroa.com.mx&url=https%253A%252F%252Fwww.icasas.mx%252FaggregatorDetail%253FadId%253D019e480c-d590-758f-a586-f5cf0112c2c7%2526aggregator%253Dmitula%2526utm_content%253D019e480c-d590-758f-a586-f5cf0112c2c7_payment&searchType=2&page=2&seo_link_id=1406115094&section=1&t_sec=1&sectionType=1&pageViewId=f6cf4e84-9c1b-406e-87d4-ea890d175894&t_pvid=f6cf4e84-9c1b-406e-87d4-ea890d175894&userAgent=Mozilla%2F5.0+%28Macintosh%3B+Intel+Mac+OS+X+10_15_7%29+AppleWebKit%2F537.36+%28KHTML%2C+like+Gecko%29+Chrome%2F124.0.0.0+Safari%2F537.36&browser=1&isHuman=true&userIp=189.226.196.225&what=departamento+benito+juarez&search_terms=departamento+benito+juarez&origin=2&t_or=2&splitTestId=0,nuroa,116.27906976744185
65000.0,departamento,Benito Juárez,Ciudad de México,195.0,3.0,3.0,,https://www.nuroa.com.mx/adform/2110000779194457461?click_type=0&pos=25&listingId=2110000779194457461&siteStrategyKey=https%3A%2F%2Fwww.nuroa.com.mx&url=https%253A%252F%252Fwww.icasas.mx%252FaggregatorDetail%253FadId%253D019e3e51-d4e6-7c0c-96c0-034b122d55e6%2526aggregator%253Dmitula%2526utm_content%253D019e3e51-d4e6-7c0c-96c0-034b122d55e6_payment&searchType=2&page=2&seo_link_id=1406115094&section=1&t_sec=1&sectionType=1&pageViewId=f6cf4e84-9c1b-406e-87d4-ea890d175894&t_pvid=f6cf4e84-9c1b-406e-87d4-ea890d175894&userAgent=Mozilla%2F5.0+%28Macintosh%3B+Intel+Mac+OS+X+10_15_7%29+AppleWebKit%2F537.36+%28KHTML%2C+like+Gecko%29+Chrome%2F124.0.0.0+Safari%2F537.36&browser=1&isHuman=true&userIp=189.226.196.225&what=departamento+benito+juarez&search_terms=departamento+benito+juarez&origin=2&t_or=2&splitTestId=0,nuroa,333.3333333333333
26000.0,departamento,Benito Juárez,Ciudad de México,98.0,2.0,2.0,1.0,https://www.nuroa.com.mx/adform/3770000778244177475?click_type=0&pos=1&listingId=3770000778244177475&siteStrategyKey=https%3A%2F%2Fwww.nuroa.com.mx&url=https%253A%252F%252Fwww.icasas.mx%252FaggregatorDetail%253FadId%253D019d926c-0092-777f-9acd-9c98a4b0f92c%2526aggregator%253Dmitula%2526utm_content%253D019d926c-0092-777f-9acd-9c98a4b0f92c_payment&searchType=2&page=3&seo_link_id=1406115094&section=1&t_sec=1&sectionType=1&pageViewId=ae404ac3-91fd-4d37-bcd1-1d08197f1acd&t_pvid=ae404ac3-91fd-4d37-bcd1-1d08197f1acd&userAgent=Mozilla%2F5.0+%28Windows+NT+10.0%3B+Win64%3B+x64%3B+rv%3A125.0%29+Gecko%2F20100101+Firefox%2F125.0&browser=1&isHuman=true&userIp=189.226.196.225&what=departamento+benito+juarez&search_terms=departamento+benito+juarez&origin=2&t_or=2&splitTestId=0,nuroa,265.3061224489796
105000.0,departamento,Benito Juárez,Ciudad de México,248.0,3.0,3.0,,https://www.nuroa.com.mx/adform/4840000778589465394?click_type=0&pos=3&listingId=4840000778589465394&siteStrategyKey=https%3A%2F%2Fwww.nuroa.com.mx&url=https%253A%252F%252Fwww.icasas.mx%252FaggregatorDetail%253FadId%253D019e18b6-5c87-753a-832d-bc458fd1a773%2526aggregator%253Dmitula%2526utm_content%253D019e18b6-5c87-753a-832d-bc458fd1a773_payment&searchType=2&page=3&seo_link_id=1406115094&section=1&t_sec=1&sectionType=1&pageViewId=ae404ac3-91fd-4d37-bcd1-1d08197f1acd&t_pvid=ae404ac3-91fd-4d37-bcd1-1d08197f1acd&userAgent=Mozilla%2F5.0+%28Windows+NT+10.0%3B+Win64%3B+x64%3B+rv%3A125.0%29+Gecko%2F20100101+Firefox%2F125.0&browser=1&isHuman=true&userIp=189.226.196.225&what=departamento+benito+juarez&search_terms=departamento+benito+juarez&origin=2&t_or=2&splitTestId=0,nuroa,423.38709677419354
95000.0,departamento,Benito Juárez,Ciudad de México,250.0,3.0,4.0,1.0,https://www.nuroa.com.mx/adform/3360000777984591759?click_type=0&pos=5&listingId=3360000777984591759&siteStrategyKey=https%3A%2F%2Fwww.nuroa.com.mx&url=https%253A%252F%252Fwww.icasas.mx%252FaggregatorDetail%253FadId%253D019df454-e70f-7468-98f5-33384a830d53%2526aggregator%253Dmitula%2526utm_content%253D019df454-e70f-7468-98f5-33384a830d53_payment&searchType=2&page=3&seo_link_id=1406115094&section=1&t_sec=1&sectionType=1&pageViewId=ae404ac3-91fd-4d37-bcd1-1d08197f1acd&t_pvid=ae404ac3-91fd-4d37-bcd1-1d08197f1acd&userAgent=Mozilla%2F5.0+%28Windows+NT+10.0%3B+Win64%3B+x64%3B+rv%3A125.0%29+Gecko%2F20100101+Firefox%2F125.0&browser=1&isHuman=true&userIp=189.226.196.225&what=departamento+benito+juarez&search_terms=departamento+benito+juarez&origin=2&t_or=2&splitTestId=0,nuroa,380.0
35000.0,departamento,Benito Juárez,Ciudad de México,130.0,3.0,3.0,1.0,https://www.nuroa.com.mx/adform/1390000777812100918?click_type=0&pos=6&listingId=1390000777812100918&siteStrategyKey=https%3A%2F%2Fwww.nuroa.com.mx&url=https%253A%252F%252Fwww.icasas.mx%252FaggregatorDetail%253FadId%253D019debf3-87f6-759e-81ca-61a48d5b2ea0%2526aggregator%253Dmitula%2526utm_content%253D019debf3-87f6-759e-81ca-61a48d5b2ea0_payment&searchType=2&page=3&seo_link_id=1406115094&section=1&t_sec=1&sectionType=1&pageViewId=ae404ac3-91fd-4d37-bcd1-1d08197f1acd&t_pvid=ae404ac3-91fd-4d37-bcd1-1d08197f1acd&userAgent=Mozilla%2F5.0+%28Windows+NT+10.0%3B+Win64%3B+x64%3B+rv%3A125.0%29+Gecko%2F20100101+Firefox%2F125.0&browser=1&isHuman=true&userIp=189.226.196.225&what=departamento+benito+juarez&search_terms=departamento+benito+juarez&origin=2&t_or=2&splitTestId=0,nuroa,269.2307692307692
30000.0,departamento,Benito Juárez,Ciudad de México,90.0,2.0,2.0,1.0,https://www.nuroa.com.mx/adform/1290000777638984820?click_type=0&pos=7&listingId=1290000777638984820&siteStrategyKey=https%3A%2F%2Fwww.nuroa.com.mx&url=https%253A%252F%252Fwww.icasas.mx%252FaggregatorDetail%253FadId%253D019de027-43c5-7337-9043-2a732d0f741d%2526aggregator%253Dmitula%2526utm_content%253D019de027-43c5-7337-9043-2a732d0f741d_payment&searchType=2&page=3&seo_link_id=1406115094&section=1&t_sec=1&sectionType=1&pageViewId=ae404ac3-91fd-4d37-bcd1-1d08197f1acd&t_pvid=ae404ac3-91fd-4d37-bcd1-1d08197f1acd&userAgent=Mozilla%2F5.0+%28Windows+NT+10.0%3B+Win64%3B+x64%3B+rv%3A125.0%29+Gecko%2F20100101+Firefox%2F125.0&browser=1&isHuman=true&userIp=189.226.196.225&what=departamento+benito+juarez&search_terms=departamento+benito+juarez&origin=2&t_or=2&splitTestId=0,nuroa,333.3333333333333
18000.0,departamento,Benito Juárez,Ciudad de México,110.0,2.0,2.0,,https://www.nuroa.com.mx/adform/2270000780144506550?click_type=0&pos=8&listingId=2270000780144506550&siteStrategyKey=https%3A%2F%2Fwww.nuroa.com.mx&url=https%253A%252F%252Fwww.icasas.mx%252FaggregatorDetail%253FadId%253D019a8a7c-ccdd-74a8-b296-a1edb4f683bf%2526aggregator%253Dmitula%2526utm_content%253D019a8a7c-ccdd-74a8-b296-a1edb4f683bf_payment&searchType=2&page=3&seo_link_id=1406115094&section=1&t_sec=1&sectionType=1&pageViewId=ae404ac3-91fd-4d37-bcd1-1d08197f1acd&t_pvid=ae404ac3-91fd-4d37-bcd1-1d08197f1acd&userAgent=Mozilla%2F5.0+%28Windows+NT+10.0%3B+Win64%3B+x64%3B+rv%3A125.0%29+Gecko%2F20100101+Firefox%2F125.0&browser=1&isHuman=true&userIp=189.226.196.225&what=departamento+benito+juarez&search_terms=departamento+benito+juarez&origin=2&t_or=2&splitTestId=0,nuroa,163.63636363636363
36000.0,departamento,Benito Juárez,Ciudad de México,145.0,3.0,2.0,1.0,https://www.nuroa.com.mx/adform/1560002777725709281?click_type=0&pos=9&listingId=1560002777725709281&siteStrategyKey=https%3A%2F%2Fwww.nuroa.com.mx&url=https%253A%252F%252Fwww.icasas.mx%252FaggregatorDetail%253FadId%253D019de4da-2180-797e-9d8d-52ee51796a73%2526aggregator%253Dmitula%2526utm_content%253D019de4da-2180-797e-9d8d-52ee51796a73_payment&searchType=2&page=3&seo_link_id=1406115094&section=1&t_sec=1&sectionType=1&pageViewId=ae404ac3-91fd-4d37-bcd1-1d08197f1acd&t_pvid=ae404ac3-91fd-4d37-bcd1-1d08197f1acd&userAgent=Mozilla%2F5.0+%28Windows+NT+10.0%3B+Win64%3B+x64%3B+rv%3A125.0%29+Gecko%2F20100101+Firefox%2F125.0&browser=1&isHuman=true&userIp=189.226.196.225&what=departamento+benito+juarez&search_terms=departamento+benito+juarez&origin=2&t_or=2&splitTestId=0,nuroa,248.27586206896552
26000.0,departamento,Benito Juárez,Ciudad de México,99.0,2.0,3.0,1.0,https://www.nuroa.com.mx/adform/2200000775824816123?click_type=0&pos=10&listingId=2200000775824816123&siteStrategyKey=https%3A%2F%2Fwww.nuroa.com.mx&url=https%253A%252F%252Fwww.icasas.mx%252FaggregatorDetail%253FadId%253D019d750f-47eb-7007-94cd-4cf8a4a45e15%2526aggregator%253Dmitula%2526utm_content%253D019d750f-47eb-7007-94cd-4cf8a4a45e15_payment&searchType=2&page=3&seo_link_id=1406115094&section=1&t_sec=1&sectionType=1&pageViewId=ae404ac3-91fd-4d37-bcd1-1d08197f1acd&t_pvid=ae404ac3-91fd-4d37-bcd1-1d08197f1acd&userAgent=Mozilla%2F5.0+%28Windows+NT+10.0%3B+Win64%3B+x64%3B+rv%3A125.0%29+Gecko%2F20100101+Firefox%2F125.0&browser=1&isHuman=true&userIp=189.226.196.225&what=departamento+benito+juarez&search_terms=departamento+benito+juarez&origin=2&t_or=2&splitTestId=0,nuroa,262.62626262626264
30000.0,departamento,Benito Juárez,Ciudad de México,80.0,2.0,2.0,1.0,https://www.nuroa.com.mx/adform/3860000776602178443?click_type=0&pos=13&listingId=3860000776602178443&siteStrategyKey=https%3A%2F%2Fwww.nuroa.com.mx&url=https%253A%252F%252Fwww.icasas.mx%252FaggregatorDetail%253FadId%253D019da2bf-03a8-7ebb-bd94-71ef76219f3a%2526aggregator%253Dmitula%2526utm_content%253D019da2bf-03a8-7ebb-bd94-71ef76219f3a_payment&searchType=2&page=3&seo_link_id=1406115094&section=1&t_sec=1&sectionType=1&pageViewId=ae404ac3-91fd-4d37-bcd1-1d08197f1acd&t_pvid=ae404ac3-91fd-4d37-bcd1-1d08197f1acd&userAgent=Mozilla%2F5.0+%28Windows+NT+10.0%3B+Win64%3B+x64%3B+rv%3A125.0%29+Gecko%2F20100101+Firefox%2F125.0&browser=1&isHuman=true&userIp=189.226.196.225&what=departamento+benito+juarez&search_terms=departamento+benito+juarez&origin=2&t_or=2&splitTestId=0,nuroa,375.0
13500.0,departamento,Benito Juárez,Ciudad de México,55.0,1.0,1.0,,https://www.nuroa.com.mx/adform/2900000776883163142?click_type=0&pos=14&listingId=2900000776883163142&siteStrategyKey=https%3A%2F%2Fwww.nuroa.com.mx&url=https%253A%252F%252Fwww.icasas.mx%252FaggregatorDetail%253FadId%253D019267a5-39bf-777b-878f-67d2757387b7%2526aggregator%253Dmitula%2526utm_content%253D019267a5-39bf-777b-878f-67d2757387b7_payment&searchType=2&page=3&seo_link_id=1406115094&section=1&t_sec=1&sectionType=1&pageViewId=ae404ac3-91fd-4d37-bcd1-1d08197f1acd&t_pvid=ae404ac3-91fd-4d37-bcd1-1d08197f1acd&userAgent=Mozilla%2F5.0+%28Windows+NT+10.0%3B+Win64%3B+x64%3B+rv%3A125.0%29+Gecko%2F20100101+Firefox%2F125.0&browser=1&isHuman=true&userIp=189.226.196.225&what=departamento+benito+juarez&search_terms=departamento+benito+juarez&origin=2&t_or=2&splitTestId=0,nuroa,245.45454545454547
55000.0,departamento,Benito Juárez,Ciudad de México,160.0,3.0,3.0,,https://www.nuroa.com.mx/adform/5960000776343029534?click_type=0&pos=15&listingId=5960000776343029534&siteStrategyKey=https%3A%2F%2Fwww.nuroa.com.mx&url=https%253A%252F%252Fwww.icasas.mx%252FaggregatorDetail%253FadId%253D019d92ac-7dc6-7e53-8d60-806696b055a7%2526aggregator%253Dmitula%2526utm_content%253D019d92ac-7dc6-7e53-8d60-806696b055a7_payment&searchType=2&page=3&seo_link_id=1406115094&section=1&t_sec=1&sectionType=1&pageViewId=ae404ac3-91fd-4d37-bcd1-1d08197f1acd&t_pvid=ae404ac3-91fd-4d37-bcd1-1d08197f1acd&userAgent=Mozilla%2F5.0+%28Windows+NT+10.0%3B+Win64%3B+x64%3B+rv%3A125.0%29+Gecko%2F20100101+Firefox%2F125.0&browser=1&isHuman=true&userIp=189.226.196.225&what=departamento+benito+juarez&search_terms=departamento+benito+juarez&origin=2&t_or=2&splitTestId=0,nuroa,343.75
12000.0,departamento,Benito Juárez,Ciudad de México,45.0,1.0,1.0,,https://www.nuroa.com.mx/adform/4080000776882988072?click_type=0&pos=16&listingId=4080000776882988072&siteStrategyKey=https%3A%2F%2Fwww.nuroa.com.mx&url=https%253A%252F%252Fwww.icasas.mx%252FaggregatorDetail%253FadId%253D0199c549-e5d8-754e-9dae-05b2a7a201d6%2526aggregator%253Dmitula%2526utm_content%253D0199c549-e5d8-754e-9dae-05b2a7a201d6_payment&searchType=2&page=3&seo_link_id=1406115094&section=1&t_sec=1&sectionType=1&pageViewId=ae404ac3-91fd-4d37-bcd1-1d08197f1acd&t_pvid=ae404ac3-91fd-4d37-bcd1-1d08197f1acd&userAgent=Mozilla%2F5.0+%28Windows+NT+10.0%3B+Win64%3B+x64%3B+rv%3A125.0%29+Gecko%2F20100101+Firefox%2F125.0&browser=1&isHuman=true&userIp=189.226.196.225&what=departamento+benito+juarez&search_terms=departamento+benito+juarez&origin=2&t_or=2&splitTestId=0,nuroa,266.6666666666667
14500.0,departamento,Benito Juárez,Ciudad de México,105.0,3.0,2.0,1.0,https://www.nuroa.com.mx/adform/2480000776083757016?click_type=0&pos=17&listingId=2480000776083757016&siteStrategyKey=https%3A%2F%2Fwww.nuroa.com.mx&url=https%253A%252F%252Fwww.icasas.mx%252FaggregatorDetail%253FadId%253De3e51f45-de0d-4a5f-a40c-87d2c54c6378%2526aggregator%253Dmitula%2526utm_content%253De3e51f45-de0d-4a5f-a40c-87d2c54c6378_payment&searchType=2&page=3&seo_link_id=1406115094&section=1&t_sec=1&sectionType=1&pageViewId=ae404ac3-91fd-4d37-bcd1-1d08197f1acd&t_pvid=ae404ac3-91fd-4d37-bcd1-1d08197f1acd&userAgent=Mozilla%2F5.0+%28Windows+NT+10.0%3B+Win64%3B+x64%3B+rv%3A125.0%29+Gecko%2F20100101+Firefox%2F125.0&browser=1&isHuman=true&userIp=189.226.196.225&what=departamento+benito+juarez&search_terms=departamento+benito+juarez&origin=2&t_or=2&splitTestId=0,nuroa,138.0952380952381
19000.0,departamento,Benito Juárez,Ciudad de México,89.0,2.0,2.0,1.0,https://www.nuroa.com.mx/adform/7470000781268104583?click_type=0&pos=19&listingId=7470000781268104583&siteStrategyKey=https%3A%2F%2Fwww.nuroa.com.mx&url=https%253A%252F%252Fwww.icasas.mx%252FaggregatorDetail%253FadId%253D019d8a30-ce1e-7aa7-a80b-7ea530f24108%2526aggregator%253Dmitula%2526utm_content%253D019d8a30-ce1e-7aa7-a80b-7ea530f24108_payment&searchType=2&page=3&seo_link_id=1406115094&section=1&t_sec=1&sectionType=1&pageViewId=ae404ac3-91fd-4d37-bcd1-1d08197f1acd&t_pvid=ae404ac3-91fd-4d37-bcd1-1d08197f1acd&userAgent=Mozilla%2F5.0+%28Windows+NT+10.0%3B+Win64%3B+x64%3B+rv%3A125.0%29+Gecko%2F20100101+Firefox%2F125.0&browser=1&isHuman=true&userIp=189.226.196.225&what=departamento+benito+juarez&search_terms=departamento+benito+juarez&origin=2&t_or=2&splitTestId=0,nuroa,213.48314606741573
25800.0,departamento,Benito Juárez,Ciudad de México,110.0,3.0,3.0,,https://www.nuroa.com.mx/adform/8050000781008984858?click_type=0&pos=22&listingId=8050000781008984858&siteStrategyKey=https%3A%2F%2Fwww.nuroa.com.mx&url=https%253A%252F%252Fwww.icasas.mx%252FaggregatorDetail%253FadId%253D019d7ad0-9f10-7d39-bd9c-a7976d94d915%2526aggregator%253Dmitula%2526utm_content%253D019d7ad0-9f10-7d39-bd9c-a7976d94d915_payment&searchType=2&page=3&seo_link_id=1406115094&section=1&t_sec=1&sectionType=1&pageViewId=ae404ac3-91fd-4d37-bcd1-1d08197f1acd&t_pvid=ae404ac3-91fd-4d37-bcd1-1d08197f1acd&userAgent=Mozilla%2F5.0+%28Windows+NT+10.0%3B+Win64%3B+x64%3B+rv%3A125.0%29+Gecko%2F20100101+Firefox%2F125.0&browser=1&isHuman=true&userIp=189.226.196.225&what=departamento+benito+juarez&search_terms=departamento+benito+juarez&origin=2&t_or=2&splitTestId=0,nuroa,234.54545454545453
35000.0,departamento,Benito Juárez,Ciudad de México,153.0,2.0,2.0,,https://www.nuroa.com.mx/adform/3740000775652210618?click_type=0&pos=23&listingId=3740000775652210618&siteStrategyKey=https%3A%2F%2Fwww.nuroa.com.mx&url=https%253A%252F%252Fwww.icasas.mx%252FaggregatorDetail%253FadId%253D019d6adf-9f80-7726-b9f4-a6d48bc34725%2526aggregator%253Dmitula%2526utm_content%253D019d6adf-9f80-7726-b9f4-a6d48bc34725_payment&searchType=2&page=3&seo_link_id=1406115094&section=1&t_sec=1&sectionType=1&pageViewId=ae404ac3-91fd-4d37-bcd1-1d08197f1acd&t_pvid=ae404ac3-91fd-4d37-bcd1-1d08197f1acd&userAgent=Mozilla%2F5.0+%28Windows+NT+10.0%3B+Win64%3B+x64%3B+rv%3A125.0%29+Gecko%2F20100101+Firefox%2F125.0&browser=1&isHuman=true&userIp=189.226.196.225&what=departamento+benito+juarez&search_terms=departamento+benito+juarez&origin=2&t_or=2&splitTestId=0,nuroa,228.75816993464053
25000.0,departamento,Benito Juárez,Ciudad de México,120.0,3.0,2.0,,https://www.nuroa.com.mx/adform/1680000780404106798?click_type=0&pos=24&listingId=1680000780404106798&siteStrategyKey=https%3A%2F%2Fwww.nuroa.com.mx&url=https%253A%252F%252Fwww.icasas.mx%252FaggregatorDetail%253FadId%253D019e85c3-0316-74f8-8cc4-996e7a6b36b9%2526aggregator%253Dmitula%2526utm_content%253D019e85c3-0316-74f8-8cc4-996e7a6b36b9_payment&searchType=2&page=3&seo_link_id=1406115094&section=1&t_sec=1&sectionType=1&pageViewId=ae404ac3-91fd-4d37-bcd1-1d08197f1acd&t_pvid=ae404ac3-91fd-4d37-bcd1-1d08197f1acd&userAgent=Mozilla%2F5.0+%28Windows+NT+10.0%3B+Win64%3B+x64%3B+rv%3A125.0%29+Gecko%2F20100101+Firefox%2F125.0&browser=1&isHuman=true&userIp=189.226.196.225&what=departamento+benito+juarez&search_terms=departamento+benito+juarez&origin=2&t_or=2&splitTestId=0,nuroa,208.33333333333334
42000.0,departamento,Coyoacán,Ciudad de México,95.0,2.0,1.0,,https://www.nuroa.com.mx/adform/8210001779972208129?click_type=1&pos=1&listingId=8210001779972208129&siteStrategyKey=https%3A%2F%2Fwww.nuroa.com.mx&url=https%253A%252F%252Fwww.icasas.mx%252FaggregatorDetail%253FadId%253D019e6c81-c1a7-7029-9ff8-7929f898a248%2526aggregator%253Dmitula%2526utm_content%253D019e6c81-c1a7-7029-9ff8-7929f898a248_payment&searchType=2&page=1&seo_link_id=1406109696&section=26&t_sec=26&sectionType=2&pageViewId=c7962dd8-bf8d-4650-9fb7-16d13e149360&t_pvid=c7962dd8-bf8d-4650-9fb7-16d13e149360&userAgent=Mozilla%2F5.0+%28Windows+NT+10.0%3B+Win64%3B+x64%3B+rv%3A125.0%29+Gecko%2F20100101+Firefox%2F125.0&browser=1&isHuman=true&userIp=189.226.196.225&what=departamento+coyoacan&search_terms=departamento+coyoacan&origin=2&t_or=2&splitTestId=0,nuroa,442.10526315789474
32000.0,departamento,Coyoacán,Ciudad de México,94.0,1.0,1.0,,https://www.nuroa.com.mx/adform/4490000773924326011?click_type=1&pos=2&listingId=4490000773924326011&siteStrategyKey=https%3A%2F%2Fwww.nuroa.com.mx&url=https%253A%252F%252Fwww.icasas.mx%252FaggregatorDetail%253FadId%253D019d03c5-9808-77f1-ba9a-2862555aef81%2526aggregator%253Dmitula%2526utm_content%253D019d03c5-9808-77f1-ba9a-2862555aef81_payment&searchType=2&page=1&seo_link_id=1406109696&section=26&t_sec=26&sectionType=2&pageViewId=c7962dd8-bf8d-4650-9fb7-16d13e149360&t_pvid=c7962dd8-bf8d-4650-9fb7-16d13e149360&userAgent=Mozilla%2F5.0+%28Windows+NT+10.0%3B+Win64%3B+x64%3B+rv%3A125.0%29+Gecko%2F20100101+Firefox%2F125.0&browser=1&isHuman=true&userIp=189.226.196.225&what=departamento+coyoacan&search_terms=departamento+coyoacan&origin=2&t_or=2&splitTestId=0,nuroa,340.4255319148936
14500.0,departamento,Coyoacán,Ciudad de México,65.0,2.0,1.0,1.0,https://www.nuroa.com.mx/adform/5980000780403829761?click_type=0&pos=2&listingId=5980000780403829761&siteStrategyKey=https%3A%2F%2Fwww.nuroa.com.mx&url=https%253A%252F%252Fwww.icasas.mx%252FaggregatorDetail%253FadId%253D01955d65-05fe-7446-89ba-93d79d993e4b%2526aggregator%253Dmitula%2526utm_content%253D01955d65-05fe-7446-89ba-93d79d993e4b_payment&searchType=2&page=1&seo_link_id=1406109696&section=1&t_sec=1&sectionType=1&pageViewId=c7962dd8-bf8d-4650-9fb7-16d13e149360&t_pvid=c7962dd8-bf8d-4650-9fb7-16d13e149360&userAgent=Mozilla%2F5.0+%28Windows+NT+10.0%3B+Win64%3B+x64%3B+rv%3A125.0%29+Gecko%2F20100101+Firefox%2F125.0&browser=1&isHuman=true&userIp=189.226.196.225&what=departamento+coyoacan&search_terms=departamento+coyoacan&origin=2&t_or=2&splitTestId=0,nuroa,223.07692307692307
19000.0,departamento,Coyoacán,Ciudad de México,74.0,2.0,2.0,,https://www.nuroa.com.mx/adform/3590000779540103352?click_type=0&pos=3&listingId=3590000779540103352&siteStrategyKey=https%3A%2F%2Fwww.nuroa.com.mx&url=https%253A%252F%252Fwww.icasas.mx%252FaggregatorDetail%253FadId%253D0196ffeb-8ccd-7998-a0a5-b0c383bf34ce%2526aggregator%253Dmitula%2526utm_content%253D0196ffeb-8ccd-7998-a0a5-b0c383bf34ce_payment&searchType=2&page=1&seo_link_id=1406109696&section=1&t_sec=1&sectionType=1&pageViewId=c7962dd8-bf8d-4650-9fb7-16d13e149360&t_pvid=c7962dd8-bf8d-4650-9fb7-16d13e149360&userAgent=Mozilla%2F5.0+%28Windows+NT+10.0%3B+Win64%3B+x64%3B+rv%3A125.0%29+Gecko%2F20100101+Firefox%2F125.0&browser=1&isHuman=true&userIp=189.226.196.225&what=departamento+coyoacan&search_terms=departamento+coyoacan&origin=2&t_or=2&splitTestId=0,nuroa,256.7567567567568
15000.0,departamento,Coyoacán,Ciudad de México,60.0,2.0,1.0,,https://www.nuroa.com.mx/adform/3160000769712040670?click_type=0&pos=4&listingId=3160000769712040670&siteStrategyKey=https%3A%2F%2Fwww.nuroa.com.mx&url=https%253A%252F%252Fwww.icasas.mx%252FaggregatorDetail%253FadId%253D0196f0c0-3f49-7448-ae9c-82be5cd65389%2526aggregator%253Dmitula%2526utm_content%253D0196f0c0-3f49-7448-ae9c-82be5cd65389_payment&searchType=2&page=1&seo_link_id=1406109696&section=1&t_sec=1&sectionType=1&pageViewId=c7962dd8-bf8d-4650-9fb7-16d13e149360&t_pvid=c7962dd8-bf8d-4650-9fb7-16d13e149360&userAgent=Mozilla%2F5.0+%28Windows+NT+10.0%3B+Win64%3B+x64%3B+rv%3A125.0%29+Gecko%2F20100101+Firefox%2F125.0&browser=1&isHuman=true&userIp=189.226.196.225&what=departamento+coyoacan&search_terms=departamento+coyoacan&origin=2&t_or=2&splitTestId=0,nuroa,250.0
83500.0,departamento,Coyoacán,Ciudad de México,198.0,3.0,4.0,1.0,https://www.nuroa.com.mx/adform/6810000779367348742?click_type=0&pos=7&listingId=6810000779367348742&siteStrategyKey=https%3A%2F%2Fwww.nuroa.com.mx&url=https%253A%252F%252Fwww.icasas.mx%252FaggregatorDetail%253FadId%253D019e46a9-2918-7c8b-8c44-6a85005f30da%2526aggregator%253Dmitula%2526utm_content%253D019e46a9-2918-7c8b-8c44-6a85005f30da_payment&searchType=2&page=1&seo_link_id=1406109696&section=1&t_sec=1&sectionType=1&pageViewId=c7962dd8-bf8d-4650-9fb7-16d13e149360&t_pvid=c7962dd8-bf8d-4650-9fb7-16d13e149360&userAgent=Mozilla%2F5.0+%28Windows+NT+10.0%3B+Win64%3B+x64%3B+rv%3A125.0%29+Gecko%2F20100101+Firefox%2F125.0&browser=1&isHuman=true&userIp=189.226.196.225&what=departamento+coyoacan&search_terms=departamento+coyoacan&origin=2&t_or=2&splitTestId=0,nuroa,421.7171717171717
6800.0,oficina,Coyoacán,Ciudad de México,18.0,1.0,1.0,,https://www.nuroa.com.mx/adform/4100000772109457419?click_type=0&pos=8&listingId=4100000772109457419&siteStrategyKey=https%3A%2F%2Fwww.nuroa.com.mx&url=https%253A%252F%252Fwww.icasas.mx%252FaggregatorDetail%253FadId%253D019c965a-cbfe-768f-b4b1-0145b7e1673d%2526aggregator%253Dmitula%2526utm_content%253D019c965a-cbfe-768f-b4b1-0145b7e1673d_payment&searchType=2&page=1&seo_link_id=1406109696&section=1&t_sec=1&sectionType=1&pageViewId=c7962dd8-bf8d-4650-9fb7-16d13e149360&t_pvid=c7962dd8-bf8d-4650-9fb7-16d13e149360&userAgent=Mozilla%2F5.0+%28Windows+NT+10.0%3B+Win64%3B+x64%3B+rv%3A125.0%29+Gecko%2F20100101+Firefox%2F125.0&browser=1&isHuman=true&userIp=189.226.196.225&what=departamento+coyoacan&search_terms=departamento+coyoacan&origin=2&t_or=2&splitTestId=0,nuroa,377.77777777777777
36000.0,loft,Coyoacán,Ciudad de México,68.0,1.0,1.0,,https://www.nuroa.com.mx/adform/4500002780749640542?click_type=0&pos=9&listingId=4500002780749640542&siteStrategyKey=https%3A%2F%2Fwww.nuroa.com.mx&url=https%253A%252F%252Fwww.icasas.mx%252FaggregatorDetail%253FadId%253D019e9a90-f93f-7638-8645-e464b97ab618%2526aggregator%253Dmitula%2526utm_content%253D019e9a90-f93f-7638-8645-e464b97ab618_payment&searchType=2&page=1&seo_link_id=1406109696&section=1&t_sec=1&sectionType=1&pageViewId=c7962dd8-bf8d-4650-9fb7-16d13e149360&t_pvid=c7962dd8-bf8d-4650-9fb7-16d13e149360&userAgent=Mozilla%2F5.0+%28Windows+NT+10.0%3B+Win64%3B+x64%3B+rv%3A125.0%29+Gecko%2F20100101+Firefox%2F125.0&browser=1&isHuman=true&userIp=189.226.196.225&what=departamento+coyoacan&search_terms=departamento+coyoacan&origin=2&t_or=2&splitTestId=0,nuroa,529.4117647058823
14200.0,departamento,Coyoacán,Ciudad de México,60.0,2.0,1.0,1.0,https://www.nuroa.com.mx/adform/4350000780404244744?click_type=0&pos=10&listingId=4350000780404244744&siteStrategyKey=https%3A%2F%2Fwww.nuroa.com.mx&url=https%253A%252F%252Fwww.icasas.mx%252FaggregatorDetail%253FadId%253D019e841f-80f0-7338-ab26-69627097326b%2526aggregator%253Dmitula%2526utm_content%253D019e841f-80f0-7338-ab26-69627097326b_payment&searchType=2&page=1&seo_link_id=1406109696&section=1&t_sec=1&sectionType=1&pageViewId=c7962dd8-bf8d-4650-9fb7-16d13e149360&t_pvid=c7962dd8-bf8d-4650-9fb7-16d13e149360&userAgent=Mozilla%2F5.0+%28Windows+NT+10.0%3B+Win64%3B+x64%3B+rv%3A125.0%29+Gecko%2F20100101+Firefox%2F125.0&browser=1&isHuman=true&userIp=189.226.196.225&what=departamento+coyoacan&search_terms=departamento+coyoacan&origin=2&t_or=2&splitTestId=0,nuroa,236.66666666666666
22000.0,loft,Coyoacán,Ciudad de México,115.0,1.0,1.0,,https://www.nuroa.com.mx/adform/9150000778848908101?click_type=0&pos=11&listingId=9150000778848908101&siteStrategyKey=https%3A%2F%2Fwww.nuroa.com.mx&url=https%253A%252F%252Fwww.icasas.mx%252FaggregatorDetail%253FadId%253D019e291f-f64e-7075-9bbc-df40e065528c%2526aggregator%253Dmitula%2526utm_content%253D019e291f-f64e-7075-9bbc-df40e065528c_payment&searchType=2&page=1&seo_link_id=1406109696&section=1&t_sec=1&sectionType=1&pageViewId=c7962dd8-bf8d-4650-9fb7-16d13e149360&t_pvid=c7962dd8-bf8d-4650-9fb7-16d13e149360&userAgent=Mozilla%2F5.0+%28Windows+NT+10.0%3B+Win64%3B+x64%3B+rv%3A125.0%29+Gecko%2F20100101+Firefox%2F125.0&browser=1&isHuman=true&userIp=189.226.196.225&what=departamento+coyoacan&search_terms=departamento+coyoacan&origin=2&t_or=2&splitTestId=0,nuroa,191.30434782608697
14800.0,departamento,Coyoacán,Ciudad de México,67.0,2.0,1.0,1.0,https://www.nuroa.com.mx/adform/8620000778071193124?click_type=0&pos=12&listingId=8620000778071193124&siteStrategyKey=https%3A%2F%2Fwww.nuroa.com.mx&url=https%253A%252F%252Fwww.icasas.mx%252FaggregatorDetail%253FadId%253D019dfb78-6f03-70a7-aacd-caa8e61378fd%2526aggregator%253Dmitula%2526utm_content%253D019dfb78-6f03-70a7-aacd-caa8e61378fd_payment&searchType=2&page=1&seo_link_id=1406109696&section=1&t_sec=1&sectionType=1&pageViewId=c7962dd8-bf8d-4650-9fb7-16d13e149360&t_pvid=c7962dd8-bf8d-4650-9fb7-16d13e149360&userAgent=Mozilla%2F5.0+%28Windows+NT+10.0%3B+Win64%3B+x64%3B+rv%3A125.0%29+Gecko%2F20100101+Firefox%2F125.0&browser=1&isHuman=true&userIp=189.226.196.225&what=departamento+coyoacan&search_terms=departamento+coyoacan&origin=2&t_or=2&splitTestId=0,nuroa,220.8955223880597
24000.0,loft,Coyoacán,Ciudad de México,65.0,1.0,2.0,,https://www.nuroa.com.mx/adform/4960002780749529720?click_type=0&pos=13&listingId=4960002780749529720&siteStrategyKey=https%3A%2F%2Fwww.nuroa.com.mx&url=https%253A%252F%252Fwww.icasas.mx%252FaggregatorDetail%253FadId%253D019e9a6b-e907-79d4-a597-2a8a0b34e7a9%2526aggregator%253Dmitula%2526utm_content%253D019e9a6b-e907-79d4-a597-2a8a0b34e7a9_payment&searchType=2&page=1&seo_link_id=1406109696&section=1&t_sec=1&sectionType=1&pageViewId=c7962dd8-bf8d-4650-9fb7-16d13e149360&t_pvid=c7962dd8-bf8d-4650-9fb7-16d13e149360&userAgent=Mozilla%2F5.0+%28Windows+NT+10.0%3B+Win64%3B+x64%3B+rv%3A125.0%29+Gecko%2F20100101+Firefox%2F125.0&browser=1&isHuman=true&userIp=189.226.196.225&what=departamento+coyoacan&search_terms=departamento+coyoacan&origin=2&t_or=2&splitTestId=0,nuroa,369.2307692307692
21000.0,loft,Coyoacán,Ciudad de México,60.0,1.0,1.0,,https://www.nuroa.com.mx/adform/1220002780749309628?click_type=0&pos=14&listingId=1220002780749309628&siteStrategyKey=https%3A%2F%2Fwww.nuroa.com.mx&url=https%253A%252F%252Fwww.icasas.mx%252FaggregatorDetail%253FadId%253D019e9a6b-f9f9-7a60-a577-bd342ab6e3e1%2526aggregator%253Dmitula%2526utm_content%253D019e9a6b-f9f9-7a60-a577-bd342ab6e3e1_payment&searchType=2&page=1&seo_link_id=1406109696&section=1&t_sec=1&sectionType=1&pageViewId=c7962dd8-bf8d-4650-9fb7-16d13e149360&t_pvid=c7962dd8-bf8d-4650-9fb7-16d13e149360&userAgent=Mozilla%2F5.0+%28Windows+NT+10.0%3B+Win64%3B+x64%3B+rv%3A125.0%29+Gecko%2F20100101+Firefox%2F125.0&browser=1&isHuman=true&userIp=189.226.196.225&what=departamento+coyoacan&search_terms=departamento+coyoacan&origin=2&t_or=2&splitTestId=0,nuroa,350.0
30000.0,loft,Coyoacán,Ciudad de México,90.0,1.0,2.0,,https://www.nuroa.com.mx/adform/4950002780749529719?click_type=0&pos=16&listingId=4950002780749529719&siteStrategyKey=https%3A%2F%2Fwww.nuroa.com.mx&url=https%253A%252F%252Fwww.icasas.mx%252FaggregatorDetail%253FadId%253D019e9a6b-cbb8-7557-a1c7-6c4fdacde963%2526aggregator%253Dmitula%2526utm_content%253D019e9a6b-cbb8-7557-a1c7-6c4fdacde963_payment&searchType=2&page=1&seo_link_id=1406109696&section=1&t_sec=1&sectionType=1&pageViewId=c7962dd8-bf8d-4650-9fb7-16d13e149360&t_pvid=c7962dd8-bf8d-4650-9fb7-16d13e149360&userAgent=Mozilla%2F5.0+%28Windows+NT+10.0%3B+Win64%3B+x64%3B+rv%3A125.0%29+Gecko%2F20100101+Firefox%2F125.0&browser=1&isHuman=true&userIp=189.226.196.225&what=departamento+coyoacan&search_terms=departamento+coyoacan&origin=2&t_or=2&splitTestId=0,nuroa,333.3333333333333
21500.0,departamento,Coyoacán,Ciudad de México,54.0,2.0,1.0,,https://www.nuroa.com.mx/adform/4600002780749640554?click_type=0&pos=17&listingId=4600002780749640554&siteStrategyKey=https%3A%2F%2Fwww.nuroa.com.mx&url=https%253A%252F%252Fwww.icasas.mx%252FaggregatorDetail%253FadId%253D019e9adb-1c86-787d-953d-edd5fc97519e%2526aggregator%253Dmitula%2526utm_content%253D019e9adb-1c86-787d-953d-edd5fc97519e_payment&searchType=2&page=1&seo_link_id=1406109696&section=1&t_sec=1&sectionType=1&pageViewId=c7962dd8-bf8d-4650-9fb7-16d13e149360&t_pvid=c7962dd8-bf8d-4650-9fb7-16d13e149360&userAgent=Mozilla%2F5.0+%28Windows+NT+10.0%3B+Win64%3B+x64%3B+rv%3A125.0%29+Gecko%2F20100101+Firefox%2F125.0&browser=1&isHuman=true&userIp=189.226.196.225&what=departamento+coyoacan&search_terms=departamento+coyoacan&origin=2&t_or=2&splitTestId=0,nuroa,398.14814814814815
7500.0,departamento,Coyoacán,Ciudad de México,30.0,1.0,1.0,,https://www.nuroa.com.mx/adform/1610000780144778575?click_type=0&pos=18&listingId=1610000780144778575&siteStrategyKey=https%3A%2F%2Fwww.nuroa.com.mx&url=https%253A%252F%252Fwww.icasas.mx%252FaggregatorDetail%253FadId%253D019e76ce-e52b-7375-ae6f-13e45a0d34e7%2526aggregator%253Dmitula%2526utm_content%253D019e76ce-e52b-7375-ae6f-13e45a0d34e7_payment&searchType=2&page=1&seo_link_id=1406109696&section=1&t_sec=1&sectionType=1&pageViewId=c7962dd8-bf8d-4650-9fb7-16d13e149360&t_pvid=c7962dd8-bf8d-4650-9fb7-16d13e149360&userAgent=Mozilla%2F5.0+%28Windows+NT+10.0%3B+Win64%3B+x64%3B+rv%3A125.0%29+Gecko%2F20100101+Firefox%2F125.0&browser=1&isHuman=true&userIp=189.226.196.225&what=departamento+coyoacan&search_terms=departamento+coyoacan&origin=2&t_or=2&splitTestId=0,nuroa,250.0
30000.0,departamento,Coyoacán,Ciudad de México,70.0,2.0,1.0,,https://www.nuroa.com.mx/adform/3370000779540045931?click_type=0&pos=19&listingId=3370000779540045931&siteStrategyKey=https%3A%2F%2Fwww.nuroa.com.mx&url=https%253A%252F%252Fwww.icasas.mx%252FaggregatorDetail%253FadId%253D019e525e-6309-79a9-a194-330cb0ff124f%2526aggregator%253Dmitula%2526utm_content%253D019e525e-6309-79a9-a194-330cb0ff124f_payment&searchType=2&page=1&seo_link_id=1406109696&section=1&t_sec=1&sectionType=1&pageViewId=c7962dd8-bf8d-4650-9fb7-16d13e149360&t_pvid=c7962dd8-bf8d-4650-9fb7-16d13e149360&userAgent=Mozilla%2F5.0+%28Windows+NT+10.0%3B+Win64%3B+x64%3B+rv%3A125.0%29+Gecko%2F20100101+Firefox%2F125.0&browser=1&isHuman=true&userIp=189.226.196.225&what=departamento+coyoacan&search_terms=departamento+coyoacan&origin=2&t_or=2&splitTestId=0,nuroa,428.57142857142856
18000.0,departamento,Coyoacán,Ciudad de México,40.0,1.0,1.0,,https://www.nuroa.com.mx/adform/6010000780490279342?click_type=0&pos=20&listingId=6010000780490279342&siteStrategyKey=https%3A%2F%2Fwww.nuroa.com.mx&url=https%253A%252F%252Fwww.icasas.mx%252FaggregatorDetail%253FadId%253D019e8b35-85a4-7552-a9f9-976415f5fb54%2526aggregator%253Dmitula%2526utm_content%253D019e8b35-85a4-7552-a9f9-976415f5fb54_payment&searchType=2&page=1&seo_link_id=1406109696&section=1&t_sec=1&sectionType=1&pageViewId=c7962dd8-bf8d-4650-9fb7-16d13e149360&t_pvid=c7962dd8-bf8d-4650-9fb7-16d13e149360&userAgent=Mozilla%2F5.0+%28Windows+NT+10.0%3B+Win64%3B+x64%3B+rv%3A125.0%29+Gecko%2F20100101+Firefox%2F125.0&browser=1&isHuman=true&userIp=189.226.196.225&what=departamento+coyoacan&search_terms=departamento+coyoacan&origin=2&t_or=2&splitTestId=0,nuroa,450.0
33000.0,departamento,Coyoacán,Ciudad de México,170.0,3.0,2.0,1.0,https://www.nuroa.com.mx/adform/7890000772023167256?click_type=0&pos=22&listingId=7890000772023167256&siteStrategyKey=https%3A%2F%2Fwww.nuroa.com.mx&url=https%253A%252F%252Fwww.icasas.mx%252FaggregatorDetail%253FadId%253D019c9243-116d-73c8-b357-0905bcb44e73%2526aggregator%253Dmitula%2526utm_content%253D019c9243-116d-73c8-b357-0905bcb44e73_payment&searchType=2&page=1&seo_link_id=1406109696&section=1&t_sec=1&sectionType=1&pageViewId=c7962dd8-bf8d-4650-9fb7-16d13e149360&t_pvid=c7962dd8-bf8d-4650-9fb7-16d13e149360&userAgent=Mozilla%2F5.0+%28Windows+NT+10.0%3B+Win64%3B+x64%3B+rv%3A125.0%29+Gecko%2F20100101+Firefox%2F125.0&browser=1&isHuman=true&userIp=189.226.196.225&what=departamento+coyoacan&search_terms=departamento+coyoacan&origin=2&t_or=2&splitTestId=0,nuroa,194.11764705882354
23000.0,departamento,Coyoacán,Ciudad de México,75.0,1.0,1.0,1.0,https://www.nuroa.com.mx/adform/3790001779972114654?click_type=0&pos=23&listingId=3790001779972114654&siteStrategyKey=https%3A%2F%2Fwww.nuroa.com.mx&url=https%253A%252F%252Fwww.icasas.mx%252FaggregatorDetail%253FadId%253D019e6c81-d3f8-7ca2-8ae1-d1b0b64eefca%2526aggregator%253Dmitula%2526utm_content%253D019e6c81-d3f8-7ca2-8ae1-d1b0b64eefca_payment&searchType=2&page=1&seo_link_id=1406109696&section=1&t_sec=1&sectionType=1&pageViewId=c7962dd8-bf8d-4650-9fb7-16d13e149360&t_pvid=c7962dd8-bf8d-4650-9fb7-16d13e149360&userAgent=Mozilla%2F5.0+%28Windows+NT+10.0%3B+Win64%3B+x64%3B+rv%3A125.0%29+Gecko%2F20100101+Firefox%2F125.0&browser=1&isHuman=true&userIp=189.226.196.225&what=departamento+coyoacan&search_terms=departamento+coyoacan&origin=2&t_or=2&splitTestId=0,nuroa,306.6666666666667
30000.0,departamento,Coyoacán,Ciudad de México,122.0,2.0,2.0,,https://www.nuroa.com.mx/adform/4370001779972162749?click_type=0&pos=24&listingId=4370001779972162749&siteStrategyKey=https%3A%2F%2Fwww.nuroa.com.mx&url=https%253A%252F%252Fwww.icasas.mx%252FaggregatorDetail%253FadId%253D019e6c81-cc0c-76e2-b991-874f03f69cb5%2526aggregator%253Dmitula%2526utm_content%253D019e6c81-cc0c-76e2-b991-874f03f69cb5_payment&searchType=2&page=1&seo_link_id=1406109696&section=1&t_sec=1&sectionType=1&pageViewId=c7962dd8-bf8d-4650-9fb7-16d13e149360&t_pvid=c7962dd8-bf8d-4650-9fb7-16d13e149360&userAgent=Mozilla%2F5.0+%28Windows+NT+10.0%3B+Win64%3B+x64%3B+rv%3A125.0%29+Gecko%2F20100101+Firefox%2F125.0&browser=1&isHuman=true&userIp=189.226.196.225&what=departamento+coyoacan&search_terms=departamento+coyoacan&origin=2&t_or=2&splitTestId=0,nuroa,245.9016393442623
37000.0,departamento,Coyoacán,Ciudad de México,90.0,2.0,2.0,,https://www.nuroa.com.mx/adform/1840000776429502698?click_type=0&pos=25&listingId=1840000776429502698&siteStrategyKey=https%3A%2F%2Fwww.nuroa.com.mx&url=https%253A%252F%252Fwww.icasas.mx%252FaggregatorDetail%253FadId%253D019d9a59-4c5e-7413-ab2d-05290245007a%2526aggregator%253Dmitula%2526utm_content%253D019d9a59-4c5e-7413-ab2d-05290245007a_payment&searchType=2&page=1&seo_link_id=1406109696&section=1&t_sec=1&sectionType=1&pageViewId=c7962dd8-bf8d-4650-9fb7-16d13e149360&t_pvid=c7962dd8-bf8d-4650-9fb7-16d13e149360&userAgent=Mozilla%2F5.0+%28Windows+NT+10.0%3B+Win64%3B+x64%3B+rv%3A125.0%29+Gecko%2F20100101+Firefox%2F125.0&browser=1&isHuman=true&userIp=189.226.196.225&what=departamento+coyoacan&search_terms=departamento+coyoacan&origin=2&t_or=2&splitTestId=0,nuroa,411.1111111111111
11450.0,departamento,Coyoacán,Ciudad de México,59.0,2.0,1.0,,https://www.nuroa.com.mx/adform/2810002780749676873?click_type=1&pos=3&listingId=2810002780749676873&siteStrategyKey=https%3A%2F%2Fwww.nuroa.com.mx&url=https%253A%252F%252Fwww.icasas.mx%252FaggregatorDetail%253FadId%253D019e9adb-23b7-746e-852c-308e145a571f%2526aggregator%253Dmitula%2526utm_content%253D019e9adb-23b7-746e-852c-308e145a571f_payment&searchType=2&page=1&seo_link_id=1406109696&section=27&t_sec=27&sectionType=2&pageViewId=c7962dd8-bf8d-4650-9fb7-16d13e149360&t_pvid=c7962dd8-bf8d-4650-9fb7-16d13e149360&userAgent=Mozilla%2F5.0+%28Windows+NT+10.0%3B+Win64%3B+x64%3B+rv%3A125.0%29+Gecko%2F20100101+Firefox%2F125.0&browser=1&isHuman=true&userIp=189.226.196.225&what=departamento+coyoacan&search_terms=departamento+coyoacan&origin=2&t_or=2&splitTestId=0,nuroa,194.0677966101695
8500.0,departamento,Coyoacán,Ciudad de México,45.0,1.0,1.0,,https://www.nuroa.com.mx/adform/5810000779367065463?click_type=0&pos=1&listingId=5810000779367065463&siteStrategyKey=https%3A%2F%2Fwww.nuroa.com.mx&url=https%253A%252F%252Fwww.icasas.mx%252FaggregatorDetail%253FadId%253D019e4875-5687-72ec-89dc-190bbb327d08%2526aggregator%253Dmitula%2526utm_content%253D019e4875-5687-72ec-89dc-190bbb327d08_payment&searchType=2&page=2&seo_link_id=1406109696&section=1&t_sec=1&sectionType=1&pageViewId=8ad29cd9-0092-4243-912b-89016868bf04&t_pvid=8ad29cd9-0092-4243-912b-89016868bf04&userAgent=Mozilla%2F5.0+%28Macintosh%3B+Intel+Mac+OS+X+10_15_7%29+AppleWebKit%2F605.1.15+%28KHTML%2C+like+Gecko%29+Version%2F17.4+Safari%2F605.1.15&browser=1&isHuman=true&userIp=189.226.196.225&what=departamento+coyoacan&search_terms=departamento+coyoacan&origin=2&t_or=2&splitTestId=0,nuroa,188.88888888888889
16900.0,departamento,Coyoacán,Ciudad de México,93.0,3.0,2.0,1.0,https://www.nuroa.com.mx/adform/4410000778848862361?click_type=0&pos=2&listingId=4410000778848862361&siteStrategyKey=https%3A%2F%2Fwww.nuroa.com.mx&url=https%253A%252F%252Fwww.icasas.mx%252FaggregatorDetail%253FadId%253D019e29db-c79a-7208-a052-1b7a99cbe7b9%2526aggregator%253Dmitula%2526utm_content%253D019e29db-c79a-7208-a052-1b7a99cbe7b9_payment&searchType=2&page=2&seo_link_id=1406109696&section=1&t_sec=1&sectionType=1&pageViewId=8ad29cd9-0092-4243-912b-89016868bf04&t_pvid=8ad29cd9-0092-4243-912b-89016868bf04&userAgent=Mozilla%2F5.0+%28Macintosh%3B+Intel+Mac+OS+X+10_15_7%29+AppleWebKit%2F605.1.15+%28KHTML%2C+like+Gecko%29+Version%2F17.4+Safari%2F605.1.15&browser=1&isHuman=true&userIp=189.226.196.225&what=departamento+coyoacan&search_terms=departamento+coyoacan&origin=2&t_or=2&splitTestId=0,nuroa,181.72043010752688
27500.0,departamento,Coyoacán,Ciudad de México,65.0,1.0,1.0,,https://www.nuroa.com.mx/adform/2250000778934944467?click_type=0&pos=3&listingId=2250000778934944467&siteStrategyKey=https%3A%2F%2Fwww.nuroa.com.mx&url=https%253A%252F%252Fwww.icasas.mx%252FaggregatorDetail%253FadId%253D019e2eb5-b5b6-7493-9757-0a3f8f63be44%2526aggregator%253Dmitula%2526utm_content%253D019e2eb5-b5b6-7493-9757-0a3f8f63be44_payment&searchType=2&page=2&seo_link_id=1406109696&section=1&t_sec=1&sectionType=1&pageViewId=8ad29cd9-0092-4243-912b-89016868bf04&t_pvid=8ad29cd9-0092-4243-912b-89016868bf04&userAgent=Mozilla%2F5.0+%28Macintosh%3B+Intel+Mac+OS+X+10_15_7%29+AppleWebKit%2F605.1.15+%28KHTML%2C+like+Gecko%29+Version%2F17.4+Safari%2F605.1.15&browser=1&isHuman=true&userIp=189.226.196.225&what=departamento+coyoacan&search_terms=departamento+coyoacan&origin=2&t_or=2&splitTestId=0,nuroa,423.0769230769231
25000.0,departamento,Coyoacán,Ciudad de México,60.0,1.0,1.0,,https://www.nuroa.com.mx/adform/6270000778935016575?click_type=0&pos=5&listingId=6270000778935016575&siteStrategyKey=https%3A%2F%2Fwww.nuroa.com.mx&url=https%253A%252F%252Fwww.icasas.mx%252FaggregatorDetail%253FadId%253D019e2eb5-bcac-7713-ab5f-792a0b88f278%2526aggregator%253Dmitula%2526utm_content%253D019e2eb5-bcac-7713-ab5f-792a0b88f278_payment&searchType=2&page=2&seo_link_id=1406109696&section=1&t_sec=1&sectionType=1&pageViewId=8ad29cd9-0092-4243-912b-89016868bf04&t_pvid=8ad29cd9-0092-4243-912b-89016868bf04&userAgent=Mozilla%2F5.0+%28Macintosh%3B+Intel+Mac+OS+X+10_15_7%29+AppleWebKit%2F605.1.15+%28KHTML%2C+like+Gecko%29+Version%2F17.4+Safari%2F605.1.15&browser=1&isHuman=true&userIp=189.226.196.225&what=departamento+coyoacan&search_terms=departamento+coyoacan&origin=2&t_or=2&splitTestId=0,nuroa,416.6666666666667
32500.0,departamento,Coyoacán,Ciudad de México,90.0,1.0,2.0,,https://www.nuroa.com.mx/adform/1680000778934908653?click_type=0&pos=6&listingId=1680000778934908653&siteStrategyKey=https%3A%2F%2Fwww.nuroa.com.mx&url=https%253A%252F%252Fwww.icasas.mx%252FaggregatorDetail%253FadId%253D019e2eb5-c307-77a6-a162-aee17d993aaf%2526aggregator%253Dmitula%2526utm_content%253D019e2eb5-c307-77a6-a162-aee17d993aaf_payment&searchType=2&page=2&seo_link_id=1406109696&section=1&t_sec=1&sectionType=1&pageViewId=8ad29cd9-0092-4243-912b-89016868bf04&t_pvid=8ad29cd9-0092-4243-912b-89016868bf04&userAgent=Mozilla%2F5.0+%28Macintosh%3B+Intel+Mac+OS+X+10_15_7%29+AppleWebKit%2F605.1.15+%28KHTML%2C+like+Gecko%29+Version%2F17.4+Safari%2F605.1.15&browser=1&isHuman=true&userIp=189.226.196.225&what=departamento+coyoacan&search_terms=departamento+coyoacan&origin=2&t_or=2&splitTestId=0,nuroa,361.1111111111111
16490.0,departamento,Coyoacán,Ciudad de México,65.0,2.0,2.0,,https://www.nuroa.com.mx/adform/9160000779366922876?click_type=0&pos=7&listingId=9160000779366922876&siteStrategyKey=https%3A%2F%2Fwww.nuroa.com.mx&url=https%253A%252F%252Fwww.icasas.mx%252FaggregatorDetail%253FadId%253D019e481c-94dd-7710-84fd-71b6372cf3af%2526aggregator%253Dmitula%2526utm_content%253D019e481c-94dd-7710-84fd-71b6372cf3af_payment&searchType=2&page=2&seo_link_id=1406109696&section=1&t_sec=1&sectionType=1&pageViewId=8ad29cd9-0092-4243-912b-89016868bf04&t_pvid=8ad29cd9-0092-4243-912b-89016868bf04&userAgent=Mozilla%2F5.0+%28Macintosh%3B+Intel+Mac+OS+X+10_15_7%29+AppleWebKit%2F605.1.15+%28KHTML%2C+like+Gecko%29+Version%2F17.4+Safari%2F605.1.15&browser=1&isHuman=true&userIp=189.226.196.225&what=departamento+coyoacan&search_terms=departamento+coyoacan&origin=2&t_or=2&splitTestId=0,nuroa,253.69230769230768
13000.0,departamento,Coyoacán,Ciudad de México,50.0,2.0,1.0,1.0,https://www.nuroa.com.mx/adform/2100000780576532587?click_type=0&pos=8&listingId=2100000780576532587&siteStrategyKey=https%3A%2F%2Fwww.nuroa.com.mx&url=https%253A%252F%252Fwww.icasas.mx%252FaggregatorDetail%253FadId%253D019e9186-12e3-7d05-a4c6-76ea6a273a09%2526aggregator%253Dmitula%2526utm_content%253D019e9186-12e3-7d05-a4c6-76ea6a273a09_payment&searchType=2&page=2&seo_link_id=1406109696&section=1&t_sec=1&sectionType=1&pageViewId=8ad29cd9-0092-4243-912b-89016868bf04&t_pvid=8ad29cd9-0092-4243-912b-89016868bf04&userAgent=Mozilla%2F5.0+%28Macintosh%3B+Intel+Mac+OS+X+10_15_7%29+AppleWebKit%2F605.1.15+%28KHTML%2C+like+Gecko%29+Version%2F17.4+Safari%2F605.1.15&browser=1&isHuman=true&userIp=189.226.196.225&what=departamento+coyoacan&search_terms=departamento+coyoacan&origin=2&t_or=2&splitTestId=0,nuroa,260.0
50000.0,departamento,Coyoacán,Ciudad de México,105.0,2.0,2.0,,https://www.nuroa.com.mx/adform/7830000777380149381?click_type=0&pos=9&listingId=7830000777380149381&siteStrategyKey=https%3A%2F%2Fwww.nuroa.com.mx&url=https%253A%252F%252Fwww.icasas.mx%252FaggregatorDetail%253FadId%253D019dd1a0-8ca7-7da8-b714-b33293847a9e%2526aggregator%253Dmitula%2526utm_content%253D019dd1a0-8ca7-7da8-b714-b33293847a9e_payment&searchType=2&page=2&seo_link_id=1406109696&section=1&t_sec=1&sectionType=1&pageViewId=8ad29cd9-0092-4243-912b-89016868bf04&t_pvid=8ad29cd9-0092-4243-912b-89016868bf04&userAgent=Mozilla%2F5.0+%28Macintosh%3B+Intel+Mac+OS+X+10_15_7%29+AppleWebKit%2F605.1.15+%28KHTML%2C+like+Gecko%29+Version%2F17.4+Safari%2F605.1.15&browser=1&isHuman=true&userIp=189.226.196.225&what=departamento+coyoacan&search_terms=departamento+coyoacan&origin=2&t_or=2&splitTestId=0,nuroa,476.1904761904762
27000.0,departamento,Coyoacán,Ciudad de México,90.0,2.0,1.0,,https://www.nuroa.com.mx/adform/2280000775047003927?click_type=0&pos=10&listingId=2280000775047003927&siteStrategyKey=https%3A%2F%2Fwww.nuroa.com.mx&url=https%253A%252F%252Fwww.icasas.mx%252FaggregatorDetail%253FadId%253D019d7ae2-f218-7f16-8f8a-a8cf1bc5c2a9%2526aggregator%253Dmitula%2526utm_content%253D019d7ae2-f218-7f16-8f8a-a8cf1bc5c2a9_payment&searchType=2&page=2&seo_link_id=1406109696&section=1&t_sec=1&sectionType=1&pageViewId=8ad29cd9-0092-4243-912b-89016868bf04&t_pvid=8ad29cd9-0092-4243-912b-89016868bf04&userAgent=Mozilla%2F5.0+%28Macintosh%3B+Intel+Mac+OS+X+10_15_7%29+AppleWebKit%2F605.1.15+%28KHTML%2C+like+Gecko%29+Version%2F17.4+Safari%2F605.1.15&browser=1&isHuman=true&userIp=189.226.196.225&what=departamento+coyoacan&search_terms=departamento+coyoacan&origin=2&t_or=2&splitTestId=0,nuroa,300.0
12500.0,departamento,Coyoacán,Ciudad de México,65.0,2.0,1.0,,https://www.nuroa.com.mx/adform/2190000778330253034?click_type=0&pos=12&listingId=2190000778330253034&siteStrategyKey=https%3A%2F%2Fwww.nuroa.com.mx&url=https%253A%252F%252Fwww.icasas.mx%252FaggregatorDetail%253FadId%253D019e0ab6-7b4f-75ec-8e58-24b4a5cd46ea%2526aggregator%253Dmitula%2526utm_content%253D019e0ab6-7b4f-75ec-8e58-24b4a5cd46ea_payment&searchType=2&page=2&seo_link_id=1406109696&section=1&t_sec=1&sectionType=1&pageViewId=8ad29cd9-0092-4243-912b-89016868bf04&t_pvid=8ad29cd9-0092-4243-912b-89016868bf04&userAgent=Mozilla%2F5.0+%28Macintosh%3B+Intel+Mac+OS+X+10_15_7%29+AppleWebKit%2F605.1.15+%28KHTML%2C+like+Gecko%29+Version%2F17.4+Safari%2F605.1.15&browser=1&isHuman=true&userIp=189.226.196.225&what=departamento+coyoacan&search_terms=departamento+coyoacan&origin=2&t_or=2&splitTestId=0,nuroa,192.30769230769232
15000.0,departamento,Coyoacán,Ciudad de México,25.0,1.0,1.0,1.0,https://www.nuroa.com.mx/adform/2310000775932766382?click_type=0&pos=13&listingId=2310000775932766382&siteStrategyKey=https%3A%2F%2Fwww.nuroa.com.mx&url=https%253A%252F%252Fwww.icasas.mx%252FaggregatorDetail%253FadId%253D019d7c41-b4a3-7aed-8234-17900b1aa818%2526aggregator%253Dmitula%2526utm_content%253D019d7c41-b4a3-7aed-8234-17900b1aa818_payment&searchType=2&page=2&seo_link_id=1406109696&section=1&t_sec=1&sectionType=1&pageViewId=8ad29cd9-0092-4243-912b-89016868bf04&t_pvid=8ad29cd9-0092-4243-912b-89016868bf04&userAgent=Mozilla%2F5.0+%28Macintosh%3B+Intel+Mac+OS+X+10_15_7%29+AppleWebKit%2F605.1.15+%28KHTML%2C+like+Gecko%29+Version%2F17.4+Safari%2F605.1.15&browser=1&isHuman=true&userIp=189.226.196.225&what=departamento+coyoacan&search_terms=departamento+coyoacan&origin=2&t_or=2&splitTestId=0,nuroa,600.0
17500.0,departamento,Coyoacán,Ciudad de México,40.0,1.0,1.0,1.0,https://www.nuroa.com.mx/adform/2830000775932935317?click_type=0&pos=14&listingId=2830000775932935317&siteStrategyKey=https%3A%2F%2Fwww.nuroa.com.mx&url=https%253A%252F%252Fwww.icasas.mx%252FaggregatorDetail%253FadId%253D019d7a6a-ca55-7068-815c-9d259f1077fd%2526aggregator%253Dmitula%2526utm_content%253D019d7a6a-ca55-7068-815c-9d259f1077fd_payment&searchType=2&page=2&seo_link_id=1406109696&section=1&t_sec=1&sectionType=1&pageViewId=8ad29cd9-0092-4243-912b-89016868bf04&t_pvid=8ad29cd9-0092-4243-912b-89016868bf04&userAgent=Mozilla%2F5.0+%28Macintosh%3B+Intel+Mac+OS+X+10_15_7%29+AppleWebKit%2F605.1.15+%28KHTML%2C+like+Gecko%29+Version%2F17.4+Safari%2F605.1.15&browser=1&isHuman=true&userIp=189.226.196.225&what=departamento+coyoacan&search_terms=departamento+coyoacan&origin=2&t_or=2&splitTestId=0,nuroa,437.5
17000.0,departamento,Coyoacán,Ciudad de México,30.0,1.0,1.0,1.0,https://www.nuroa.com.mx/adform/2340000775932722995?click_type=0&pos=15&listingId=2340000775932722995&siteStrategyKey=https%3A%2F%2Fwww.nuroa.com.mx&url=https%253A%252F%252Fwww.icasas.mx%252FaggregatorDetail%253FadId%253D019d7ad5-1409-70c5-8750-cbaf0507cbec%2526aggregator%253Dmitula%2526utm_content%253D019d7ad5-1409-70c5-8750-cbaf0507cbec_payment&searchType=2&page=2&seo_link_id=1406109696&section=1&t_sec=1&sectionType=1&pageViewId=8ad29cd9-0092-4243-912b-89016868bf04&t_pvid=8ad29cd9-0092-4243-912b-89016868bf04&userAgent=Mozilla%2F5.0+%28Macintosh%3B+Intel+Mac+OS+X+10_15_7%29+AppleWebKit%2F605.1.15+%28KHTML%2C+like+Gecko%29+Version%2F17.4+Safari%2F605.1.15&browser=1&isHuman=true&userIp=189.226.196.225&what=departamento+coyoacan&search_terms=departamento+coyoacan&origin=2&t_or=2&splitTestId=0,nuroa,566.6666666666666
20000.0,departamento,Coyoacán,Ciudad de México,40.0,1.0,1.0,1.0,https://www.nuroa.com.mx/adform/3870000776256559383?click_type=0&pos=16&listingId=3870000776256559383&siteStrategyKey=https%3A%2F%2Fwww.nuroa.com.mx&url=https%253A%252F%252Fwww.icasas.mx%252FaggregatorDetail%253FadId%253D019d8f5e-63ae-7239-9306-bff42838aa28%2526aggregator%253Dmitula%2526utm_content%253D019d8f5e-63ae-7239-9306-bff42838aa28_payment&searchType=2&page=2&seo_link_id=1406109696&section=1&t_sec=1&sectionType=1&pageViewId=8ad29cd9-0092-4243-912b-89016868bf04&t_pvid=8ad29cd9-0092-4243-912b-89016868bf04&userAgent=Mozilla%2F5.0+%28Macintosh%3B+Intel+Mac+OS+X+10_15_7%29+AppleWebKit%2F605.1.15+%28KHTML%2C+like+Gecko%29+Version%2F17.4+Safari%2F605.1.15&browser=1&isHuman=true&userIp=189.226.196.225&what=departamento+coyoacan&search_terms=departamento+coyoacan&origin=2&t_or=2&splitTestId=0,nuroa,500.0
14000.0,departamento,Coyoacán,Ciudad de México,25.0,1.0,1.0,,https://www.nuroa.com.mx/adform/7750000774896179137?click_type=0&pos=17&listingId=7750000774896179137&siteStrategyKey=https%3A%2F%2Fwww.nuroa.com.mx&url=https%253A%252F%252Fwww.icasas.mx%252FaggregatorDetail%253FadId%253D019d3f31-3988-7561-a2bd-2cc0d0f74edf%2526aggregator%253Dmitula%2526utm_content%253D019d3f31-3988-7561-a2bd-2cc0d0f74edf_payment&searchType=2&page=2&seo_link_id=1406109696&section=1&t_sec=1&sectionType=1&pageViewId=8ad29cd9-0092-4243-912b-89016868bf04&t_pvid=8ad29cd9-0092-4243-912b-89016868bf04&userAgent=Mozilla%2F5.0+%28Macintosh%3B+Intel+Mac+OS+X+10_15_7%29+AppleWebKit%2F605.1.15+%28KHTML%2C+like+Gecko%29+Version%2F17.4+Safari%2F605.1.15&browser=1&isHuman=true&userIp=189.226.196.225&what=departamento+coyoacan&search_terms=departamento+coyoacan&origin=2&t_or=2&splitTestId=0,nuroa,560.0
18500.0,departamento,Coyoacán,Ciudad de México,71.0,2.0,2.0,1.0,https://www.nuroa.com.mx/conversion/organic/departamento-coyoacan/2/18/rentumo?siteId=411993&clickType=organic&redirectUrl=https%3A%2F%2Fwww.nuroa.com.mx%2Fproperty%2F5800003781440935701%3Fclick_type%3D0%26pos%3D18%26listingId%3D5800003781440935701%26siteStrategyKey%3Dnuroa.com.mx%26url%3Dhttps%25253A%25252F%25252Frentumo.mx%25252Flistados%25252Fdepartamento-a-la-renta-av-del-iman-coyoacan-cdmx-68191%26searchType%3D2%26page%3D2%26seo_link_id%3D1406109696%26section%3D1%26t_sec%3D1%26sectionType%3D1%26pageViewId%3D8ad29cd9-0092-4243-912b-89016868bf04%26t_pvid%3D8ad29cd9-0092-4243-912b-89016868bf04%26userAgent%3DMozilla%252F5.0%2B%2528Macintosh%253B%2BIntel%2BMac%2BOS%2BX%2B10_15_7%2529%2BAppleWebKit%252F605.1.15%2B%2528KHTML%252C%2Blike%2BGecko%2529%2BVersion%252F17.4%2BSafari%252F605.1.15%26browser%3D1%26isHuman%3Dtrue%26userIp%3D189.226.196.225%26what%3Ddepartamento%2Bcoyoacan%26search_terms%3Ddepartamento%2Bcoyoacan%26origin%3D2%26t_or%3D2%26splitTestId%3D0%26detailPageUrl%3Dhttps%25253A%25252F%25252Fwww.nuroa.com.mx%25252Fadclickdetail%25252F5800003781440935701%25253Fclick_type%25253D0%252526pos%25253D18%252526listingId%25253D5800003781440935701%252526siteStrategyKey%25253Dhttps%2525253A%2525252F%2525252Fwww.nuroa.com.mx%252526url%25253Dhttps%252525253A%252525252F%252525252Frentumo.mx%252525252Flistados%252525252Fdepartamento-a-la-renta-av-del-iman-coyoacan-cdmx-68191%252526searchType%25253D2%252526page%25253D2%252526seo_link_id%25253D1406109696%252526section%25253D1%252526t_sec%25253D1%252526sectionType%25253D1%252526pageViewId%25253D8ad29cd9-0092-4243-912b-89016868bf04%252526t_pvid%25253D8ad29cd9-0092-4243-912b-89016868bf04%252526userAgent%25253DMozilla%2525252F5.0%25252B%25252528Macintosh%2525253B%25252BIntel%25252BMac%25252BOS%25252BX%25252B10_15_7%25252529%25252BAppleWebKit%2525252F605.1.15%25252B%25252528KHTML%2525252C%25252Blike%25252BGecko%25252529%25252BVersion%2525252F17.4%25252BSafari%2525252F605.1.15%252526browser%25253D1%252526isHuman%25253Dtrue%252526userIp%25253D189.226.196.225%252526what%25253Ddepartamento%25252Bcoyoacan%252526search_terms%25253Ddepartamento%25252Bcoyoacan%252526origin%25253D2%252526t_or%25253D2%252526splitTestId%25253D0%252526clickin%25253Dfalse,nuroa,260.5633802816901
20000.0,departamento,Coyoacán,Ciudad de México,64.0,2.0,1.0,,https://www.nuroa.com.mx/conversion/organic/departamento-coyoacan/2/19/rentumo?siteId=411993&clickType=organic&redirectUrl=https%3A%2F%2Fwww.nuroa.com.mx%2Fproperty%2F2770003781526976938%3Fclick_type%3D0%26pos%3D19%26listingId%3D2770003781526976938%26siteStrategyKey%3Dnuroa.com.mx%26url%3Dhttps%25253A%25252F%25252Frentumo.mx%25252Flistados%25252Frenta-departamento-en-avenida-aztecas-colonia-pueblo-de-los-reyes-c-p-04330-65558%26searchType%3D2%26page%3D2%26seo_link_id%3D1406109696%26section%3D1%26t_sec%3D1%26sectionType%3D1%26pageViewId%3D8ad29cd9-0092-4243-912b-89016868bf04%26t_pvid%3D8ad29cd9-0092-4243-912b-89016868bf04%26userAgent%3DMozilla%252F5.0%2B%2528Macintosh%253B%2BIntel%2BMac%2BOS%2BX%2B10_15_7%2529%2BAppleWebKit%252F605.1.15%2B%2528KHTML%252C%2Blike%2BGecko%2529%2BVersion%252F17.4%2BSafari%252F605.1.15%26browser%3D1%26isHuman%3Dtrue%26userIp%3D189.226.196.225%26what%3Ddepartamento%2Bcoyoacan%26search_terms%3Ddepartamento%2Bcoyoacan%26origin%3D2%26t_or%3D2%26splitTestId%3D0%26detailPageUrl%3Dhttps%25253A%25252F%25252Fwww.nuroa.com.mx%25252Fadclickdetail%25252F2770003781526976938%25253Fclick_type%25253D0%252526pos%25253D19%252526listingId%25253D2770003781526976938%252526siteStrategyKey%25253Dhttps%2525253A%2525252F%2525252Fwww.nuroa.com.mx%252526url%25253Dhttps%252525253A%252525252F%252525252Frentumo.mx%252525252Flistados%252525252Frenta-departamento-en-avenida-aztecas-colonia-pueblo-de-los-reyes-c-p-04330-65558%252526searchType%25253D2%252526page%25253D2%252526seo_link_id%25253D1406109696%252526section%25253D1%252526t_sec%25253D1%252526sectionType%25253D1%252526pageViewId%25253D8ad29cd9-0092-4243-912b-89016868bf04%252526t_pvid%25253D8ad29cd9-0092-4243-912b-89016868bf04%252526userAgent%25253DMozilla%2525252F5.0%25252B%25252528Macintosh%2525253B%25252BIntel%25252BMac%25252BOS%25252BX%25252B10_15_7%25252529%25252BAppleWebKit%2525252F605.1.15%25252B%25252528KHTML%2525252C%25252Blike%25252BGecko%25252529%25252BVersion%2525252F17.4%25252BSafari%2525252F605.1.15%252526browser%25253D1%252526isHuman%25253Dtrue%252526userIp%25253D189.226.196.225%252526what%25253Ddepartamento%25252Bcoyoacan%252526search_terms%25253Ddepartamento%25252Bcoyoacan%252526origin%25253D2%252526t_or%25253D2%252526splitTestId%25253D0%252526clickin%25253Dfalse,nuroa,312.5
22000.0,departamento,Coyoacán,Ciudad de México,120.0,3.0,2.0,1.0,https://www.nuroa.com.mx/conversion/organic/departamento-coyoacan/2/20/rentumo?siteId=411993&clickType=organic&redirectUrl=https%3A%2F%2Fwww.nuroa.com.mx%2Fproperty%2F2870003781526976946%3Fclick_type%3D0%26pos%3D20%26listingId%3D2870003781526976946%26siteStrategyKey%3Dnuroa.com.mx%26url%3Dhttps%25253A%25252F%25252Frentumo.mx%25252Flistados%25252Frenta-departamento-en-ejido-mexicaltzingo-colonia-ex-ejido-de-san-francisco-culhuacan-c-p-04420-65581%26searchType%3D2%26page%3D2%26seo_link_id%3D1406109696%26section%3D1%26t_sec%3D1%26sectionType%3D1%26pageViewId%3D8ad29cd9-0092-4243-912b-89016868bf04%26t_pvid%3D8ad29cd9-0092-4243-912b-89016868bf04%26userAgent%3DMozilla%252F5.0%2B%2528Macintosh%253B%2BIntel%2BMac%2BOS%2BX%2B10_15_7%2529%2BAppleWebKit%252F605.1.15%2B%2528KHTML%252C%2Blike%2BGecko%2529%2BVersion%252F17.4%2BSafari%252F605.1.15%26browser%3D1%26isHuman%3Dtrue%26userIp%3D189.226.196.225%26what%3Ddepartamento%2Bcoyoacan%26search_terms%3Ddepartamento%2Bcoyoacan%26origin%3D2%26t_or%3D2%26splitTestId%3D0%26detailPageUrl%3Dhttps%25253A%25252F%25252Fwww.nuroa.com.mx%25252Fadclickdetail%25252F2870003781526976946%25253Fclick_type%25253D0%252526pos%25253D20%252526listingId%25253D2870003781526976946%252526siteStrategyKey%25253Dhttps%2525253A%2525252F%2525252Fwww.nuroa.com.mx%252526url%25253Dhttps%252525253A%252525252F%252525252Frentumo.mx%252525252Flistados%252525252Frenta-departamento-en-ejido-mexicaltzingo-colonia-ex-ejido-de-san-francisco-culhuacan-c-p-04420-65581%252526searchType%25253D2%252526page%25253D2%252526seo_link_id%25253D1406109696%252526section%25253D1%252526t_sec%25253D1%252526sectionType%25253D1%252526pageViewId%25253D8ad29cd9-0092-4243-912b-89016868bf04%252526t_pvid%25253D8ad29cd9-0092-4243-912b-89016868bf04%252526userAgent%25253DMozilla%2525252F5.0%25252B%25252528Macintosh%2525253B%25252BIntel%25252BMac%25252BOS%25252BX%25252B10_15_7%25252529%25252BAppleWebKit%2525252F605.1.15%25252B%25252528KHTML%2525252C%25252Blike%25252BGecko%25252529%25252BVersion%2525252F17.4%25252BSafari%2525252F605.1.15%252526browser%25253D1%252526isHuman%25253Dtrue%252526userIp%25253D189.226.196.225%252526what%25253Ddepartamento%25252Bcoyoacan%252526search_terms%25253Ddepartamento%25252Bcoyoacan%252526origin%25253D2%252526t_or%25253D2%252526splitTestId%25253D0%252526clickin%25253Dfalse,nuroa,183.33333333333334
22000.0,departamento,Coyoacán,Ciudad de México,80.0,3.0,2.0,,https://www.nuroa.com.mx/conversion/organic/departamento-coyoacan/2/21/rentumo?siteId=411993&clickType=organic&redirectUrl=https%3A%2F%2Fwww.nuroa.com.mx%2Fproperty%2F2960003781526976954%3Fclick_type%3D0%26pos%3D21%26listingId%3D2960003781526976954%26siteStrategyKey%3Dnuroa.com.mx%26url%3Dhttps%25253A%25252F%25252Frentumo.mx%25252Flistados%25252Frenta-de-departamento-en-reforma-52-santa-catarina-coyoacan-04010-ciudad-de-mexico-cdmx-52-colonia-barrio-santa-catarina-c-p-04010-65601%26searchType%3D2%26page%3D2%26seo_link_id%3D1406109696%26section%3D1%26t_sec%3D1%26sectionType%3D1%26pageViewId%3D8ad29cd9-0092-4243-912b-89016868bf04%26t_pvid%3D8ad29cd9-0092-4243-912b-89016868bf04%26userAgent%3DMozilla%252F5.0%2B%2528Macintosh%253B%2BIntel%2BMac%2BOS%2BX%2B10_15_7%2529%2BAppleWebKit%252F605.1.15%2B%2528KHTML%252C%2Blike%2BGecko%2529%2BVersion%252F17.4%2BSafari%252F605.1.15%26browser%3D1%26isHuman%3Dtrue%26userIp%3D189.226.196.225%26what%3Ddepartamento%2Bcoyoacan%26search_terms%3Ddepartamento%2Bcoyoacan%26origin%3D2%26t_or%3D2%26splitTestId%3D0%26detailPageUrl%3Dhttps%25253A%25252F%25252Fwww.nuroa.com.mx%25252Fadclickdetail%25252F2960003781526976954%25253Fclick_type%25253D0%252526pos%25253D21%252526listingId%25253D2960003781526976954%252526siteStrategyKey%25253Dhttps%2525253A%2525252F%2525252Fwww.nuroa.com.mx%252526url%25253Dhttps%252525253A%252525252F%252525252Frentumo.mx%252525252Flistados%252525252Frenta-de-departamento-en-reforma-52-santa-catarina-coyoacan-04010-ciudad-de-mexico-cdmx-52-colonia-barrio-santa-catarina-c-p-04010-65601%252526searchType%25253D2%252526page%25253D2%252526seo_link_id%25253D1406109696%252526section%25253D1%252526t_sec%25253D1%252526sectionType%25253D1%252526pageViewId%25253D8ad29cd9-0092-4243-912b-89016868bf04%252526t_pvid%25253D8ad29cd9-0092-4243-912b-89016868bf04%252526userAgent%25253DMozilla%2525252F5.0%25252B%25252528Macintosh%2525253B%25252BIntel%25252BMac%25252BOS%25252BX%25252B10_15_7%25252529%25252BAppleWebKit%2525252F605.1.15%25252B%25252528KHTML%2525252C%25252Blike%25252BGecko%25252529%25252BVersion%2525252F17.4%25252BSafari%2525252F605.1.15%252526browser%25253D1%252526isHuman%25253Dtrue%252526userIp%25253D189.226.196.225%252526what%25253Ddepartamento%25252Bcoyoacan%252526search_terms%25253Ddepartamento%25252Bcoyoacan%252526origin%25253D2%252526t_or%25253D2%252526splitTestId%25253D0%252526clickin%25253Dfalse,nuroa,275.0
25000.0,departamento,Coyoacán,Ciudad de México,115.0,3.0,3.0,,https://www.nuroa.com.mx/conversion/organic/departamento-coyoacan/2/22/rentumo?siteId=411993&clickType=organic&redirectUrl=https%3A%2F%2Fwww.nuroa.com.mx%2Fproperty%2F7160003781526978747%3Fclick_type%3D0%26pos%3D22%26listingId%3D7160003781526978747%26siteStrategyKey%3Dnuroa.com.mx%26url%3Dhttps%25253A%25252F%25252Frentumo.mx%25252Flistados%25252Frenta-de-departamento-en-paseo-de-las-higueras-paseos-de-taxquena-04250-ciudad-de-mexico-cdmx-colonia-paseos-de-taxquena-c-p-04250-68405%26searchType%3D2%26page%3D2%26seo_link_id%3D1406109696%26section%3D1%26t_sec%3D1%26sectionType%3D1%26pageViewId%3D8ad29cd9-0092-4243-912b-89016868bf04%26t_pvid%3D8ad29cd9-0092-4243-912b-89016868bf04%26userAgent%3DMozilla%252F5.0%2B%2528Macintosh%253B%2BIntel%2BMac%2BOS%2BX%2B10_15_7%2529%2BAppleWebKit%252F605.1.15%2B%2528KHTML%252C%2Blike%2BGecko%2529%2BVersion%252F17.4%2BSafari%252F605.1.15%26browser%3D1%26isHuman%3Dtrue%26userIp%3D189.226.196.225%26what%3Ddepartamento%2Bcoyoacan%26search_terms%3Ddepartamento%2Bcoyoacan%26origin%3D2%26t_or%3D2%26splitTestId%3D0%26detailPageUrl%3Dhttps%25253A%25252F%25252Fwww.nuroa.com.mx%25252Fadclickdetail%25252F7160003781526978747%25253Fclick_type%25253D0%252526pos%25253D22%252526listingId%25253D7160003781526978747%252526siteStrategyKey%25253Dhttps%2525253A%2525252F%2525252Fwww.nuroa.com.mx%252526url%25253Dhttps%252525253A%252525252F%252525252Frentumo.mx%252525252Flistados%252525252Frenta-de-departamento-en-paseo-de-las-higueras-paseos-de-taxquena-04250-ciudad-de-mexico-cdmx-colonia-paseos-de-taxquena-c-p-04250-68405%252526searchType%25253D2%252526page%25253D2%252526seo_link_id%25253D1406109696%252526section%25253D1%252526t_sec%25253D1%252526sectionType%25253D1%252526pageViewId%25253D8ad29cd9-0092-4243-912b-89016868bf04%252526t_pvid%25253D8ad29cd9-0092-4243-912b-89016868bf04%252526userAgent%25253DMozilla%2525252F5.0%25252B%25252528Macintosh%2525253B%25252BIntel%25252BMac%25252BOS%25252BX%25252B10_15_7%25252529%25252BAppleWebKit%2525252F605.1.15%25252B%25252528KHTML%2525252C%25252Blike%25252BGecko%25252529%25252BVersion%2525252F17.4%25252BSafari%2525252F605.1.15%252526browser%25253D1%252526isHuman%25253Dtrue%252526userIp%25253D189.226.196.225%252526what%25253Ddepartamento%25252Bcoyoacan%252526search_terms%25253Ddepartamento%25252Bcoyoacan%252526origin%25253D2%252526t_or%25253D2%252526splitTestId%25253D0%252526clickin%25253Dfalse,nuroa,217.3913043478261
38000.0,departamento,Coyoacán,Ciudad de México,170.0,3.0,3.0,,https://www.nuroa.com.mx/conversion/organic/departamento-coyoacan/2/23/rentumo?siteId=411993&clickType=organic&redirectUrl=https%3A%2F%2Fwww.nuroa.com.mx%2Fproperty%2F2950003781526976953%3Fclick_type%3D0%26pos%3D23%26listingId%3D2950003781526976953%26siteStrategyKey%3Dnuroa.com.mx%26url%3Dhttps%25253A%25252F%25252Frentumo.mx%25252Flistados%25252Frenta-departamento-en-prol-ayuntamiento-108-colonia-barrio-santa-catarina-c-p-04010-65600%26searchType%3D2%26page%3D2%26seo_link_id%3D1406109696%26section%3D1%26t_sec%3D1%26sectionType%3D1%26pageViewId%3D8ad29cd9-0092-4243-912b-89016868bf04%26t_pvid%3D8ad29cd9-0092-4243-912b-89016868bf04%26userAgent%3DMozilla%252F5.0%2B%2528Macintosh%253B%2BIntel%2BMac%2BOS%2BX%2B10_15_7%2529%2BAppleWebKit%252F605.1.15%2B%2528KHTML%252C%2Blike%2BGecko%2529%2BVersion%252F17.4%2BSafari%252F605.1.15%26browser%3D1%26isHuman%3Dtrue%26userIp%3D189.226.196.225%26what%3Ddepartamento%2Bcoyoacan%26search_terms%3Ddepartamento%2Bcoyoacan%26origin%3D2%26t_or%3D2%26splitTestId%3D0%26detailPageUrl%3Dhttps%25253A%25252F%25252Fwww.nuroa.com.mx%25252Fadclickdetail%25252F2950003781526976953%25253Fclick_type%25253D0%252526pos%25253D23%252526listingId%25253D2950003781526976953%252526siteStrategyKey%25253Dhttps%2525253A%2525252F%2525252Fwww.nuroa.com.mx%252526url%25253Dhttps%252525253A%252525252F%252525252Frentumo.mx%252525252Flistados%252525252Frenta-departamento-en-prol-ayuntamiento-108-colonia-barrio-santa-catarina-c-p-04010-65600%252526searchType%25253D2%252526page%25253D2%252526seo_link_id%25253D1406109696%252526section%25253D1%252526t_sec%25253D1%252526sectionType%25253D1%252526pageViewId%25253D8ad29cd9-0092-4243-912b-89016868bf04%252526t_pvid%25253D8ad29cd9-0092-4243-912b-89016868bf04%252526userAgent%25253DMozilla%2525252F5.0%25252B%25252528Macintosh%2525253B%25252BIntel%25252BMac%25252BOS%25252BX%25252B10_15_7%25252529%25252BAppleWebKit%2525252F605.1.15%25252B%25252528KHTML%2525252C%25252Blike%25252BGecko%25252529%25252BVersion%2525252F17.4%25252BSafari%2525252F605.1.15%252526browser%25253D1%252526isHuman%25253Dtrue%252526userIp%25253D189.226.196.225%252526what%25253Ddepartamento%25252Bcoyoacan%252526search_terms%25253Ddepartamento%25252Bcoyoacan%252526origin%25253D2%252526t_or%25253D2%252526splitTestId%25253D0%252526clickin%25253Dfalse,nuroa,223.52941176470588
25000.0,departamento,Coyoacán,Ciudad de México,110.0,4.0,3.0,1.0,https://www.nuroa.com.mx/conversion/organic/departamento-coyoacan/2/25/rentumo?siteId=411993&clickType=organic&redirectUrl=https%3A%2F%2Fwww.nuroa.com.mx%2Fproperty%2F2760003781526976937%3Fclick_type%3D0%26pos%3D25%26listingId%3D2760003781526976937%26siteStrategyKey%3Dnuroa.com.mx%26url%3Dhttps%25253A%25252F%25252Frentumo.mx%25252Flistados%25252Frenta-de-departamento-av-copilco-178-colonia-copilco-el-alto-c-p-04360-65555%26searchType%3D2%26page%3D2%26seo_link_id%3D1406109696%26section%3D1%26t_sec%3D1%26sectionType%3D1%26pageViewId%3D8ad29cd9-0092-4243-912b-89016868bf04%26t_pvid%3D8ad29cd9-0092-4243-912b-89016868bf04%26userAgent%3DMozilla%252F5.0%2B%2528Macintosh%253B%2BIntel%2BMac%2BOS%2BX%2B10_15_7%2529%2BAppleWebKit%252F605.1.15%2B%2528KHTML%252C%2Blike%2BGecko%2529%2BVersion%252F17.4%2BSafari%252F605.1.15%26browser%3D1%26isHuman%3Dtrue%26userIp%3D189.226.196.225%26what%3Ddepartamento%2Bcoyoacan%26search_terms%3Ddepartamento%2Bcoyoacan%26origin%3D2%26t_or%3D2%26splitTestId%3D0%26detailPageUrl%3Dhttps%25253A%25252F%25252Fwww.nuroa.com.mx%25252Fadclickdetail%25252F2760003781526976937%25253Fclick_type%25253D0%252526pos%25253D25%252526listingId%25253D2760003781526976937%252526siteStrategyKey%25253Dhttps%2525253A%2525252F%2525252Fwww.nuroa.com.mx%252526url%25253Dhttps%252525253A%252525252F%252525252Frentumo.mx%252525252Flistados%252525252Frenta-de-departamento-av-copilco-178-colonia-copilco-el-alto-c-p-04360-65555%252526searchType%25253D2%252526page%25253D2%252526seo_link_id%25253D1406109696%252526section%25253D1%252526t_sec%25253D1%252526sectionType%25253D1%252526pageViewId%25253D8ad29cd9-0092-4243-912b-89016868bf04%252526t_pvid%25253D8ad29cd9-0092-4243-912b-89016868bf04%252526userAgent%25253DMozilla%2525252F5.0%25252B%25252528Macintosh%2525253B%25252BIntel%25252BMac%25252BOS%25252BX%25252B10_15_7%25252529%25252BAppleWebKit%2525252F605.1.15%25252B%25252528KHTML%2525252C%25252Blike%25252BGecko%25252529%25252BVersion%2525252F17.4%25252BSafari%2525252F605.1.15%252526browser%25253D1%252526isHuman%25253Dtrue%252526userIp%25253D189.226.196.225%252526what%25253Ddepartamento%25252Bcoyoacan%252526search_terms%25253Ddepartamento%25252Bcoyoacan%252526origin%25253D2%252526t_or%25253D2%252526splitTestId%25253D0%252526clickin%25253Dfalse,nuroa,227.27272727272728
15000.0,departamento,Coyoacán,Ciudad de México,95.0,2.0,1.0,,https://www.nuroa.com.mx/conversion/organic/departamento-coyoacan/3/2/rentumo?siteId=411993&clickType=organic&redirectUrl=https%3A%2F%2Fwww.nuroa.com.mx%2Fproperty%2F7130003781526978744%3Fclick_type%3D0%26pos%3D2%26listingId%3D7130003781526978744%26siteStrategyKey%3Dnuroa.com.mx%26url%3Dhttps%25253A%25252F%25252Frentumo.mx%25252Flistados%25252Frenta-departamento-en-av-de-el-parque-avante-04460-ciudad-de-mexico-cdmx-colonia-avante-c-p-04460-68402%26searchType%3D2%26page%3D3%26seo_link_id%3D1406109696%26section%3D1%26t_sec%3D1%26sectionType%3D1%26pageViewId%3D9bdcfdac-e36d-4834-a478-af2f84f8b128%26t_pvid%3D9bdcfdac-e36d-4834-a478-af2f84f8b128%26userAgent%3DMozilla%252F5.0%2B%2528X11%253B%2BLinux%2Bx86_64%253B%2Brv%253A125.0%2529%2BGecko%252F20100101%2BFirefox%252F125.0%26browser%3D1%26isHuman%3Dtrue%26userIp%3D189.226.196.225%26what%3Ddepartamento%2Bcoyoacan%26search_terms%3Ddepartamento%2Bcoyoacan%26origin%3D2%26t_or%3D2%26splitTestId%3D0%26detailPageUrl%3Dhttps%25253A%25252F%25252Fwww.nuroa.com.mx%25252Fadclickdetail%25252F7130003781526978744%25253Fclick_type%25253D0%252526pos%25253D2%252526listingId%25253D7130003781526978744%252526siteStrategyKey%25253Dhttps%2525253A%2525252F%2525252Fwww.nuroa.com.mx%252526url%25253Dhttps%252525253A%252525252F%252525252Frentumo.mx%252525252Flistados%252525252Frenta-departamento-en-av-de-el-parque-avante-04460-ciudad-de-mexico-cdmx-colonia-avante-c-p-04460-68402%252526searchType%25253D2%252526page%25253D3%252526seo_link_id%25253D1406109696%252526section%25253D1%252526t_sec%25253D1%252526sectionType%25253D1%252526pageViewId%25253D9bdcfdac-e36d-4834-a478-af2f84f8b128%252526t_pvid%25253D9bdcfdac-e36d-4834-a478-af2f84f8b128%252526userAgent%25253DMozilla%2525252F5.0%25252B%25252528X11%2525253B%25252BLinux%25252Bx86_64%2525253B%25252Brv%2525253A125.0%25252529%25252BGecko%2525252F20100101%25252BFirefox%2525252F125.0%252526browser%25253D1%252526isHuman%25253Dtrue%252526userIp%25253D189.226.196.225%252526what%25253Ddepartamento%25252Bcoyoacan%252526search_terms%25253Ddepartamento%25252Bcoyoacan%252526origin%25253D2%252526t_or%25253D2%252526splitTestId%25253D0%252526clickin%25253Dfalse,nuroa,157.89473684210526
30000.0,departamento,Coyoacán,Ciudad de México,90.0,2.0,2.0,,https://www.nuroa.com.mx/conversion/organic/departamento-coyoacan/3/3/rentumo?siteId=411993&clickType=organic&redirectUrl=https%3A%2F%2Fwww.nuroa.com.mx%2Fproperty%2F2920003781526976950%3Fclick_type%3D0%26pos%3D3%26listingId%3D2920003781526976950%26siteStrategyKey%3Dnuroa.com.mx%26url%3Dhttps%25253A%25252F%25252Frentumo.mx%25252Flistados%25252Fdepartamento-en-renta-periferico-sur-5550-5550-colonia-pedregal-de-carrasco-c-p-04700-65594%26searchType%3D2%26page%3D3%26seo_link_id%3D1406109696%26section%3D1%26t_sec%3D1%26sectionType%3D1%26pageViewId%3D9bdcfdac-e36d-4834-a478-af2f84f8b128%26t_pvid%3D9bdcfdac-e36d-4834-a478-af2f84f8b128%26userAgent%3DMozilla%252F5.0%2B%2528X11%253B%2BLinux%2Bx86_64%253B%2Brv%253A125.0%2529%2BGecko%252F20100101%2BFirefox%252F125.0%26browser%3D1%26isHuman%3Dtrue%26userIp%3D189.226.196.225%26what%3Ddepartamento%2Bcoyoacan%26search_terms%3Ddepartamento%2Bcoyoacan%26origin%3D2%26t_or%3D2%26splitTestId%3D0%26detailPageUrl%3Dhttps%25253A%25252F%25252Fwww.nuroa.com.mx%25252Fadclickdetail%25252F2920003781526976950%25253Fclick_type%25253D0%252526pos%25253D3%252526listingId%25253D2920003781526976950%252526siteStrategyKey%25253Dhttps%2525253A%2525252F%2525252Fwww.nuroa.com.mx%252526url%25253Dhttps%252525253A%252525252F%252525252Frentumo.mx%252525252Flistados%252525252Fdepartamento-en-renta-periferico-sur-5550-5550-colonia-pedregal-de-carrasco-c-p-04700-65594%252526searchType%25253D2%252526page%25253D3%252526seo_link_id%25253D1406109696%252526section%25253D1%252526t_sec%25253D1%252526sectionType%25253D1%252526pageViewId%25253D9bdcfdac-e36d-4834-a478-af2f84f8b128%252526t_pvid%25253D9bdcfdac-e36d-4834-a478-af2f84f8b128%252526userAgent%25253DMozilla%2525252F5.0%25252B%25252528X11%2525253B%25252BLinux%25252Bx86_64%2525253B%25252Brv%2525253A125.0%25252529%25252BGecko%2525252F20100101%25252BFirefox%2525252F125.0%252526browser%25253D1%252526isHuman%25253Dtrue%252526userIp%25253D189.226.196.225%252526what%25253Ddepartamento%25252Bcoyoacan%252526search_terms%25253Ddepartamento%25252Bcoyoacan%252526origin%25253D2%252526t_or%25253D2%252526splitTestId%25253D0%252526clickin%25253Dfalse,nuroa,333.3333333333333
16000.0,departamento,Coyoacán,Ciudad de México,75.0,2.0,1.0,1.0,https://www.nuroa.com.mx/conversion/organic/departamento-coyoacan/3/4/rentumo?siteId=411993&clickType=organic&redirectUrl=https%3A%2F%2Fwww.nuroa.com.mx%2Fproperty%2F8340003781526977790%3Fclick_type%3D0%26pos%3D4%26listingId%3D8340003781526977790%26siteStrategyKey%3Dnuroa.com.mx%26url%3Dhttps%25253A%25252F%25252Frentumo.mx%25252Flistados%25252Fse-renta-departamento-rancho-de-los-arcos-70-colonia-los-girasoles-c-p-04920-66574%26searchType%3D2%26page%3D3%26seo_link_id%3D1406109696%26section%3D1%26t_sec%3D1%26sectionType%3D1%26pageViewId%3D9bdcfdac-e36d-4834-a478-af2f84f8b128%26t_pvid%3D9bdcfdac-e36d-4834-a478-af2f84f8b128%26userAgent%3DMozilla%252F5.0%2B%2528X11%253B%2BLinux%2Bx86_64%253B%2Brv%253A125.0%2529%2BGecko%252F20100101%2BFirefox%252F125.0%26browser%3D1%26isHuman%3Dtrue%26userIp%3D189.226.196.225%26what%3Ddepartamento%2Bcoyoacan%26search_terms%3Ddepartamento%2Bcoyoacan%26origin%3D2%26t_or%3D2%26splitTestId%3D0%26detailPageUrl%3Dhttps%25253A%25252F%25252Fwww.nuroa.com.mx%25252Fadclickdetail%25252F8340003781526977790%25253Fclick_type%25253D0%252526pos%25253D4%252526listingId%25253D8340003781526977790%252526siteStrategyKey%25253Dhttps%2525253A%2525252F%2525252Fwww.nuroa.com.mx%252526url%25253Dhttps%252525253A%252525252F%252525252Frentumo.mx%252525252Flistados%252525252Fse-renta-departamento-rancho-de-los-arcos-70-colonia-los-girasoles-c-p-04920-66574%252526searchType%25253D2%252526page%25253D3%252526seo_link_id%25253D1406109696%252526section%25253D1%252526t_sec%25253D1%252526sectionType%25253D1%252526pageViewId%25253D9bdcfdac-e36d-4834-a478-af2f84f8b128%252526t_pvid%25253D9bdcfdac-e36d-4834-a478-af2f84f8b128%252526userAgent%25253DMozilla%2525252F5.0%25252B%25252528X11%2525253B%25252BLinux%25252Bx86_64%2525253B%25252Brv%2525253A125.0%25252529%25252BGecko%2525252F20100101%25252BFirefox%2525252F125.0%252526browser%25253D1%252526isHuman%25253Dtrue%252526userIp%25253D189.226.196.225%252526what%25253Ddepartamento%25252Bcoyoacan%252526search_terms%25253Ddepartamento%25252Bcoyoacan%252526origin%25253D2%252526t_or%25253D2%252526splitTestId%25253D0%252526clickin%25253Dfalse,nuroa,213.33333333333334
23000.0,departamento,Coyoacán,Ciudad de México,80.0,2.0,1.0,,https://www.nuroa.com.mx/conversion/organic/departamento-coyoacan/3/5/rentumo?siteId=411993&clickType=organic&redirectUrl=https%3A%2F%2Fwww.nuroa.com.mx%2Fproperty%2F2940003781526976952%3Fclick_type%3D0%26pos%3D5%26listingId%3D2940003781526976952%26siteStrategyKey%3Dnuroa.com.mx%26url%3Dhttps%25253A%25252F%25252Frentumo.mx%25252Flistados%25252Fdepartamento-en-renta-disponible-en-presidentes-ejidales-1-colonia-presidentes-ejidales-1a-seccion-c-p-04470-65598%26searchType%3D2%26page%3D3%26seo_link_id%3D1406109696%26section%3D1%26t_sec%3D1%26sectionType%3D1%26pageViewId%3D9bdcfdac-e36d-4834-a478-af2f84f8b128%26t_pvid%3D9bdcfdac-e36d-4834-a478-af2f84f8b128%26userAgent%3DMozilla%252F5.0%2B%2528X11%253B%2BLinux%2Bx86_64%253B%2Brv%253A125.0%2529%2BGecko%252F20100101%2BFirefox%252F125.0%26browser%3D1%26isHuman%3Dtrue%26userIp%3D189.226.196.225%26what%3Ddepartamento%2Bcoyoacan%26search_terms%3Ddepartamento%2Bcoyoacan%26origin%3D2%26t_or%3D2%26splitTestId%3D0%26detailPageUrl%3Dhttps%25253A%25252F%25252Fwww.nuroa.com.mx%25252Fadclickdetail%25252F2940003781526976952%25253Fclick_type%25253D0%252526pos%25253D5%252526listingId%25253D2940003781526976952%252526siteStrategyKey%25253Dhttps%2525253A%2525252F%2525252Fwww.nuroa.com.mx%252526url%25253Dhttps%252525253A%252525252F%252525252Frentumo.mx%252525252Flistados%252525252Fdepartamento-en-renta-disponible-en-presidentes-ejidales-1-colonia-presidentes-ejidales-1a-seccion-c-p-04470-65598%252526searchType%25253D2%252526page%25253D3%252526seo_link_id%25253D1406109696%252526section%25253D1%252526t_sec%25253D1%252526sectionType%25253D1%252526pageViewId%25253D9bdcfdac-e36d-4834-a478-af2f84f8b128%252526t_pvid%25253D9bdcfdac-e36d-4834-a478-af2f84f8b128%252526userAgent%25253DMozilla%2525252F5.0%25252B%25252528X11%2525253B%25252BLinux%25252Bx86_64%2525253B%25252Brv%2525253A125.0%25252529%25252BGecko%2525252F20100101%25252BFirefox%2525252F125.0%252526browser%25253D1%252526isHuman%25253Dtrue%252526userIp%25253D189.226.196.225%252526what%25253Ddepartamento%25252Bcoyoacan%252526search_terms%25253Ddepartamento%25252Bcoyoacan%252526origin%25253D2%252526t_or%25253D2%252526splitTestId%25253D0%252526clickin%25253Dfalse,nuroa,287.5
20000.0,departamento,Coyoacán,Ciudad de México,80.0,1.0,1.0,,https://www.nuroa.com.mx/conversion/organic/departamento-coyoacan/3/6/rentumo?siteId=411993&clickType=organic&redirectUrl=https%3A%2F%2Fwww.nuroa.com.mx%2Fproperty%2F2820003781526976942%3Fclick_type%3D0%26pos%3D6%26listingId%3D2820003781526976942%26siteStrategyKey%3Dnuroa.com.mx%26url%3Dhttps%25253A%25252F%25252Frentumo.mx%25252Flistados%25252Frenta-departamento-en-centenario-colonia-del-carmen-c-p-04100-65573%26searchType%3D2%26page%3D3%26seo_link_id%3D1406109696%26section%3D1%26t_sec%3D1%26sectionType%3D1%26pageViewId%3D9bdcfdac-e36d-4834-a478-af2f84f8b128%26t_pvid%3D9bdcfdac-e36d-4834-a478-af2f84f8b128%26userAgent%3DMozilla%252F5.0%2B%2528X11%253B%2BLinux%2Bx86_64%253B%2Brv%253A125.0%2529%2BGecko%252F20100101%2BFirefox%252F125.0%26browser%3D1%26isHuman%3Dtrue%26userIp%3D189.226.196.225%26what%3Ddepartamento%2Bcoyoacan%26search_terms%3Ddepartamento%2Bcoyoacan%26origin%3D2%26t_or%3D2%26splitTestId%3D0%26detailPageUrl%3Dhttps%25253A%25252F%25252Fwww.nuroa.com.mx%25252Fadclickdetail%25252F2820003781526976942%25253Fclick_type%25253D0%252526pos%25253D6%252526listingId%25253D2820003781526976942%252526siteStrategyKey%25253Dhttps%2525253A%2525252F%2525252Fwww.nuroa.com.mx%252526url%25253Dhttps%252525253A%252525252F%252525252Frentumo.mx%252525252Flistados%252525252Frenta-departamento-en-centenario-colonia-del-carmen-c-p-04100-65573%252526searchType%25253D2%252526page%25253D3%252526seo_link_id%25253D1406109696%252526section%25253D1%252526t_sec%25253D1%252526sectionType%25253D1%252526pageViewId%25253D9bdcfdac-e36d-4834-a478-af2f84f8b128%252526t_pvid%25253D9bdcfdac-e36d-4834-a478-af2f84f8b128%252526userAgent%25253DMozilla%2525252F5.0%25252B%25252528X11%2525253B%25252BLinux%25252Bx86_64%2525253B%25252Brv%2525253A125.0%25252529%25252BGecko%2525252F20100101%25252BFirefox%2525252F125.0%252526browser%25253D1%252526isHuman%25253Dtrue%252526userIp%25253D189.226.196.225%252526what%25253Ddepartamento%25252Bcoyoacan%252526search_terms%25253Ddepartamento%25252Bcoyoacan%252526origin%25253D2%252526t_or%25253D2%252526splitTestId%25253D0%252526clickin%25253Dfalse,nuroa,250.0
22000.0,departamento,Coyoacán,Ciudad de México,75.0,2.0,1.0,,https://www.nuroa.com.mx/conversion/organic/departamento-coyoacan/3/7/rentumo?siteId=411993&clickType=organic&redirectUrl=https%3A%2F%2Fwww.nuroa.com.mx%2Fproperty%2F2810003781526976941%3Fclick_type%3D0%26pos%3D7%26listingId%3D2810003781526976941%26siteStrategyKey%3Dnuroa.com.mx%26url%3Dhttps%25253A%25252F%25252Frentumo.mx%25252Flistados%25252Fse-renta-departamento-calz-gral-anaya-del-carmen-ciudad-de-mexico-cdmx-colonia-del-carmen-c-p-04100-65572%26searchType%3D2%26page%3D3%26seo_link_id%3D1406109696%26section%3D1%26t_sec%3D1%26sectionType%3D1%26pageViewId%3D9bdcfdac-e36d-4834-a478-af2f84f8b128%26t_pvid%3D9bdcfdac-e36d-4834-a478-af2f84f8b128%26userAgent%3DMozilla%252F5.0%2B%2528X11%253B%2BLinux%2Bx86_64%253B%2Brv%253A125.0%2529%2BGecko%252F20100101%2BFirefox%252F125.0%26browser%3D1%26isHuman%3Dtrue%26userIp%3D189.226.196.225%26what%3Ddepartamento%2Bcoyoacan%26search_terms%3Ddepartamento%2Bcoyoacan%26origin%3D2%26t_or%3D2%26splitTestId%3D0%26detailPageUrl%3Dhttps%25253A%25252F%25252Fwww.nuroa.com.mx%25252Fadclickdetail%25252F2810003781526976941%25253Fclick_type%25253D0%252526pos%25253D7%252526listingId%25253D2810003781526976941%252526siteStrategyKey%25253Dhttps%2525253A%2525252F%2525252Fwww.nuroa.com.mx%252526url%25253Dhttps%252525253A%252525252F%252525252Frentumo.mx%252525252Flistados%252525252Fse-renta-departamento-calz-gral-anaya-del-carmen-ciudad-de-mexico-cdmx-colonia-del-carmen-c-p-04100-65572%252526searchType%25253D2%252526page%25253D3%252526seo_link_id%25253D1406109696%252526section%25253D1%252526t_sec%25253D1%252526sectionType%25253D1%252526pageViewId%25253D9bdcfdac-e36d-4834-a478-af2f84f8b128%252526t_pvid%25253D9bdcfdac-e36d-4834-a478-af2f84f8b128%252526userAgent%25253DMozilla%2525252F5.0%25252B%25252528X11%2525253B%25252BLinux%25252Bx86_64%2525253B%25252Brv%2525253A125.0%25252529%25252BGecko%2525252F20100101%25252BFirefox%2525252F125.0%252526browser%25253D1%252526isHuman%25253Dtrue%252526userIp%25253D189.226.196.225%252526what%25253Ddepartamento%25252Bcoyoacan%252526search_terms%25253Ddepartamento%25252Bcoyoacan%252526origin%25253D2%252526t_or%25253D2%252526splitTestId%25253D0%252526clickin%25253Dfalse,nuroa,293.3333333333333
17100.0,departamento,Coyoacán,Ciudad de México,75.0,2.0,1.0,,https://www.nuroa.com.mx/conversion/organic/departamento-coyoacan/3/9/rentumo?siteId=411993&clickType=organic&redirectUrl=https%3A%2F%2Fwww.nuroa.com.mx%2Fproperty%2F3010003781526978196%3Fclick_type%3D0%26pos%3D9%26listingId%3D3010003781526978196%26siteStrategyKey%3Dnuroa.com.mx%26url%3Dhttps%25253A%25252F%25252Frentumo.mx%25252Flistados%25252Frenta-departamento-en-cerro-del-fortin-125-colonia-campestre-churubusco-c-p-04200-67475%26searchType%3D2%26page%3D3%26seo_link_id%3D1406109696%26section%3D1%26t_sec%3D1%26sectionType%3D1%26pageViewId%3D9bdcfdac-e36d-4834-a478-af2f84f8b128%26t_pvid%3D9bdcfdac-e36d-4834-a478-af2f84f8b128%26userAgent%3DMozilla%252F5.0%2B%2528X11%253B%2BLinux%2Bx86_64%253B%2Brv%253A125.0%2529%2BGecko%252F20100101%2BFirefox%252F125.0%26browser%3D1%26isHuman%3Dtrue%26userIp%3D189.226.196.225%26what%3Ddepartamento%2Bcoyoacan%26search_terms%3Ddepartamento%2Bcoyoacan%26origin%3D2%26t_or%3D2%26splitTestId%3D0%26detailPageUrl%3Dhttps%25253A%25252F%25252Fwww.nuroa.com.mx%25252Fadclickdetail%25252F3010003781526978196%25253Fclick_type%25253D0%252526pos%25253D9%252526listingId%25253D3010003781526978196%252526siteStrategyKey%25253Dhttps%2525253A%2525252F%2525252Fwww.nuroa.com.mx%252526url%25253Dhttps%252525253A%252525252F%252525252Frentumo.mx%252525252Flistados%252525252Frenta-departamento-en-cerro-del-fortin-125-colonia-campestre-churubusco-c-p-04200-67475%252526searchType%25253D2%252526page%25253D3%252526seo_link_id%25253D1406109696%252526section%25253D1%252526t_sec%25253D1%252526sectionType%25253D1%252526pageViewId%25253D9bdcfdac-e36d-4834-a478-af2f84f8b128%252526t_pvid%25253D9bdcfdac-e36d-4834-a478-af2f84f8b128%252526userAgent%25253DMozilla%2525252F5.0%25252B%25252528X11%2525253B%25252BLinux%25252Bx86_64%2525253B%25252Brv%2525253A125.0%25252529%25252BGecko%2525252F20100101%25252BFirefox%2525252F125.0%252526browser%25253D1%252526isHuman%25253Dtrue%252526userIp%25253D189.226.196.225%252526what%25253Ddepartamento%25252Bcoyoacan%252526search_terms%25253Ddepartamento%25252Bcoyoacan%252526origin%25253D2%252526t_or%25253D2%252526splitTestId%25253D0%252526clickin%25253Dfalse,nuroa,228.0
22900.0,departamento,Coyoacán,Ciudad de México,107.0,3.0,2.0,1.0,https://www.nuroa.com.mx/conversion/organic/departamento-coyoacan/3/10/rentumo?siteId=411993&clickType=organic&redirectUrl=https%3A%2F%2Fwww.nuroa.com.mx%2Fproperty%2F5070003778675781678%3Fclick_type%3D0%26pos%3D10%26listingId%3D5070003778675781678%26siteStrategyKey%3Dnuroa.com.mx%26url%3Dhttps%25253A%25252F%25252Frentumo.mx%25252Flistados%25252Frenta-de-departamento-pedregal-de-carrasco-coyoacan-43600%26searchType%3D2%26page%3D3%26seo_link_id%3D1406109696%26section%3D1%26t_sec%3D1%26sectionType%3D1%26pageViewId%3D9bdcfdac-e36d-4834-a478-af2f84f8b128%26t_pvid%3D9bdcfdac-e36d-4834-a478-af2f84f8b128%26userAgent%3DMozilla%252F5.0%2B%2528X11%253B%2BLinux%2Bx86_64%253B%2Brv%253A125.0%2529%2BGecko%252F20100101%2BFirefox%252F125.0%26browser%3D1%26isHuman%3Dtrue%26userIp%3D189.226.196.225%26what%3Ddepartamento%2Bcoyoacan%26search_terms%3Ddepartamento%2Bcoyoacan%26origin%3D2%26t_or%3D2%26splitTestId%3D0%26detailPageUrl%3Dhttps%25253A%25252F%25252Fwww.nuroa.com.mx%25252Fadclickdetail%25252F5070003778675781678%25253Fclick_type%25253D0%252526pos%25253D10%252526listingId%25253D5070003778675781678%252526siteStrategyKey%25253Dhttps%2525253A%2525252F%2525252Fwww.nuroa.com.mx%252526url%25253Dhttps%252525253A%252525252F%252525252Frentumo.mx%252525252Flistados%252525252Frenta-de-departamento-pedregal-de-carrasco-coyoacan-43600%252526searchType%25253D2%252526page%25253D3%252526seo_link_id%25253D1406109696%252526section%25253D1%252526t_sec%25253D1%252526sectionType%25253D1%252526pageViewId%25253D9bdcfdac-e36d-4834-a478-af2f84f8b128%252526t_pvid%25253D9bdcfdac-e36d-4834-a478-af2f84f8b128%252526userAgent%25253DMozilla%2525252F5.0%25252B%25252528X11%2525253B%25252BLinux%25252Bx86_64%2525253B%25252Brv%2525253A125.0%25252529%25252BGecko%2525252F20100101%25252BFirefox%2525252F125.0%252526browser%25253D1%252526isHuman%25253Dtrue%252526userIp%25253D189.226.196.225%252526what%25253Ddepartamento%25252Bcoyoacan%252526search_terms%25253Ddepartamento%25252Bcoyoacan%252526origin%25253D2%252526t_or%25253D2%252526splitTestId%25253D0%252526clickin%25253Dfalse,nuroa,214.01869158878506
23500.0,departamento,Coyoacán,Ciudad de México,84.0,2.0,2.0,,https://www.nuroa.com.mx/conversion/organic/departamento-coyoacan/3/11/rentumo?siteId=411993&clickType=organic&redirectUrl=https%3A%2F%2Fwww.nuroa.com.mx%2Fproperty%2F2590003780922388210%3Fclick_type%3D0%26pos%3D11%26listingId%3D2590003780922388210%26siteStrategyKey%3Dnuroa.com.mx%26url%3Dhttps%25253A%25252F%25252Frentumo.mx%25252Flistados%25252Fdepartamento-en-renta-66868%26searchType%3D2%26page%3D3%26seo_link_id%3D1406109696%26section%3D1%26t_sec%3D1%26sectionType%3D1%26pageViewId%3D9bdcfdac-e36d-4834-a478-af2f84f8b128%26t_pvid%3D9bdcfdac-e36d-4834-a478-af2f84f8b128%26userAgent%3DMozilla%252F5.0%2B%2528X11%253B%2BLinux%2Bx86_64%253B%2Brv%253A125.0%2529%2BGecko%252F20100101%2BFirefox%252F125.0%26browser%3D1%26isHuman%3Dtrue%26userIp%3D189.226.196.225%26what%3Ddepartamento%2Bcoyoacan%26search_terms%3Ddepartamento%2Bcoyoacan%26origin%3D2%26t_or%3D2%26splitTestId%3D0%26detailPageUrl%3Dhttps%25253A%25252F%25252Fwww.nuroa.com.mx%25252Fadclickdetail%25252F2590003780922388210%25253Fclick_type%25253D0%252526pos%25253D11%252526listingId%25253D2590003780922388210%252526siteStrategyKey%25253Dhttps%2525253A%2525252F%2525252Fwww.nuroa.com.mx%252526url%25253Dhttps%252525253A%252525252F%252525252Frentumo.mx%252525252Flistados%252525252Fdepartamento-en-renta-66868%252526searchType%25253D2%252526page%25253D3%252526seo_link_id%25253D1406109696%252526section%25253D1%252526t_sec%25253D1%252526sectionType%25253D1%252526pageViewId%25253D9bdcfdac-e36d-4834-a478-af2f84f8b128%252526t_pvid%25253D9bdcfdac-e36d-4834-a478-af2f84f8b128%252526userAgent%25253DMozilla%2525252F5.0%25252B%25252528X11%2525253B%25252BLinux%25252Bx86_64%2525253B%25252Brv%2525253A125.0%25252529%25252BGecko%2525252F20100101%25252BFirefox%2525252F125.0%252526browser%25253D1%252526isHuman%25253Dtrue%252526userIp%25253D189.226.196.225%252526what%25253Ddepartamento%25252Bcoyoacan%252526search_terms%25253Ddepartamento%25252Bcoyoacan%252526origin%25253D2%252526t_or%25253D2%252526splitTestId%25253D0%252526clickin%25253Dfalse,nuroa,279.76190476190476
14000.0,departamento,Coyoacán,Ciudad de México,56.0,2.0,2.0,,https://www.nuroa.com.mx/conversion/organic/departamento-coyoacan/3/14/rentumo?siteId=411993&clickType=organic&redirectUrl=https%3A%2F%2Fwww.nuroa.com.mx%2Fproperty%2F6630003780404121333%3Fclick_type%3D0%26pos%3D14%26listingId%3D6630003780404121333%26siteStrategyKey%3Dnuroa.com.mx%26url%3Dhttps%25253A%25252F%25252Frentumo.mx%25252Flistados%25252Fdepartamento-en-renta-59172%26searchType%3D2%26page%3D3%26seo_link_id%3D1406109696%26section%3D1%26t_sec%3D1%26sectionType%3D1%26pageViewId%3D9bdcfdac-e36d-4834-a478-af2f84f8b128%26t_pvid%3D9bdcfdac-e36d-4834-a478-af2f84f8b128%26userAgent%3DMozilla%252F5.0%2B%2528X11%253B%2BLinux%2Bx86_64%253B%2Brv%253A125.0%2529%2BGecko%252F20100101%2BFirefox%252F125.0%26browser%3D1%26isHuman%3Dtrue%26userIp%3D189.226.196.225%26what%3Ddepartamento%2Bcoyoacan%26search_terms%3Ddepartamento%2Bcoyoacan%26origin%3D2%26t_or%3D2%26splitTestId%3D0%26detailPageUrl%3Dhttps%25253A%25252F%25252Fwww.nuroa.com.mx%25252Fadclickdetail%25252F6630003780404121333%25253Fclick_type%25253D0%252526pos%25253D14%252526listingId%25253D6630003780404121333%252526siteStrategyKey%25253Dhttps%2525253A%2525252F%2525252Fwww.nuroa.com.mx%252526url%25253Dhttps%252525253A%252525252F%252525252Frentumo.mx%252525252Flistados%252525252Fdepartamento-en-renta-59172%252526searchType%25253D2%252526page%25253D3%252526seo_link_id%25253D1406109696%252526section%25253D1%252526t_sec%25253D1%252526sectionType%25253D1%252526pageViewId%25253D9bdcfdac-e36d-4834-a478-af2f84f8b128%252526t_pvid%25253D9bdcfdac-e36d-4834-a478-af2f84f8b128%252526userAgent%25253DMozilla%2525252F5.0%25252B%25252528X11%2525253B%25252BLinux%25252Bx86_64%2525253B%25252Brv%2525253A125.0%25252529%25252BGecko%2525252F20100101%25252BFirefox%2525252F125.0%252526browser%25253D1%252526isHuman%25253Dtrue%252526userIp%25253D189.226.196.225%252526what%25253Ddepartamento%25252Bcoyoacan%252526search_terms%25253Ddepartamento%25252Bcoyoacan%252526origin%25253D2%252526t_or%25253D2%252526splitTestId%25253D0%252526clickin%25253Dfalse,nuroa,250.0
14000.0,departamento,Coyoacán,Ciudad de México,65.0,2.0,2.0,,https://www.nuroa.com.mx/conversion/organic/departamento-coyoacan/3/15/rentumo?siteId=411993&clickType=organic&redirectUrl=https%3A%2F%2Fwww.nuroa.com.mx%2Fproperty%2F4650003779799339209%3Fclick_type%3D0%26pos%3D15%26listingId%3D4650003779799339209%26siteStrategyKey%3Dnuroa.com.mx%26url%3Dhttps%25253A%25252F%25252Frentumo.mx%25252Flistados%25252Fdepartamento-en-renta-en-coyoacan-mirador-18681%26searchType%3D2%26page%3D3%26seo_link_id%3D1406109696%26section%3D1%26t_sec%3D1%26sectionType%3D1%26pageViewId%3D9bdcfdac-e36d-4834-a478-af2f84f8b128%26t_pvid%3D9bdcfdac-e36d-4834-a478-af2f84f8b128%26userAgent%3DMozilla%252F5.0%2B%2528X11%253B%2BLinux%2Bx86_64%253B%2Brv%253A125.0%2529%2BGecko%252F20100101%2BFirefox%252F125.0%26browser%3D1%26isHuman%3Dtrue%26userIp%3D189.226.196.225%26what%3Ddepartamento%2Bcoyoacan%26search_terms%3Ddepartamento%2Bcoyoacan%26origin%3D2%26t_or%3D2%26splitTestId%3D0%26detailPageUrl%3Dhttps%25253A%25252F%25252Fwww.nuroa.com.mx%25252Fadclickdetail%25252F4650003779799339209%25253Fclick_type%25253D0%252526pos%25253D15%252526listingId%25253D4650003779799339209%252526siteStrategyKey%25253Dhttps%2525253A%2525252F%2525252Fwww.nuroa.com.mx%252526url%25253Dhttps%252525253A%252525252F%252525252Frentumo.mx%252525252Flistados%252525252Fdepartamento-en-renta-en-coyoacan-mirador-18681%252526searchType%25253D2%252526page%25253D3%252526seo_link_id%25253D1406109696%252526section%25253D1%252526t_sec%25253D1%252526sectionType%25253D1%252526pageViewId%25253D9bdcfdac-e36d-4834-a478-af2f84f8b128%252526t_pvid%25253D9bdcfdac-e36d-4834-a478-af2f84f8b128%252526userAgent%25253DMozilla%2525252F5.0%25252B%25252528X11%2525253B%25252BLinux%25252Bx86_64%2525253B%25252Brv%2525253A125.0%25252529%25252BGecko%2525252F20100101%25252BFirefox%2525252F125.0%252526browser%25253D1%252526isHuman%25253Dtrue%252526userIp%25253D189.226.196.225%252526what%25253Ddepartamento%25252Bcoyoacan%252526search_terms%25253Ddepartamento%25252Bcoyoacan%252526origin%25253D2%252526t_or%25253D2%252526splitTestId%25253D0%252526clickin%25253Dfalse,nuroa,215.3846153846154
18000.0,departamento,Coyoacán,Ciudad de México,70.0,2.0,2.0,,https://www.nuroa.com.mx/conversion/organic/departamento-coyoacan/3/16/rentumo?siteId=411993&clickType=organic&redirectUrl=https%3A%2F%2Fwww.nuroa.com.mx%2Fproperty%2F2620003779367014549%3Fclick_type%3D0%26pos%3D16%26listingId%3D2620003779367014549%26siteStrategyKey%3Dnuroa.com.mx%26url%3Dhttps%25253A%25252F%25252Frentumo.mx%25252Flistados%25252Fcdmx-benito-juarez-ciudad-de-mexico-50543%26searchType%3D2%26page%3D3%26seo_link_id%3D1406109696%26section%3D1%26t_sec%3D1%26sectionType%3D1%26pageViewId%3D9bdcfdac-e36d-4834-a478-af2f84f8b128%26t_pvid%3D9bdcfdac-e36d-4834-a478-af2f84f8b128%26userAgent%3DMozilla%252F5.0%2B%2528X11%253B%2BLinux%2Bx86_64%253B%2Brv%253A125.0%2529%2BGecko%252F20100101%2BFirefox%252F125.0%26browser%3D1%26isHuman%3Dtrue%26userIp%3D189.226.196.225%26what%3Ddepartamento%2Bcoyoacan%26search_terms%3Ddepartamento%2Bcoyoacan%26origin%3D2%26t_or%3D2%26splitTestId%3D0%26detailPageUrl%3Dhttps%25253A%25252F%25252Fwww.nuroa.com.mx%25252Fadclickdetail%25252F2620003779367014549%25253Fclick_type%25253D0%252526pos%25253D16%252526listingId%25253D2620003779367014549%252526siteStrategyKey%25253Dhttps%2525253A%2525252F%2525252Fwww.nuroa.com.mx%252526url%25253Dhttps%252525253A%252525252F%252525252Frentumo.mx%252525252Flistados%252525252Fcdmx-benito-juarez-ciudad-de-mexico-50543%252526searchType%25253D2%252526page%25253D3%252526seo_link_id%25253D1406109696%252526section%25253D1%252526t_sec%25253D1%252526sectionType%25253D1%252526pageViewId%25253D9bdcfdac-e36d-4834-a478-af2f84f8b128%252526t_pvid%25253D9bdcfdac-e36d-4834-a478-af2f84f8b128%252526userAgent%25253DMozilla%2525252F5.0%25252B%25252528X11%2525253B%25252BLinux%25252Bx86_64%2525253B%25252Brv%2525253A125.0%25252529%25252BGecko%2525252F20100101%25252BFirefox%2525252F125.0%252526browser%25253D1%252526isHuman%25253Dtrue%252526userIp%25253D189.226.196.225%252526what%25253Ddepartamento%25252Bcoyoacan%252526search_terms%25253Ddepartamento%25252Bcoyoacan%252526origin%25253D2%252526t_or%25253D2%252526splitTestId%25253D0%252526clickin%25253Dfalse,nuroa,257.14285714285717
20500.0,departamento,Coyoacán,Ciudad de México,88.0,3.0,2.0,,https://www.nuroa.com.mx/conversion/organic/departamento-coyoacan/3/18/rentumo?siteId=411993&clickType=organic&redirectUrl=https%3A%2F%2Fwww.nuroa.com.mx%2Fproperty%2F3880003778675780127%3Fclick_type%3D0%26pos%3D18%26listingId%3D3880003778675780127%26siteStrategyKey%3Dnuroa.com.mx%26url%3Dhttps%25253A%25252F%25252Frentumo.mx%25252Flistados%25252Fdepartamento-en-renta-santa-ursula-coapa-coyoacan-37986%26searchType%3D2%26page%3D3%26seo_link_id%3D1406109696%26section%3D1%26t_sec%3D1%26sectionType%3D1%26pageViewId%3D9bdcfdac-e36d-4834-a478-af2f84f8b128%26t_pvid%3D9bdcfdac-e36d-4834-a478-af2f84f8b128%26userAgent%3DMozilla%252F5.0%2B%2528X11%253B%2BLinux%2Bx86_64%253B%2Brv%253A125.0%2529%2BGecko%252F20100101%2BFirefox%252F125.0%26browser%3D1%26isHuman%3Dtrue%26userIp%3D189.226.196.225%26what%3Ddepartamento%2Bcoyoacan%26search_terms%3Ddepartamento%2Bcoyoacan%26origin%3D2%26t_or%3D2%26splitTestId%3D0%26detailPageUrl%3Dhttps%25253A%25252F%25252Fwww.nuroa.com.mx%25252Fadclickdetail%25252F3880003778675780127%25253Fclick_type%25253D0%252526pos%25253D18%252526listingId%25253D3880003778675780127%252526siteStrategyKey%25253Dhttps%2525253A%2525252F%2525252Fwww.nuroa.com.mx%252526url%25253Dhttps%252525253A%252525252F%252525252Frentumo.mx%252525252Flistados%252525252Fdepartamento-en-renta-santa-ursula-coapa-coyoacan-37986%252526searchType%25253D2%252526page%25253D3%252526seo_link_id%25253D1406109696%252526section%25253D1%252526t_sec%25253D1%252526sectionType%25253D1%252526pageViewId%25253D9bdcfdac-e36d-4834-a478-af2f84f8b128%252526t_pvid%25253D9bdcfdac-e36d-4834-a478-af2f84f8b128%252526userAgent%25253DMozilla%2525252F5.0%25252B%25252528X11%2525253B%25252BLinux%25252Bx86_64%2525253B%25252Brv%2525253A125.0%25252529%25252BGecko%2525252F20100101%25252BFirefox%2525252F125.0%252526browser%25253D1%252526isHuman%25253Dtrue%252526userIp%25253D189.226.196.225%252526what%25253Ddepartamento%25252Bcoyoacan%252526search_terms%25253Ddepartamento%25252Bcoyoacan%252526origin%25253D2%252526t_or%25253D2%252526splitTestId%25253D0%252526clickin%25253Dfalse,nuroa,232.95454545454547
27000.0,departamento,Coyoacán,Ciudad de México,65.0,1.0,2.0,1.0,https://www.nuroa.com.mx/adform/8290000781354268025?click_type=0&pos=19&listingId=8290000781354268025&siteStrategyKey=https%3A%2F%2Fwww.nuroa.com.mx&url=https%253A%252F%252Fwww.icasas.mx%252FaggregatorDetail%253FadId%253D019e69e6-7ff3-706f-a18d-fce318606143%2526aggregator%253Dmitula%2526utm_content%253D019e69e6-7ff3-706f-a18d-fce318606143_payment&searchType=2&page=3&seo_link_id=1406109696&section=1&t_sec=1&sectionType=1&pageViewId=9bdcfdac-e36d-4834-a478-af2f84f8b128&t_pvid=9bdcfdac-e36d-4834-a478-af2f84f8b128&userAgent=Mozilla%2F5.0+%28X11%3B+Linux+x86_64%3B+rv%3A125.0%29+Gecko%2F20100101+Firefox%2F125.0&browser=1&isHuman=true&userIp=189.226.196.225&what=departamento+coyoacan&search_terms=departamento+coyoacan&origin=2&t_or=2&splitTestId=0,nuroa,415.38461538461536
21000.0,departamento,Coyoacán,Ciudad de México,73.0,2.0,1.0,1.0,https://www.nuroa.com.mx/conversion/organic/departamento-coyoacan/3/20/casacompara-com-mx?siteId=407109&clickType=organic&redirectUrl=https%3A%2F%2Fwww.nuroa.com.mx%2Fproperty%2F7310003781440653657%3Fclick_type%3D0%26pos%3D20%26listingId%3D7310003781440653657%26siteStrategyKey%3Dnuroa.com.mx%26url%3Dhttps%25253A%25252F%25252Finmuebles.nocnok.com%25252Fpropiedad%25252Fdepartamento-en-renta%25252Fciudad-de-mexico%25252Fcoyoacan%25252Fsan-pablo-tepetlapa-id-nn-hah076%25253Fcsid%25253Dtrovit-mx%26searchType%3D2%26page%3D3%26seo_link_id%3D1406109696%26section%3D1%26t_sec%3D1%26sectionType%3D1%26pageViewId%3D9bdcfdac-e36d-4834-a478-af2f84f8b128%26t_pvid%3D9bdcfdac-e36d-4834-a478-af2f84f8b128%26userAgent%3DMozilla%252F5.0%2B%2528X11%253B%2BLinux%2Bx86_64%253B%2Brv%253A125.0%2529%2BGecko%252F20100101%2BFirefox%252F125.0%26browser%3D1%26isHuman%3Dtrue%26userIp%3D189.226.196.225%26what%3Ddepartamento%2Bcoyoacan%26search_terms%3Ddepartamento%2Bcoyoacan%26origin%3D2%26t_or%3D2%26splitTestId%3D0%26detailPageUrl%3Dhttps%25253A%25252F%25252Fwww.nuroa.com.mx%25252Fadclickdetail%25252F7310003781440653657%25253Fclick_type%25253D0%252526pos%25253D20%252526listingId%25253D7310003781440653657%252526siteStrategyKey%25253Dhttps%2525253A%2525252F%2525252Fwww.nuroa.com.mx%252526url%25253Dhttps%252525253A%252525252F%252525252Finmuebles.nocnok.com%252525252Fpropiedad%252525252Fdepartamento-en-renta%252525252Fciudad-de-mexico%252525252Fcoyoacan%252525252Fsan-pablo-tepetlapa-id-nn-hah076%252525253Fcsid%252525253Dtrovit-mx%252526searchType%25253D2%252526page%25253D3%252526seo_link_id%25253D1406109696%252526section%25253D1%252526t_sec%25253D1%252526sectionType%25253D1%252526pageViewId%25253D9bdcfdac-e36d-4834-a478-af2f84f8b128%252526t_pvid%25253D9bdcfdac-e36d-4834-a478-af2f84f8b128%252526userAgent%25253DMozilla%2525252F5.0%25252B%25252528X11%2525253B%25252BLinux%25252Bx86_64%2525253B%25252Brv%2525253A125.0%25252529%25252BGecko%2525252F20100101%25252BFirefox%2525252F125.0%252526browser%25253D1%252526isHuman%25253Dtrue%252526userIp%25253D189.226.196.225%252526what%25253Ddepartamento%25252Bcoyoacan%252526search_terms%25253Ddepartamento%25252Bcoyoacan%252526origin%25253D2%252526t_or%25253D2%252526splitTestId%25253D0%252526clickin%25253Dfalse,nuroa,287.67123287671234
28500.0,departamento,Coyoacán,Ciudad de México,114.0,2.0,2.0,,https://www.nuroa.com.mx/adform/9220000781354271265?click_type=0&pos=21&listingId=9220000781354271265&siteStrategyKey=https%3A%2F%2Fwww.nuroa.com.mx&url=https%253A%252F%252Fwww.icasas.mx%252FaggregatorDetail%253FadId%253D019ebe9d-3830-7a7c-82e7-d942d4ab1437%2526aggregator%253Dmitula%2526utm_content%253D019ebe9d-3830-7a7c-82e7-d942d4ab1437_payment&searchType=2&page=3&seo_link_id=1406109696&section=1&t_sec=1&sectionType=1&pageViewId=9bdcfdac-e36d-4834-a478-af2f84f8b128&t_pvid=9bdcfdac-e36d-4834-a478-af2f84f8b128&userAgent=Mozilla%2F5.0+%28X11%3B+Linux+x86_64%3B+rv%3A125.0%29+Gecko%2F20100101+Firefox%2F125.0&browser=1&isHuman=true&userIp=189.226.196.225&what=departamento+coyoacan&search_terms=departamento+coyoacan&origin=2&t_or=2&splitTestId=0,nuroa,250.0
25600.0,departamento,Coyoacán,Ciudad de México,117.0,3.0,3.0,,https://www.nuroa.com.mx/adform/8910000781375878738?click_type=0&pos=22&listingId=8910000781375878738&siteStrategyKey=https%3A%2F%2Fwww.nuroa.com.mx&url=https%253A%252F%252Fwww.icasas.mx%252FaggregatorDetail%253FadId%253D019ec17d-daba-7df6-89c4-c922b0031860%2526aggregator%253Dmitula%2526utm_content%253D019ec17d-daba-7df6-89c4-c922b0031860_payment&searchType=2&page=3&seo_link_id=1406109696&section=1&t_sec=1&sectionType=1&pageViewId=9bdcfdac-e36d-4834-a478-af2f84f8b128&t_pvid=9bdcfdac-e36d-4834-a478-af2f84f8b128&userAgent=Mozilla%2F5.0+%28X11%3B+Linux+x86_64%3B+rv%3A125.0%29+Gecko%2F20100101+Firefox%2F125.0&browser=1&isHuman=true&userIp=189.226.196.225&what=departamento+coyoacan&search_terms=departamento+coyoacan&origin=2&t_or=2&splitTestId=0,nuroa,218.8034188034188
18000.0,departamento,Coyoacán,Ciudad de México,95.0,2.0,2.0,,https://www.nuroa.com.mx/conversion/organic/departamento-coyoacan/3/23/tuportalonline-com?siteId=406267&clickType=organic&redirectUrl=https%3A%2F%2Fwww.nuroa.com.mx%2Fproperty%2F1310000780749686100%3Fclick_type%3D0%26pos%3D23%26listingId%3D1310000780749686100%26siteStrategyKey%3Dnuroa.com.mx%26url%3Dhttps%25253A%25252F%25252Fwww.tuportalonline.com%25252Finmueble%25252Fcoyoacan-ex-ejido-de-san-francisco-culhuacan-alquiler-departamento-2-recamaras-2_36_106873350_8145572%26searchType%3D2%26page%3D3%26seo_link_id%3D1406109696%26section%3D1%26t_sec%3D1%26sectionType%3D1%26pageViewId%3D9bdcfdac-e36d-4834-a478-af2f84f8b128%26t_pvid%3D9bdcfdac-e36d-4834-a478-af2f84f8b128%26userAgent%3DMozilla%252F5.0%2B%2528X11%253B%2BLinux%2Bx86_64%253B%2Brv%253A125.0%2529%2BGecko%252F20100101%2BFirefox%252F125.0%26browser%3D1%26isHuman%3Dtrue%26userIp%3D189.226.196.225%26what%3Ddepartamento%2Bcoyoacan%26search_terms%3Ddepartamento%2Bcoyoacan%26origin%3D2%26t_or%3D2%26splitTestId%3D0%26detailPageUrl%3Dhttps%25253A%25252F%25252Fwww.nuroa.com.mx%25252Fadclickdetail%25252F1310000780749686100%25253Fclick_type%25253D0%252526pos%25253D23%252526listingId%25253D1310000780749686100%252526siteStrategyKey%25253Dhttps%2525253A%2525252F%2525252Fwww.nuroa.com.mx%252526url%25253Dhttps%252525253A%252525252F%252525252Fwww.tuportalonline.com%252525252Finmueble%252525252Fcoyoacan-ex-ejido-de-san-francisco-culhuacan-alquiler-departamento-2-recamaras-2_36_106873350_8145572%252526searchType%25253D2%252526page%25253D3%252526seo_link_id%25253D1406109696%252526section%25253D1%252526t_sec%25253D1%252526sectionType%25253D1%252526pageViewId%25253D9bdcfdac-e36d-4834-a478-af2f84f8b128%252526t_pvid%25253D9bdcfdac-e36d-4834-a478-af2f84f8b128%252526userAgent%25253DMozilla%2525252F5.0%25252B%25252528X11%2525253B%25252BLinux%25252Bx86_64%2525253B%25252Brv%2525253A125.0%25252529%25252BGecko%2525252F20100101%25252BFirefox%2525252F125.0%252526browser%25253D1%252526isHuman%25253Dtrue%252526userIp%25253D189.226.196.225%252526what%25253Ddepartamento%25252Bcoyoacan%252526search_terms%25253Ddepartamento%25252Bcoyoacan%252526origin%25253D2%252526t_or%25253D2%252526splitTestId%25253D0%252526clickin%25253Dfalse,nuroa,189.47368421052633
25000.0,departamento,Coyoacán,Ciudad de México,100.0,4.0,2.0,,https://www.nuroa.com.mx/adform/6580000780512237817?click_type=0&pos=24&listingId=6580000780512237817&siteStrategyKey=https%3A%2F%2Fwww.nuroa.com.mx&url=https%253A%252F%252Fwww.icasas.mx%252FaggregatorDetail%253FadId%253D019e8d9b-70d1-77bc-b134-81397b06f23e%2526aggregator%253Dmitula%2526utm_content%253D019e8d9b-70d1-77bc-b134-81397b06f23e_payment&searchType=2&page=3&seo_link_id=1406109696&section=1&t_sec=1&sectionType=1&pageViewId=9bdcfdac-e36d-4834-a478-af2f84f8b128&t_pvid=9bdcfdac-e36d-4834-a478-af2f84f8b128&userAgent=Mozilla%2F5.0+%28X11%3B+Linux+x86_64%3B+rv%3A125.0%29+Gecko%2F20100101+Firefox%2F125.0&browser=1&isHuman=true&userIp=189.226.196.225&what=departamento+coyoacan&search_terms=departamento+coyoacan&origin=2&t_or=2&splitTestId=0,nuroa,250.0
18000.0,departamento,Coyoacán,Ciudad de México,70.0,1.0,1.0,1.0,https://www.nuroa.com.mx/adform/4170000781116517988?click_type=0&pos=25&listingId=4170000781116517988&siteStrategyKey=https%3A%2F%2Fwww.nuroa.com.mx&url=https%253A%252F%252Fwww.icasas.mx%252FaggregatorDetail%253FadId%253D019eb203-c16b-78a0-82df-c3a7b027fe3e%2526aggregator%253Dmitula%2526utm_content%253D019eb203-c16b-78a0-82df-c3a7b027fe3e_payment&searchType=2&page=3&seo_link_id=1406109696&section=1&t_sec=1&sectionType=1&pageViewId=9bdcfdac-e36d-4834-a478-af2f84f8b128&t_pvid=9bdcfdac-e36d-4834-a478-af2f84f8b128&userAgent=Mozilla%2F5.0+%28X11%3B+Linux+x86_64%3B+rv%3A125.0%29+Gecko%2F20100101+Firefox%2F125.0&browser=1&isHuman=true&userIp=189.226.196.225&what=departamento+coyoacan&search_terms=departamento+coyoacan&origin=2&t_or=2&splitTestId=0,nuroa,257.14285714285717
20000.0,departamento,Cuajimalpa,Ciudad de México,102.0,,2.0,1.0,https://www.nuroa.com.mx/conversion/featured/departamento-cuajimalpa/1/1/Remax?siteId=411305&clickType=featured&redirectUrl=https%3A%2F%2Fwww.nuroa.com.mx%2Fproperty%2F4110003779885430900%3Fclick_type%3D1%26pos%3D1%26listingId%3D4110003779885430900%26siteStrategyKey%3Dnuroa.com.mx%26url%3Dhttp%25253A%25252F%25252Fwww.remax.com.mx%25252Fpropiedad%25252F669945%26searchType%3D2%26page%3D1%26seo_link_id%3D1406121596%26section%3D26%26t_sec%3D26%26sectionType%3D2%26pageViewId%3D7096eed8-8bc3-43fb-902f-3950fa170e0c%26t_pvid%3D7096eed8-8bc3-43fb-902f-3950fa170e0c%26userAgent%3DMozilla%252F5.0%2B%2528Windows%2BNT%2B10.0%253B%2BWin64%253B%2Bx64%2529%2BAppleWebKit%252F537.36%2B%2528KHTML%252C%2Blike%2BGecko%2529%2BChrome%252F124.0.0.0%2BSafari%252F537.36%26browser%3D1%26isHuman%3Dtrue%26userIp%3D189.226.196.225%26what%3Ddepartamento%2Bcuajimalpa%26search_terms%3Ddepartamento%2Bcuajimalpa%26origin%3D2%26t_or%3D2%26splitTestId%3D0%26detailPageUrl%3Dhttps%25253A%25252F%25252Fwww.nuroa.com.mx%25252Fadclickdetail%25252F4110003779885430900%25253Fclick_type%25253D1%252526pos%25253D1%252526listingId%25253D4110003779885430900%252526siteStrategyKey%25253Dhttps%2525253A%2525252F%2525252Fwww.nuroa.com.mx%252526url%25253Dhttp%252525253A%252525252F%252525252Fwww.remax.com.mx%252525252Fpropiedad%252525252F669945%252526searchType%25253D2%252526page%25253D1%252526seo_link_id%25253D1406121596%252526section%25253D26%252526t_sec%25253D26%252526sectionType%25253D2%252526pageViewId%25253D7096eed8-8bc3-43fb-902f-3950fa170e0c%252526t_pvid%25253D7096eed8-8bc3-43fb-902f-3950fa170e0c%252526userAgent%25253DMozilla%2525252F5.0%25252B%25252528Windows%25252BNT%25252B10.0%2525253B%25252BWin64%2525253B%25252Bx64%25252529%25252BAppleWebKit%2525252F537.36%25252B%25252528KHTML%2525252C%25252Blike%25252BGecko%25252529%25252BChrome%2525252F124.0.0.0%25252BSafari%2525252F537.36%252526browser%25253D1%252526isHuman%25253Dtrue%252526userIp%25253D189.226.196.225%252526what%25253Ddepartamento%25252Bcuajimalpa%252526search_terms%25253Ddepartamento%25252Bcuajimalpa%252526origin%25253D2%252526t_or%25253D2%252526splitTestId%25253D0%252526clickin%25253Dfalse,nuroa,196.07843137254903
13500.0,departamento,Cuajimalpa,Ciudad de México,64.0,,1.0,1.0,https://www.nuroa.com.mx/conversion/featured/departamento-cuajimalpa/1/2/Remax?siteId=411305&clickType=featured&redirectUrl=https%3A%2F%2Fwww.nuroa.com.mx%2Fproperty%2F2630003781181368085%3Fclick_type%3D1%26pos%3D2%26listingId%3D2630003781181368085%26siteStrategyKey%3Dnuroa.com.mx%26url%3Dhttp%25253A%25252F%25252Fwww.remax.com.mx%25252Fpropiedad%25252F656194%26searchType%3D2%26page%3D1%26seo_link_id%3D1406121596%26section%3D26%26t_sec%3D26%26sectionType%3D2%26pageViewId%3D7096eed8-8bc3-43fb-902f-3950fa170e0c%26t_pvid%3D7096eed8-8bc3-43fb-902f-3950fa170e0c%26userAgent%3DMozilla%252F5.0%2B%2528Windows%2BNT%2B10.0%253B%2BWin64%253B%2Bx64%2529%2BAppleWebKit%252F537.36%2B%2528KHTML%252C%2Blike%2BGecko%2529%2BChrome%252F124.0.0.0%2BSafari%252F537.36%26browser%3D1%26isHuman%3Dtrue%26userIp%3D189.226.196.225%26what%3Ddepartamento%2Bcuajimalpa%26search_terms%3Ddepartamento%2Bcuajimalpa%26origin%3D2%26t_or%3D2%26splitTestId%3D0%26detailPageUrl%3Dhttps%25253A%25252F%25252Fwww.nuroa.com.mx%25252Fadclickdetail%25252F2630003781181368085%25253Fclick_type%25253D1%252526pos%25253D2%252526listingId%25253D2630003781181368085%252526siteStrategyKey%25253Dhttps%2525253A%2525252F%2525252Fwww.nuroa.com.mx%252526url%25253Dhttp%252525253A%252525252F%252525252Fwww.remax.com.mx%252525252Fpropiedad%252525252F656194%252526searchType%25253D2%252526page%25253D1%252526seo_link_id%25253D1406121596%252526section%25253D26%252526t_sec%25253D26%252526sectionType%25253D2%252526pageViewId%25253D7096eed8-8bc3-43fb-902f-3950fa170e0c%252526t_pvid%25253D7096eed8-8bc3-43fb-902f-3950fa170e0c%252526userAgent%25253DMozilla%2525252F5.0%25252B%25252528Windows%25252BNT%25252B10.0%2525253B%25252BWin64%2525253B%25252Bx64%25252529%25252BAppleWebKit%2525252F537.36%25252B%25252528KHTML%2525252C%25252Blike%25252BGecko%25252529%25252BChrome%2525252F124.0.0.0%25252BSafari%2525252F537.36%252526browser%25253D1%252526isHuman%25253Dtrue%252526userIp%25253D189.226.196.225%252526what%25253Ddepartamento%25252Bcuajimalpa%252526search_terms%25253Ddepartamento%25252Bcuajimalpa%252526origin%25253D2%252526t_or%25253D2%252526splitTestId%25253D0%252526clickin%25253Dfalse,nuroa,210.9375
45000.0,departamento,Cuajimalpa,Ciudad de México,120.0,2.0,2.0,,https://www.nuroa.com.mx/conversion/organic/departamento-cuajimalpa/1/1/inmueblesymas-MX?siteId=411273&clickType=organic&redirectUrl=https%3A%2F%2Fwww.nuroa.com.mx%2Fproperty%2F1360003778006087448%3Fclick_type%3D0%26pos%3D1%26listingId%3D1360003778006087448%26siteStrategyKey%3Dnuroa.com.mx%26url%3Dhttps%25253A%25252F%25252Finmueblesymas.com%25252Frenta-de-departamentos-en-cuajimalpa%25252Fespectacular-departamento-amueblado-bosques-de-las-lomas-59894%26searchType%3D2%26page%3D1%26seo_link_id%3D1406121596%26section%3D1%26t_sec%3D1%26sectionType%3D1%26pageViewId%3D7096eed8-8bc3-43fb-902f-3950fa170e0c%26t_pvid%3D7096eed8-8bc3-43fb-902f-3950fa170e0c%26userAgent%3DMozilla%252F5.0%2B%2528Windows%2BNT%2B10.0%253B%2BWin64%253B%2Bx64%2529%2BAppleWebKit%252F537.36%2B%2528KHTML%252C%2Blike%2BGecko%2529%2BChrome%252F124.0.0.0%2BSafari%252F537.36%26browser%3D1%26isHuman%3Dtrue%26userIp%3D189.226.196.225%26what%3Ddepartamento%2Bcuajimalpa%26search_terms%3Ddepartamento%2Bcuajimalpa%26origin%3D2%26t_or%3D2%26splitTestId%3D0%26detailPageUrl%3Dhttps%25253A%25252F%25252Fwww.nuroa.com.mx%25252Fadclickdetail%25252F1360003778006087448%25253Fclick_type%25253D0%252526pos%25253D1%252526listingId%25253D1360003778006087448%252526siteStrategyKey%25253Dhttps%2525253A%2525252F%2525252Fwww.nuroa.com.mx%252526url%25253Dhttps%252525253A%252525252F%252525252Finmueblesymas.com%252525252Frenta-de-departamentos-en-cuajimalpa%252525252Fespectacular-departamento-amueblado-bosques-de-las-lomas-59894%252526searchType%25253D2%252526page%25253D1%252526seo_link_id%25253D1406121596%252526section%25253D1%252526t_sec%25253D1%252526sectionType%25253D1%252526pageViewId%25253D7096eed8-8bc3-43fb-902f-3950fa170e0c%252526t_pvid%25253D7096eed8-8bc3-43fb-902f-3950fa170e0c%252526userAgent%25253DMozilla%2525252F5.0%25252B%25252528Windows%25252BNT%25252B10.0%2525253B%25252BWin64%2525253B%25252Bx64%25252529%25252BAppleWebKit%2525252F537.36%25252B%25252528KHTML%2525252C%25252Blike%25252BGecko%25252529%25252BChrome%2525252F124.0.0.0%25252BSafari%2525252F537.36%252526browser%25253D1%252526isHuman%25253Dtrue%252526userIp%25253D189.226.196.225%252526what%25253Ddepartamento%25252Bcuajimalpa%252526search_terms%25253Ddepartamento%25252Bcuajimalpa%252526origin%25253D2%252526t_or%25253D2%252526splitTestId%25253D0%252526clickin%25253Dfalse,nuroa,375.0
8000.0,departamento,Cuauhtémoc,Ciudad de México,40.0,1.0,1.0,,https://www.nuroa.com.mx/adform/1310000767184868228?click_type=1&pos=1&listingId=1310000767184868228&siteStrategyKey=https%3A%2F%2Fwww.nuroa.com.mx&url=https%253A%252F%252Fwww.icasas.mx%252FaggregatorDetail%253FadId%253Db4a46d10-9549-11ee-b7f0-e145c5843e80%2526aggregator%253Dmitula%2526utm_content%253Db4a46d10-9549-11ee-b7f0-e145c5843e80_payment&searchType=2&page=1&seo_link_id=1406121804&section=26&t_sec=26&sectionType=2&pageViewId=0d9726fc-19ae-42ae-aab4-9c1d064695c5&t_pvid=0d9726fc-19ae-42ae-aab4-9c1d064695c5&userAgent=Mozilla%2F5.0+%28Windows+NT+10.0%3B+Win64%3B+x64%29+AppleWebKit%2F537.36+%28KHTML%2C+like+Gecko%29+Chrome%2F124.0.0.0+Safari%2F537.36&browser=1&isHuman=true&userIp=189.226.196.225&what=departamento+cuauhtemoc&search_terms=departamento+cuauhtemoc&origin=2&t_or=2&splitTestId=0,nuroa,200.0
21000.0,departamento,Cuauhtémoc,Ciudad de México,90.0,2.0,2.0,,https://www.nuroa.com.mx/adform/1680000781527284657?click_type=1&pos=2&listingId=1680000781527284657&siteStrategyKey=https%3A%2F%2Fwww.nuroa.com.mx&url=https%253A%252F%252Fwww.icasas.mx%252FaggregatorDetail%253FadId%253D019ec8bf-9daa-7624-a636-90014e7e9de5%2526aggregator%253Dmitula%2526utm_content%253D019ec8bf-9daa-7624-a636-90014e7e9de5_payment&searchType=2&page=1&seo_link_id=1406121804&section=26&t_sec=26&sectionType=2&pageViewId=0d9726fc-19ae-42ae-aab4-9c1d064695c5&t_pvid=0d9726fc-19ae-42ae-aab4-9c1d064695c5&userAgent=Mozilla%2F5.0+%28Windows+NT+10.0%3B+Win64%3B+x64%29+AppleWebKit%2F537.36+%28KHTML%2C+like+Gecko%29+Chrome%2F124.0.0.0+Safari%2F537.36&browser=1&isHuman=true&userIp=189.226.196.225&what=departamento+cuauhtemoc&search_terms=departamento+cuauhtemoc&origin=2&t_or=2&splitTestId=0,nuroa,233.33333333333334
12000.0,departamento,Cuauhtémoc,Ciudad de México,35.0,1.0,1.0,,https://www.nuroa.com.mx/adform/1050000781267783162?click_type=0&pos=1&listingId=1050000781267783162&siteStrategyKey=https%3A%2F%2Fwww.nuroa.com.mx&url=https%253A%252F%252Fwww.icasas.mx%252FaggregatorDetail%253FadId%253D019eb7ca-b3c8-7020-bfcb-859c0154d8c0%2526aggregator%253Dmitula%2526utm_content%253D019eb7ca-b3c8-7020-bfcb-859c0154d8c0_payment&searchType=2&page=1&seo_link_id=1406121804&section=1&t_sec=1&sectionType=1&pageViewId=0d9726fc-19ae-42ae-aab4-9c1d064695c5&t_pvid=0d9726fc-19ae-42ae-aab4-9c1d064695c5&userAgent=Mozilla%2F5.0+%28Windows+NT+10.0%3B+Win64%3B+x64%29+AppleWebKit%2F537.36+%28KHTML%2C+like+Gecko%29+Chrome%2F124.0.0.0+Safari%2F537.36&browser=1&isHuman=true&userIp=189.226.196.225&what=departamento+cuauhtemoc&search_terms=departamento+cuauhtemoc&origin=2&t_or=2&splitTestId=0,nuroa,342.85714285714283
35000.0,loft,Cuauhtémoc,Ciudad de México,56.0,1.0,1.0,,https://www.nuroa.com.mx/adform/6520000774377339404?click_type=0&pos=2&listingId=6520000774377339404&siteStrategyKey=https%3A%2F%2Fwww.nuroa.com.mx&url=https%253A%252F%252Fwww.icasas.mx%252FaggregatorDetail%253FadId%253D019d1fe0-2b55-7cbc-a20d-c0a4db2e9bff%2526aggregator%253Dmitula%2526utm_content%253D019d1fe0-2b55-7cbc-a20d-c0a4db2e9bff_payment&searchType=2&page=1&seo_link_id=1406121804&section=1&t_sec=1&sectionType=1&pageViewId=0d9726fc-19ae-42ae-aab4-9c1d064695c5&t_pvid=0d9726fc-19ae-42ae-aab4-9c1d064695c5&userAgent=Mozilla%2F5.0+%28Windows+NT+10.0%3B+Win64%3B+x64%29+AppleWebKit%2F537.36+%28KHTML%2C+like+Gecko%29+Chrome%2F124.0.0.0+Safari%2F537.36&browser=1&isHuman=true&userIp=189.226.196.225&what=departamento+cuauhtemoc&search_terms=departamento+cuauhtemoc&origin=2&t_or=2&splitTestId=0,nuroa,625.0
52000.0,departamento,Cuauhtémoc,Ciudad de México,85.0,2.0,1.0,,https://www.nuroa.com.mx/adform/2350000778006582547?click_type=0&pos=3&listingId=2350000778006582547&siteStrategyKey=https%3A%2F%2Fwww.nuroa.com.mx&url=https%253A%252F%252Fwww.icasas.mx%252FaggregatorDetail%253FadId%253D019df840-3e2b-7888-bce1-96317fc5ecd7%2526aggregator%253Dmitula%2526utm_content%253D019df840-3e2b-7888-bce1-96317fc5ecd7_payment&searchType=2&page=1&seo_link_id=1406121804&section=1&t_sec=1&sectionType=1&pageViewId=0d9726fc-19ae-42ae-aab4-9c1d064695c5&t_pvid=0d9726fc-19ae-42ae-aab4-9c1d064695c5&userAgent=Mozilla%2F5.0+%28Windows+NT+10.0%3B+Win64%3B+x64%29+AppleWebKit%2F537.36+%28KHTML%2C+like+Gecko%29+Chrome%2F124.0.0.0+Safari%2F537.36&browser=1&isHuman=true&userIp=189.226.196.225&what=departamento+cuauhtemoc&search_terms=departamento+cuauhtemoc&origin=2&t_or=2&splitTestId=0,nuroa,611.7647058823529
21000.0,departamento,Cuauhtémoc,Ciudad de México,61.0,2.0,2.0,,https://www.nuroa.com.mx/adform/3390000781094943479?click_type=0&pos=6&listingId=3390000781094943479&siteStrategyKey=https%3A%2F%2Fwww.nuroa.com.mx&url=https%253A%252F%252Fwww.icasas.mx%252FaggregatorDetail%253FadId%253D019eae90-2c4d-7ac6-a980-d8b6cae23204%2526aggregator%253Dmitula%2526utm_content%253D019eae90-2c4d-7ac6-a980-d8b6cae23204_payment&searchType=2&page=1&seo_link_id=1406121804&section=1&t_sec=1&sectionType=1&pageViewId=0d9726fc-19ae-42ae-aab4-9c1d064695c5&t_pvid=0d9726fc-19ae-42ae-aab4-9c1d064695c5&userAgent=Mozilla%2F5.0+%28Windows+NT+10.0%3B+Win64%3B+x64%29+AppleWebKit%2F537.36+%28KHTML%2C+like+Gecko%29+Chrome%2F124.0.0.0+Safari%2F537.36&browser=1&isHuman=true&userIp=189.226.196.225&what=departamento+cuauhtemoc&search_terms=departamento+cuauhtemoc&origin=2&t_or=2&splitTestId=0,nuroa,344.26229508196724
17500.0,departamento,Cuauhtémoc,Ciudad de México,70.0,1.0,1.0,1.0,https://www.nuroa.com.mx/adform/4320000776257020963?click_type=0&pos=7&listingId=4320000776257020963&siteStrategyKey=https%3A%2F%2Fwww.nuroa.com.mx&url=https%253A%252F%252Fwww.icasas.mx%252FaggregatorDetail%253FadId%253D019ce891-ea87-7327-8f07-8f4f32c1240c%2526aggregator%253Dmitula%2526utm_content%253D019ce891-ea87-7327-8f07-8f4f32c1240c_payment&searchType=2&page=1&seo_link_id=1406121804&section=1&t_sec=1&sectionType=1&pageViewId=0d9726fc-19ae-42ae-aab4-9c1d064695c5&t_pvid=0d9726fc-19ae-42ae-aab4-9c1d064695c5&userAgent=Mozilla%2F5.0+%28Windows+NT+10.0%3B+Win64%3B+x64%29+AppleWebKit%2F537.36+%28KHTML%2C+like+Gecko%29+Chrome%2F124.0.0.0+Safari%2F537.36&browser=1&isHuman=true&userIp=189.226.196.225&what=departamento+cuauhtemoc&search_terms=departamento+cuauhtemoc&origin=2&t_or=2&splitTestId=0,nuroa,250.0
29500.0,loft,Cuauhtémoc,Ciudad de México,45.0,1.0,1.0,1.0,https://www.nuroa.com.mx/adform/2290000780577006465?click_type=0&pos=8&listingId=2290000780577006465&siteStrategyKey=https%3A%2F%2Fwww.nuroa.com.mx&url=https%253A%252F%252Fwww.icasas.mx%252FaggregatorDetail%253FadId%253D019e8ed7-fb61-7b5a-87b3-1550c90b18be%2526aggregator%253Dmitula%2526utm_content%253D019e8ed7-fb61-7b5a-87b3-1550c90b18be_payment&searchType=2&page=1&seo_link_id=1406121804&section=1&t_sec=1&sectionType=1&pageViewId=0d9726fc-19ae-42ae-aab4-9c1d064695c5&t_pvid=0d9726fc-19ae-42ae-aab4-9c1d064695c5&userAgent=Mozilla%2F5.0+%28Windows+NT+10.0%3B+Win64%3B+x64%29+AppleWebKit%2F537.36+%28KHTML%2C+like+Gecko%29+Chrome%2F124.0.0.0+Safari%2F537.36&browser=1&isHuman=true&userIp=189.226.196.225&what=departamento+cuauhtemoc&search_terms=departamento+cuauhtemoc&origin=2&t_or=2&splitTestId=0,nuroa,655.5555555555555
19000.0,departamento,Cuauhtémoc,Ciudad de México,58.0,2.0,2.0,1.0,https://www.nuroa.com.mx/adform/8370000780922183023?click_type=0&pos=9&listingId=8370000780922183023&siteStrategyKey=https%3A%2F%2Fwww.nuroa.com.mx&url=https%253A%252F%252Fwww.icasas.mx%252FaggregatorDetail%253FadId%253D019ea4dd-5fe6-7752-931e-814840527da5%2526aggregator%253Dmitula%2526utm_content%253D019ea4dd-5fe6-7752-931e-814840527da5_payment&searchType=2&page=1&seo_link_id=1406121804&section=1&t_sec=1&sectionType=1&pageViewId=0d9726fc-19ae-42ae-aab4-9c1d064695c5&t_pvid=0d9726fc-19ae-42ae-aab4-9c1d064695c5&userAgent=Mozilla%2F5.0+%28Windows+NT+10.0%3B+Win64%3B+x64%29+AppleWebKit%2F537.36+%28KHTML%2C+like+Gecko%29+Chrome%2F124.0.0.0+Safari%2F537.36&browser=1&isHuman=true&userIp=189.226.196.225&what=departamento+cuauhtemoc&search_terms=departamento+cuauhtemoc&origin=2&t_or=2&splitTestId=0,nuroa,327.58620689655174
23000.0,departamento,Cuauhtémoc,Ciudad de México,60.0,1.0,1.0,,https://www.nuroa.com.mx/adform/1970000780836128366?click_type=0&pos=10&listingId=1970000780836128366&siteStrategyKey=https%3A%2F%2Fwww.nuroa.com.mx&url=https%253A%252F%252Fwww.icasas.mx%252FaggregatorDetail%253FadId%253D019e9f80-675d-755e-9be4-241d85d7acc8%2526aggregator%253Dmitula%2526utm_content%253D019e9f80-675d-755e-9be4-241d85d7acc8_payment&searchType=2&page=1&seo_link_id=1406121804&section=1&t_sec=1&sectionType=1&pageViewId=0d9726fc-19ae-42ae-aab4-9c1d064695c5&t_pvid=0d9726fc-19ae-42ae-aab4-9c1d064695c5&userAgent=Mozilla%2F5.0+%28Windows+NT+10.0%3B+Win64%3B+x64%29+AppleWebKit%2F537.36+%28KHTML%2C+like+Gecko%29+Chrome%2F124.0.0.0+Safari%2F537.36&browser=1&isHuman=true&userIp=189.226.196.225&what=departamento+cuauhtemoc&search_terms=departamento+cuauhtemoc&origin=2&t_or=2&splitTestId=0,nuroa,383.3333333333333
20000.0,departamento,Cuauhtémoc,Ciudad de México,28.0,1.0,1.0,,https://www.nuroa.com.mx/adform/7250000777574401167?click_type=0&pos=11&listingId=7250000777574401167&siteStrategyKey=https%3A%2F%2Fwww.nuroa.com.mx&url=https%253A%252F%252Fwww.icasas.mx%252FaggregatorDetail%253FadId%253D019dde6d-1d82-7b15-8249-df98b02c08af%2526aggregator%253Dmitula%2526utm_content%253D019dde6d-1d82-7b15-8249-df98b02c08af_payment&searchType=2&page=1&seo_link_id=1406121804&section=1&t_sec=1&sectionType=1&pageViewId=0d9726fc-19ae-42ae-aab4-9c1d064695c5&t_pvid=0d9726fc-19ae-42ae-aab4-9c1d064695c5&userAgent=Mozilla%2F5.0+%28Windows+NT+10.0%3B+Win64%3B+x64%29+AppleWebKit%2F537.36+%28KHTML%2C+like+Gecko%29+Chrome%2F124.0.0.0+Safari%2F537.36&browser=1&isHuman=true&userIp=189.226.196.225&what=departamento+cuauhtemoc&search_terms=departamento+cuauhtemoc&origin=2&t_or=2&splitTestId=0,nuroa,714.2857142857143
30000.0,departamento,Cuauhtémoc,Ciudad de México,45.0,,1.0,1.0,https://www.nuroa.com.mx/adform/2910000780512050005?click_type=0&pos=12&listingId=2910000780512050005&siteStrategyKey=https%3A%2F%2Fwww.nuroa.com.mx&url=https%253A%252F%252Fwww.icasas.mx%252FaggregatorDetail%253FadId%253D019e8d8f-8f10-775e-b97b-60cc80bd6bfa%2526aggregator%253Dmitula%2526utm_content%253D019e8d8f-8f10-775e-b97b-60cc80bd6bfa_payment&searchType=2&page=1&seo_link_id=1406121804&section=1&t_sec=1&sectionType=1&pageViewId=0d9726fc-19ae-42ae-aab4-9c1d064695c5&t_pvid=0d9726fc-19ae-42ae-aab4-9c1d064695c5&userAgent=Mozilla%2F5.0+%28Windows+NT+10.0%3B+Win64%3B+x64%29+AppleWebKit%2F537.36+%28KHTML%2C+like+Gecko%29+Chrome%2F124.0.0.0+Safari%2F537.36&browser=1&isHuman=true&userIp=189.226.196.225&what=departamento+cuauhtemoc&search_terms=departamento+cuauhtemoc&origin=2&t_or=2&splitTestId=0,nuroa,666.6666666666666
19900.0,departamento,Cuauhtémoc,Ciudad de México,54.0,1.0,1.0,1.0,https://www.nuroa.com.mx/adform/4040000779799125201?click_type=0&pos=13&listingId=4040000779799125201&siteStrategyKey=https%3A%2F%2Fwww.nuroa.com.mx&url=https%253A%252F%252Fwww.icasas.mx%252FaggregatorDetail%253FadId%253D019e618a-8f54-76cf-9293-6476dc223ed6%2526aggregator%253Dmitula%2526utm_content%253D019e618a-8f54-76cf-9293-6476dc223ed6_payment&searchType=2&page=1&seo_link_id=1406121804&section=1&t_sec=1&sectionType=1&pageViewId=0d9726fc-19ae-42ae-aab4-9c1d064695c5&t_pvid=0d9726fc-19ae-42ae-aab4-9c1d064695c5&userAgent=Mozilla%2F5.0+%28Windows+NT+10.0%3B+Win64%3B+x64%29+AppleWebKit%2F537.36+%28KHTML%2C+like+Gecko%29+Chrome%2F124.0.0.0+Safari%2F537.36&browser=1&isHuman=true&userIp=189.226.196.225&what=departamento+cuauhtemoc&search_terms=departamento+cuauhtemoc&origin=2&t_or=2&splitTestId=0,nuroa,368.51851851851853
34000.0,departamento,Cuauhtémoc,Ciudad de México,77.0,2.0,2.0,,https://www.nuroa.com.mx/adform/8750000778265572134?click_type=0&pos=14&listingId=8750000778265572134&siteStrategyKey=https%3A%2F%2Fwww.nuroa.com.mx&url=https%253A%252F%252Fwww.icasas.mx%252FaggregatorDetail%253FadId%253D019e07bc-2ee4-729b-9da8-d8d16c4ef0a7%2526aggregator%253Dmitula%2526utm_content%253D019e07bc-2ee4-729b-9da8-d8d16c4ef0a7_payment&searchType=2&page=1&seo_link_id=1406121804&section=1&t_sec=1&sectionType=1&pageViewId=0d9726fc-19ae-42ae-aab4-9c1d064695c5&t_pvid=0d9726fc-19ae-42ae-aab4-9c1d064695c5&userAgent=Mozilla%2F5.0+%28Windows+NT+10.0%3B+Win64%3B+x64%29+AppleWebKit%2F537.36+%28KHTML%2C+like+Gecko%29+Chrome%2F124.0.0.0+Safari%2F537.36&browser=1&isHuman=true&userIp=189.226.196.225&what=departamento+cuauhtemoc&search_terms=departamento+cuauhtemoc&origin=2&t_or=2&splitTestId=0,nuroa,441.5584415584416
15500.0,departamento,Cuauhtémoc,Ciudad de México,65.0,2.0,1.0,1.0,https://www.nuroa.com.mx/adform/2010000780404039841?click_type=0&pos=15&listingId=2010000780404039841&siteStrategyKey=https%3A%2F%2Fwww.nuroa.com.mx&url=https%253A%252F%252Fwww.icasas.mx%252FaggregatorDetail%253FadId%253D019bd811-7e1a-71aa-883e-c8da4e58a9cb%2526aggregator%253Dmitula%2526utm_content%253D019bd811-7e1a-71aa-883e-c8da4e58a9cb_payment&searchType=2&page=1&seo_link_id=1406121804&section=1&t_sec=1&sectionType=1&pageViewId=0d9726fc-19ae-42ae-aab4-9c1d064695c5&t_pvid=0d9726fc-19ae-42ae-aab4-9c1d064695c5&userAgent=Mozilla%2F5.0+%28Windows+NT+10.0%3B+Win64%3B+x64%29+AppleWebKit%2F537.36+%28KHTML%2C+like+Gecko%29+Chrome%2F124.0.0.0+Safari%2F537.36&browser=1&isHuman=true&userIp=189.226.196.225&what=departamento+cuauhtemoc&search_terms=departamento+cuauhtemoc&origin=2&t_or=2&splitTestId=0,nuroa,238.46153846153845
40000.0,departamento,Cuauhtémoc,Ciudad de México,90.0,1.0,1.0,,https://www.nuroa.com.mx/adform/6330000779799220574?click_type=0&pos=17&listingId=6330000779799220574&siteStrategyKey=https%3A%2F%2Fwww.nuroa.com.mx&url=https%253A%252F%252Fwww.icasas.mx%252FaggregatorDetail%253FadId%253D019e6290-b231-71ff-9391-d86c68c76652%2526aggregator%253Dmitula%2526utm_content%253D019e6290-b231-71ff-9391-d86c68c76652_payment&searchType=2&page=1&seo_link_id=1406121804&section=1&t_sec=1&sectionType=1&pageViewId=0d9726fc-19ae-42ae-aab4-9c1d064695c5&t_pvid=0d9726fc-19ae-42ae-aab4-9c1d064695c5&userAgent=Mozilla%2F5.0+%28Windows+NT+10.0%3B+Win64%3B+x64%29+AppleWebKit%2F537.36+%28KHTML%2C+like+Gecko%29+Chrome%2F124.0.0.0+Safari%2F537.36&browser=1&isHuman=true&userIp=189.226.196.225&what=departamento+cuauhtemoc&search_terms=departamento+cuauhtemoc&origin=2&t_or=2&splitTestId=0,nuroa,444.44444444444446
27000.0,departamento,Cuauhtémoc,Ciudad de México,35.0,,1.0,1.0,https://www.nuroa.com.mx/adform/2010000780403966791?click_type=0&pos=18&listingId=2010000780403966791&siteStrategyKey=https%3A%2F%2Fwww.nuroa.com.mx&url=https%253A%252F%252Fwww.icasas.mx%252FaggregatorDetail%253FadId%253D019e85c9-cf42-7dd4-a001-a4de360876d5%2526aggregator%253Dmitula%2526utm_content%253D019e85c9-cf42-7dd4-a001-a4de360876d5_payment&searchType=2&page=1&seo_link_id=1406121804&section=1&t_sec=1&sectionType=1&pageViewId=0d9726fc-19ae-42ae-aab4-9c1d064695c5&t_pvid=0d9726fc-19ae-42ae-aab4-9c1d064695c5&userAgent=Mozilla%2F5.0+%28Windows+NT+10.0%3B+Win64%3B+x64%29+AppleWebKit%2F537.36+%28KHTML%2C+like+Gecko%29+Chrome%2F124.0.0.0+Safari%2F537.36&browser=1&isHuman=true&userIp=189.226.196.225&what=departamento+cuauhtemoc&search_terms=departamento+cuauhtemoc&origin=2&t_or=2&splitTestId=0,nuroa,771.4285714285714
43387.0,departamento,Cuauhtémoc,Ciudad de México,97.0,2.0,2.0,,https://www.nuroa.com.mx/adform/2740000779453744345?click_type=0&pos=19&listingId=2740000779453744345&siteStrategyKey=https%3A%2F%2Fwww.nuroa.com.mx&url=https%253A%252F%252Fwww.icasas.mx%252FaggregatorDetail%253FadId%253D019bd8ff-3ccb-7459-be37-1379b7bbbfae%2526aggregator%253Dmitula%2526utm_content%253D019bd8ff-3ccb-7459-be37-1379b7bbbfae_payment&searchType=2&page=1&seo_link_id=1406121804&section=1&t_sec=1&sectionType=1&pageViewId=0d9726fc-19ae-42ae-aab4-9c1d064695c5&t_pvid=0d9726fc-19ae-42ae-aab4-9c1d064695c5&userAgent=Mozilla%2F5.0+%28Windows+NT+10.0%3B+Win64%3B+x64%29+AppleWebKit%2F537.36+%28KHTML%2C+like+Gecko%29+Chrome%2F124.0.0.0+Safari%2F537.36&browser=1&isHuman=true&userIp=189.226.196.225&what=departamento+cuauhtemoc&search_terms=departamento+cuauhtemoc&origin=2&t_or=2&splitTestId=0,nuroa,447.2886597938144
25000.0,departamento,Cuauhtémoc,Ciudad de México,67.0,3.0,2.0,1.0,https://www.nuroa.com.mx/adform/2760000780058228099?click_type=0&pos=20&listingId=2760000780058228099&siteStrategyKey=https%3A%2F%2Fwww.nuroa.com.mx&url=https%253A%252F%252Fwww.icasas.mx%252FaggregatorDetail%253FadId%253D019e6fb5-3895-732b-b602-abb9b67152de%2526aggregator%253Dmitula%2526utm_content%253D019e6fb5-3895-732b-b602-abb9b67152de_payment&searchType=2&page=1&seo_link_id=1406121804&section=1&t_sec=1&sectionType=1&pageViewId=0d9726fc-19ae-42ae-aab4-9c1d064695c5&t_pvid=0d9726fc-19ae-42ae-aab4-9c1d064695c5&userAgent=Mozilla%2F5.0+%28Windows+NT+10.0%3B+Win64%3B+x64%29+AppleWebKit%2F537.36+%28KHTML%2C+like+Gecko%29+Chrome%2F124.0.0.0+Safari%2F537.36&browser=1&isHuman=true&userIp=189.226.196.225&what=departamento+cuauhtemoc&search_terms=departamento+cuauhtemoc&origin=2&t_or=2&splitTestId=0,nuroa,373.13432835820896
19500.0,departamento,Cuauhtémoc,Ciudad de México,50.0,2.0,1.0,1.0,https://www.nuroa.com.mx/adform/5420000780231415511?click_type=0&pos=21&listingId=5420000780231415511&siteStrategyKey=https%3A%2F%2Fwww.nuroa.com.mx&url=https%253A%252F%252Fwww.icasas.mx%252FaggregatorDetail%253FadId%253D019e30dd-fdec-739a-8f00-6776a4e60e59%2526aggregator%253Dmitula%2526utm_content%253D019e30dd-fdec-739a-8f00-6776a4e60e59_payment&searchType=2&page=1&seo_link_id=1406121804&section=1&t_sec=1&sectionType=1&pageViewId=0d9726fc-19ae-42ae-aab4-9c1d064695c5&t_pvid=0d9726fc-19ae-42ae-aab4-9c1d064695c5&userAgent=Mozilla%2F5.0+%28Windows+NT+10.0%3B+Win64%3B+x64%29+AppleWebKit%2F537.36+%28KHTML%2C+like+Gecko%29+Chrome%2F124.0.0.0+Safari%2F537.36&browser=1&isHuman=true&userIp=189.226.196.225&what=departamento+cuauhtemoc&search_terms=departamento+cuauhtemoc&origin=2&t_or=2&splitTestId=0,nuroa,390.0
28000.0,departamento,Cuauhtémoc,Ciudad de México,82.0,2.0,2.0,,https://www.nuroa.com.mx/adform/8320000779712481295?click_type=0&pos=22&listingId=8320000779712481295&siteStrategyKey=https%3A%2F%2Fwww.nuroa.com.mx&url=https%253A%252F%252Fwww.icasas.mx%252FaggregatorDetail%253FadId%253D0197a33a-0640-748f-bce2-48f4fb5a2bad%2526aggregator%253Dmitula%2526utm_content%253D0197a33a-0640-748f-bce2-48f4fb5a2bad_payment&searchType=2&page=1&seo_link_id=1406121804&section=1&t_sec=1&sectionType=1&pageViewId=0d9726fc-19ae-42ae-aab4-9c1d064695c5&t_pvid=0d9726fc-19ae-42ae-aab4-9c1d064695c5&userAgent=Mozilla%2F5.0+%28Windows+NT+10.0%3B+Win64%3B+x64%29+AppleWebKit%2F537.36+%28KHTML%2C+like+Gecko%29+Chrome%2F124.0.0.0+Safari%2F537.36&browser=1&isHuman=true&userIp=189.226.196.225&what=departamento+cuauhtemoc&search_terms=departamento+cuauhtemoc&origin=2&t_or=2&splitTestId=0,nuroa,341.4634146341463
32000.0,departamento,Cuauhtémoc,Ciudad de México,50.0,1.0,1.0,,https://www.nuroa.com.mx/adform/3200002777725378284?click_type=0&pos=23&listingId=3200002777725378284&siteStrategyKey=https%3A%2F%2Fwww.nuroa.com.mx&url=https%253A%252F%252Fwww.icasas.mx%252FaggregatorDetail%253FadId%253D019de4ff-b18c-7ae7-b072-f4df3ecf65f2%2526aggregator%253Dmitula%2526utm_content%253D019de4ff-b18c-7ae7-b072-f4df3ecf65f2_payment&searchType=2&page=1&seo_link_id=1406121804&section=1&t_sec=1&sectionType=1&pageViewId=0d9726fc-19ae-42ae-aab4-9c1d064695c5&t_pvid=0d9726fc-19ae-42ae-aab4-9c1d064695c5&userAgent=Mozilla%2F5.0+%28Windows+NT+10.0%3B+Win64%3B+x64%29+AppleWebKit%2F537.36+%28KHTML%2C+like+Gecko%29+Chrome%2F124.0.0.0+Safari%2F537.36&browser=1&isHuman=true&userIp=189.226.196.225&what=departamento+cuauhtemoc&search_terms=departamento+cuauhtemoc&origin=2&t_or=2&splitTestId=0,nuroa,640.0
12700.0,departamento,Cuauhtémoc,Ciudad de México,40.0,1.0,1.0,,https://www.nuroa.com.mx/adform/1630000779799377552?click_type=0&pos=24&listingId=1630000779799377552&siteStrategyKey=https%3A%2F%2Fwww.nuroa.com.mx&url=https%253A%252F%252Fwww.icasas.mx%252FaggregatorDetail%253FadId%253D019457be-f388-7002-9918-f6e43a72f98b%2526aggregator%253Dmitula%2526utm_content%253D019457be-f388-7002-9918-f6e43a72f98b_payment&searchType=2&page=1&seo_link_id=1406121804&section=1&t_sec=1&sectionType=1&pageViewId=0d9726fc-19ae-42ae-aab4-9c1d064695c5&t_pvid=0d9726fc-19ae-42ae-aab4-9c1d064695c5&userAgent=Mozilla%2F5.0+%28Windows+NT+10.0%3B+Win64%3B+x64%29+AppleWebKit%2F537.36+%28KHTML%2C+like+Gecko%29+Chrome%2F124.0.0.0+Safari%2F537.36&browser=1&isHuman=true&userIp=189.226.196.225&what=departamento+cuauhtemoc&search_terms=departamento+cuauhtemoc&origin=2&t_or=2&splitTestId=0,nuroa,317.5
34000.0,departamento,Cuauhtémoc,Ciudad de México,74.0,2.0,1.0,1.0,https://www.nuroa.com.mx/adform/7070000779885746436?click_type=0&pos=25&listingId=7070000779885746436&siteStrategyKey=https%3A%2F%2Fwww.nuroa.com.mx&url=https%253A%252F%252Fwww.icasas.mx%252FaggregatorDetail%253FadId%253D019e6660-ea8c-761c-a9d6-3e481791b238%2526aggregator%253Dmitula%2526utm_content%253D019e6660-ea8c-761c-a9d6-3e481791b238_payment&searchType=2&page=1&seo_link_id=1406121804&section=1&t_sec=1&sectionType=1&pageViewId=0d9726fc-19ae-42ae-aab4-9c1d064695c5&t_pvid=0d9726fc-19ae-42ae-aab4-9c1d064695c5&userAgent=Mozilla%2F5.0+%28Windows+NT+10.0%3B+Win64%3B+x64%29+AppleWebKit%2F537.36+%28KHTML%2C+like+Gecko%29+Chrome%2F124.0.0.0+Safari%2F537.36&browser=1&isHuman=true&userIp=189.226.196.225&what=departamento+cuauhtemoc&search_terms=departamento+cuauhtemoc&origin=2&t_or=2&splitTestId=0,nuroa,459.4594594594595
37000.0,departamento,Cuauhtémoc,Ciudad de México,47.0,1.0,1.0,1.0,https://www.nuroa.com.mx/adform/2640000780404060676?click_type=1&pos=3&listingId=2640000780404060676&siteStrategyKey=https%3A%2F%2Fwww.nuroa.com.mx&url=https%253A%252F%252Fwww.icasas.mx%252FaggregatorDetail%253FadId%253D019e85d5-c819-77e7-b489-2419033e5012%2526aggregator%253Dmitula%2526utm_content%253D019e85d5-c819-77e7-b489-2419033e5012_payment&searchType=2&page=1&seo_link_id=1406121804&section=27&t_sec=27&sectionType=2&pageViewId=0d9726fc-19ae-42ae-aab4-9c1d064695c5&t_pvid=0d9726fc-19ae-42ae-aab4-9c1d064695c5&userAgent=Mozilla%2F5.0+%28Windows+NT+10.0%3B+Win64%3B+x64%29+AppleWebKit%2F537.36+%28KHTML%2C+like+Gecko%29+Chrome%2F124.0.0.0+Safari%2F537.36&browser=1&isHuman=true&userIp=189.226.196.225&what=departamento+cuauhtemoc&search_terms=departamento+cuauhtemoc&origin=2&t_or=2&splitTestId=0,nuroa,787.2340425531914
34000.0,departamento,Cuauhtémoc,Ciudad de México,81.0,2.0,2.0,,https://www.nuroa.com.mx/adform/3900001779972162510?click_type=0&pos=2&listingId=3900001779972162510&siteStrategyKey=https%3A%2F%2Fwww.nuroa.com.mx&url=https%253A%252F%252Fwww.icasas.mx%252FaggregatorDetail%253FadId%253D019e6b78-134d-7ed1-b118-9fef083af2ac%2526aggregator%253Dmitula%2526utm_content%253D019e6b78-134d-7ed1-b118-9fef083af2ac_payment&searchType=2&page=2&seo_link_id=1406121804&section=1&t_sec=1&sectionType=1&pageViewId=e72d6e17-325a-4962-a01e-52d070226efe&t_pvid=e72d6e17-325a-4962-a01e-52d070226efe&userAgent=Mozilla%2F5.0+%28Macintosh%3B+Intel+Mac+OS+X+10_15_7%29+AppleWebKit%2F605.1.15+%28KHTML%2C+like+Gecko%29+Version%2F17.4+Safari%2F605.1.15&browser=1&isHuman=true&userIp=189.226.196.225&what=departamento+cuauhtemoc&search_terms=departamento+cuauhtemoc&origin=2&t_or=2&splitTestId=0,nuroa,419.75308641975306
26000.0,departamento,Cuauhtémoc,Ciudad de México,35.0,,1.0,1.0,https://www.nuroa.com.mx/adform/8390000779561442585?click_type=0&pos=3&listingId=8390000779561442585&siteStrategyKey=https%3A%2F%2Fwww.nuroa.com.mx&url=https%253A%252F%252Fwww.icasas.mx%252FaggregatorDetail%253FadId%253D019e54d5-5a5a-7362-a723-b06191702ce6%2526aggregator%253Dmitula%2526utm_content%253D019e54d5-5a5a-7362-a723-b06191702ce6_payment&searchType=2&page=2&seo_link_id=1406121804&section=1&t_sec=1&sectionType=1&pageViewId=e72d6e17-325a-4962-a01e-52d070226efe&t_pvid=e72d6e17-325a-4962-a01e-52d070226efe&userAgent=Mozilla%2F5.0+%28Macintosh%3B+Intel+Mac+OS+X+10_15_7%29+AppleWebKit%2F605.1.15+%28KHTML%2C+like+Gecko%29+Version%2F17.4+Safari%2F605.1.15&browser=1&isHuman=true&userIp=189.226.196.225&what=departamento+cuauhtemoc&search_terms=departamento+cuauhtemoc&origin=2&t_or=2&splitTestId=0,nuroa,742.8571428571429
18500.0,departamento,Cuauhtémoc,Ciudad de México,57.0,2.0,2.0,1.0,https://www.nuroa.com.mx/adform/8510000775565660070?click_type=0&pos=4&listingId=8510000775565660070&siteStrategyKey=https%3A%2F%2Fwww.nuroa.com.mx&url=https%253A%252F%252Fwww.icasas.mx%252FaggregatorDetail%253FadId%253D019e42b4-c00a-712d-b1a9-92e6edc23aef%2526aggregator%253Dmitula%2526utm_content%253D019e42b4-c00a-712d-b1a9-92e6edc23aef_payment&searchType=2&page=2&seo_link_id=1406121804&section=1&t_sec=1&sectionType=1&pageViewId=e72d6e17-325a-4962-a01e-52d070226efe&t_pvid=e72d6e17-325a-4962-a01e-52d070226efe&userAgent=Mozilla%2F5.0+%28Macintosh%3B+Intel+Mac+OS+X+10_15_7%29+AppleWebKit%2F605.1.15+%28KHTML%2C+like+Gecko%29+Version%2F17.4+Safari%2F605.1.15&browser=1&isHuman=true&userIp=189.226.196.225&what=departamento+cuauhtemoc&search_terms=departamento+cuauhtemoc&origin=2&t_or=2&splitTestId=0,nuroa,324.56140350877195
24000.0,departamento,Cuauhtémoc,Ciudad de México,68.0,2.0,1.0,1.0,https://www.nuroa.com.mx/adform/5250000779367206304?click_type=0&pos=5&listingId=5250000779367206304&siteStrategyKey=https%3A%2F%2Fwww.nuroa.com.mx&url=https%253A%252F%252Fwww.icasas.mx%252FaggregatorDetail%253FadId%253D019e47dd-9325-72db-b211-a60c240cba4b%2526aggregator%253Dmitula%2526utm_content%253D019e47dd-9325-72db-b211-a60c240cba4b_payment&searchType=2&page=2&seo_link_id=1406121804&section=1&t_sec=1&sectionType=1&pageViewId=e72d6e17-325a-4962-a01e-52d070226efe&t_pvid=e72d6e17-325a-4962-a01e-52d070226efe&userAgent=Mozilla%2F5.0+%28Macintosh%3B+Intel+Mac+OS+X+10_15_7%29+AppleWebKit%2F605.1.15+%28KHTML%2C+like+Gecko%29+Version%2F17.4+Safari%2F605.1.15&browser=1&isHuman=true&userIp=189.226.196.225&what=departamento+cuauhtemoc&search_terms=departamento+cuauhtemoc&origin=2&t_or=2&splitTestId=0,nuroa,352.94117647058823
21000.0,departamento,Cuauhtémoc,Ciudad de México,42.0,1.0,1.0,1.0,https://www.nuroa.com.mx/adform/7220000776602448223?click_type=0&pos=6&listingId=7220000776602448223&siteStrategyKey=https%3A%2F%2Fwww.nuroa.com.mx&url=https%253A%252F%252Fwww.icasas.mx%252FaggregatorDetail%253FadId%253D019da2a6-8717-7c24-9cc4-587500568fb1%2526aggregator%253Dmitula%2526utm_content%253D019da2a6-8717-7c24-9cc4-587500568fb1_payment&searchType=2&page=2&seo_link_id=1406121804&section=1&t_sec=1&sectionType=1&pageViewId=e72d6e17-325a-4962-a01e-52d070226efe&t_pvid=e72d6e17-325a-4962-a01e-52d070226efe&userAgent=Mozilla%2F5.0+%28Macintosh%3B+Intel+Mac+OS+X+10_15_7%29+AppleWebKit%2F605.1.15+%28KHTML%2C+like+Gecko%29+Version%2F17.4+Safari%2F605.1.15&browser=1&isHuman=true&userIp=189.226.196.225&what=departamento+cuauhtemoc&search_terms=departamento+cuauhtemoc&origin=2&t_or=2&splitTestId=0,nuroa,500.0
23000.0,loft,Cuauhtémoc,Ciudad de México,40.0,,1.0,,https://www.nuroa.com.mx/adform/8590000777574133725?click_type=0&pos=7&listingId=8590000777574133725&siteStrategyKey=https%3A%2F%2Fwww.nuroa.com.mx&url=https%253A%252F%252Fwww.icasas.mx%252FaggregatorDetail%253FadId%253D019dde6d-2564-7e63-8d92-c38c0a81e37c%2526aggregator%253Dmitula%2526utm_content%253D019dde6d-2564-7e63-8d92-c38c0a81e37c_payment&searchType=2&page=2&seo_link_id=1406121804&section=1&t_sec=1&sectionType=1&pageViewId=e72d6e17-325a-4962-a01e-52d070226efe&t_pvid=e72d6e17-325a-4962-a01e-52d070226efe&userAgent=Mozilla%2F5.0+%28Macintosh%3B+Intel+Mac+OS+X+10_15_7%29+AppleWebKit%2F605.1.15+%28KHTML%2C+like+Gecko%29+Version%2F17.4+Safari%2F605.1.15&browser=1&isHuman=true&userIp=189.226.196.225&what=departamento+cuauhtemoc&search_terms=departamento+cuauhtemoc&origin=2&t_or=2&splitTestId=0,nuroa,575.0
27000.0,loft,Cuauhtémoc,Ciudad de México,42.0,1.0,1.0,,https://www.nuroa.com.mx/adform/3660001774010196872?click_type=0&pos=8&listingId=3660001774010196872&siteStrategyKey=https%3A%2F%2Fwww.nuroa.com.mx&url=https%253A%252F%252Fwww.icasas.mx%252FaggregatorDetail%253FadId%253D1e30573d-0307-45d4-a447-34195933fa62%2526aggregator%253Dmitula%2526utm_content%253D1e30573d-0307-45d4-a447-34195933fa62_payment&searchType=2&page=2&seo_link_id=1406121804&section=1&t_sec=1&sectionType=1&pageViewId=e72d6e17-325a-4962-a01e-52d070226efe&t_pvid=e72d6e17-325a-4962-a01e-52d070226efe&userAgent=Mozilla%2F5.0+%28Macintosh%3B+Intel+Mac+OS+X+10_15_7%29+AppleWebKit%2F605.1.15+%28KHTML%2C+like+Gecko%29+Version%2F17.4+Safari%2F605.1.15&browser=1&isHuman=true&userIp=189.226.196.225&what=departamento+cuauhtemoc&search_terms=departamento+cuauhtemoc&origin=2&t_or=2&splitTestId=0,nuroa,642.8571428571429
18000.0,departamento,Cuauhtémoc,Ciudad de México,58.0,2.0,1.0,1.0,https://www.nuroa.com.mx/adform/8180000778676013213?click_type=0&pos=9&listingId=8180000778676013213&siteStrategyKey=https%3A%2F%2Fwww.nuroa.com.mx&url=https%253A%252F%252Fwww.icasas.mx%252FaggregatorDetail%253FadId%253D019e1d36-67f2-7518-b3db-8878893b3ec8%2526aggregator%253Dmitula%2526utm_content%253D019e1d36-67f2-7518-b3db-8878893b3ec8_payment&searchType=2&page=2&seo_link_id=1406121804&section=1&t_sec=1&sectionType=1&pageViewId=e72d6e17-325a-4962-a01e-52d070226efe&t_pvid=e72d6e17-325a-4962-a01e-52d070226efe&userAgent=Mozilla%2F5.0+%28Macintosh%3B+Intel+Mac+OS+X+10_15_7%29+AppleWebKit%2F605.1.15+%28KHTML%2C+like+Gecko%29+Version%2F17.4+Safari%2F605.1.15&browser=1&isHuman=true&userIp=189.226.196.225&what=departamento+cuauhtemoc&search_terms=departamento+cuauhtemoc&origin=2&t_or=2&splitTestId=0,nuroa,310.3448275862069
52000.0,departamento,Cuauhtémoc,Ciudad de México,120.0,2.0,2.0,1.0,https://www.nuroa.com.mx/adform/1700002778416672347?click_type=0&pos=10&listingId=1700002778416672347&siteStrategyKey=https%3A%2F%2Fwww.nuroa.com.mx&url=https%253A%252F%252Fwww.icasas.mx%252FaggregatorDetail%253FadId%253D019e1114-9357-7544-b919-b866e7bd4cf8%2526aggregator%253Dmitula%2526utm_content%253D019e1114-9357-7544-b919-b866e7bd4cf8_payment&searchType=2&page=2&seo_link_id=1406121804&section=1&t_sec=1&sectionType=1&pageViewId=e72d6e17-325a-4962-a01e-52d070226efe&t_pvid=e72d6e17-325a-4962-a01e-52d070226efe&userAgent=Mozilla%2F5.0+%28Macintosh%3B+Intel+Mac+OS+X+10_15_7%29+AppleWebKit%2F605.1.15+%28KHTML%2C+like+Gecko%29+Version%2F17.4+Safari%2F605.1.15&browser=1&isHuman=true&userIp=189.226.196.225&what=departamento+cuauhtemoc&search_terms=departamento+cuauhtemoc&origin=2&t_or=2&splitTestId=0,nuroa,433.3333333333333
36000.0,departamento,Cuauhtémoc,Ciudad de México,77.0,1.0,1.0,,https://www.nuroa.com.mx/adform/8180000777574126441?click_type=0&pos=11&listingId=8180000777574126441&siteStrategyKey=https%3A%2F%2Fwww.nuroa.com.mx&url=https%253A%252F%252Fwww.icasas.mx%252FaggregatorDetail%253FadId%253D019d085e-e481-7136-8094-237cb5b7de65%2526aggregator%253Dmitula%2526utm_content%253D019d085e-e481-7136-8094-237cb5b7de65_payment&searchType=2&page=2&seo_link_id=1406121804&section=1&t_sec=1&sectionType=1&pageViewId=e72d6e17-325a-4962-a01e-52d070226efe&t_pvid=e72d6e17-325a-4962-a01e-52d070226efe&userAgent=Mozilla%2F5.0+%28Macintosh%3B+Intel+Mac+OS+X+10_15_7%29+AppleWebKit%2F605.1.15+%28KHTML%2C+like+Gecko%29+Version%2F17.4+Safari%2F605.1.15&browser=1&isHuman=true&userIp=189.226.196.225&what=departamento+cuauhtemoc&search_terms=departamento+cuauhtemoc&origin=2&t_or=2&splitTestId=0,nuroa,467.53246753246754
20000.0,departamento,Cuauhtémoc,Ciudad de México,73.0,2.0,2.0,1.0,https://www.nuroa.com.mx/adform/5780000777379947974?click_type=0&pos=13&listingId=5780000777379947974&siteStrategyKey=https%3A%2F%2Fwww.nuroa.com.mx&url=https%253A%252F%252Fwww.icasas.mx%252FaggregatorDetail%253FadId%253D019dd073-820f-738b-83c3-e590d8e10473%2526aggregator%253Dmitula%2526utm_content%253D019dd073-820f-738b-83c3-e590d8e10473_payment&searchType=2&page=2&seo_link_id=1406121804&section=1&t_sec=1&sectionType=1&pageViewId=e72d6e17-325a-4962-a01e-52d070226efe&t_pvid=e72d6e17-325a-4962-a01e-52d070226efe&userAgent=Mozilla%2F5.0+%28Macintosh%3B+Intel+Mac+OS+X+10_15_7%29+AppleWebKit%2F605.1.15+%28KHTML%2C+like+Gecko%29+Version%2F17.4+Safari%2F605.1.15&browser=1&isHuman=true&userIp=189.226.196.225&what=departamento+cuauhtemoc&search_terms=departamento+cuauhtemoc&origin=2&t_or=2&splitTestId=0,nuroa,273.972602739726
21000.0,loft,Cuauhtémoc,Ciudad de México,40.0,1.0,1.0,,https://www.nuroa.com.mx/adform/4930000777574095500?click_type=0&pos=14&listingId=4930000777574095500&siteStrategyKey=https%3A%2F%2Fwww.nuroa.com.mx&url=https%253A%252F%252Fwww.icasas.mx%252FaggregatorDetail%253FadId%253D019dde6d-158d-73ce-af63-1b209b36d659%2526aggregator%253Dmitula%2526utm_content%253D019dde6d-158d-73ce-af63-1b209b36d659_payment&searchType=2&page=2&seo_link_id=1406121804&section=1&t_sec=1&sectionType=1&pageViewId=e72d6e17-325a-4962-a01e-52d070226efe&t_pvid=e72d6e17-325a-4962-a01e-52d070226efe&userAgent=Mozilla%2F5.0+%28Macintosh%3B+Intel+Mac+OS+X+10_15_7%29+AppleWebKit%2F605.1.15+%28KHTML%2C+like+Gecko%29+Version%2F17.4+Safari%2F605.1.15&browser=1&isHuman=true&userIp=189.226.196.225&what=departamento+cuauhtemoc&search_terms=departamento+cuauhtemoc&origin=2&t_or=2&splitTestId=0,nuroa,525.0
42000.0,departamento,Cuauhtémoc,Ciudad de México,110.0,2.0,2.0,,https://www.nuroa.com.mx/adform/6370000776883084294?click_type=0&pos=15&listingId=6370000776883084294&siteStrategyKey=https%3A%2F%2Fwww.nuroa.com.mx&url=https%253A%252F%252Fwww.icasas.mx%252FaggregatorDetail%253FadId%253D019db559-eb77-7ec7-b0da-cf64b900ea76%2526aggregator%253Dmitula%2526utm_content%253D019db559-eb77-7ec7-b0da-cf64b900ea76_payment&searchType=2&page=2&seo_link_id=1406121804&section=1&t_sec=1&sectionType=1&pageViewId=e72d6e17-325a-4962-a01e-52d070226efe&t_pvid=e72d6e17-325a-4962-a01e-52d070226efe&userAgent=Mozilla%2F5.0+%28Macintosh%3B+Intel+Mac+OS+X+10_15_7%29+AppleWebKit%2F605.1.15+%28KHTML%2C+like+Gecko%29+Version%2F17.4+Safari%2F605.1.15&browser=1&isHuman=true&userIp=189.226.196.225&what=departamento+cuauhtemoc&search_terms=departamento+cuauhtemoc&origin=2&t_or=2&splitTestId=0,nuroa,381.8181818181818
70000.0,departamento,Cuauhtémoc,Ciudad de México,233.0,2.0,3.0,,https://www.nuroa.com.mx/adform/1830000774636998169?click_type=0&pos=16&listingId=1830000774636998169&siteStrategyKey=https%3A%2F%2Fwww.nuroa.com.mx&url=https%253A%252F%252Fwww.icasas.mx%252FaggregatorDetail%253FadId%253D019d2b62-dc14-70b8-b8ef-b81e29d3e23a%2526aggregator%253Dmitula%2526utm_content%253D019d2b62-dc14-70b8-b8ef-b81e29d3e23a_payment&searchType=2&page=2&seo_link_id=1406121804&section=1&t_sec=1&sectionType=1&pageViewId=e72d6e17-325a-4962-a01e-52d070226efe&t_pvid=e72d6e17-325a-4962-a01e-52d070226efe&userAgent=Mozilla%2F5.0+%28Macintosh%3B+Intel+Mac+OS+X+10_15_7%29+AppleWebKit%2F605.1.15+%28KHTML%2C+like+Gecko%29+Version%2F17.4+Safari%2F605.1.15&browser=1&isHuman=true&userIp=189.226.196.225&what=departamento+cuauhtemoc&search_terms=departamento+cuauhtemoc&origin=2&t_or=2&splitTestId=0,nuroa,300.42918454935625
40000.0,departamento,Cuauhtémoc,Ciudad de México,110.0,2.0,2.0,,https://www.nuroa.com.mx/adform/1750000776883231931?click_type=0&pos=17&listingId=1750000776883231931&siteStrategyKey=https%3A%2F%2Fwww.nuroa.com.mx&url=https%253A%252F%252Fwww.icasas.mx%252FaggregatorDetail%253FadId%253D019db559-fac4-77a0-a171-87a0204b4a88%2526aggregator%253Dmitula%2526utm_content%253D019db559-fac4-77a0-a171-87a0204b4a88_payment&searchType=2&page=2&seo_link_id=1406121804&section=1&t_sec=1&sectionType=1&pageViewId=e72d6e17-325a-4962-a01e-52d070226efe&t_pvid=e72d6e17-325a-4962-a01e-52d070226efe&userAgent=Mozilla%2F5.0+%28Macintosh%3B+Intel+Mac+OS+X+10_15_7%29+AppleWebKit%2F605.1.15+%28KHTML%2C+like+Gecko%29+Version%2F17.4+Safari%2F605.1.15&browser=1&isHuman=true&userIp=189.226.196.225&what=departamento+cuauhtemoc&search_terms=departamento+cuauhtemoc&origin=2&t_or=2&splitTestId=0,nuroa,363.6363636363636
16800.0,departamento,Cuauhtémoc,Ciudad de México,50.0,2.0,1.0,,https://www.nuroa.com.mx/adform/5110000776256730672?click_type=0&pos=18&listingId=5110000776256730672&siteStrategyKey=https%3A%2F%2Fwww.nuroa.com.mx&url=https%253A%252F%252Fwww.icasas.mx%252FaggregatorDetail%253FadId%253D019d8f05-7ede-771f-8cc2-bd8d82b924f0%2526aggregator%253Dmitula%2526utm_content%253D019d8f05-7ede-771f-8cc2-bd8d82b924f0_payment&searchType=2&page=2&seo_link_id=1406121804&section=1&t_sec=1&sectionType=1&pageViewId=e72d6e17-325a-4962-a01e-52d070226efe&t_pvid=e72d6e17-325a-4962-a01e-52d070226efe&userAgent=Mozilla%2F5.0+%28Macintosh%3B+Intel+Mac+OS+X+10_15_7%29+AppleWebKit%2F605.1.15+%28KHTML%2C+like+Gecko%29+Version%2F17.4+Safari%2F605.1.15&browser=1&isHuman=true&userIp=189.226.196.225&what=departamento+cuauhtemoc&search_terms=departamento+cuauhtemoc&origin=2&t_or=2&splitTestId=0,nuroa,336.0
32000.0,departamento,Cuauhtémoc,Ciudad de México,57.0,1.0,1.0,,https://www.nuroa.com.mx/adform/5860001757250034369?click_type=0&pos=19&listingId=5860001757250034369&siteStrategyKey=https%3A%2F%2Fwww.nuroa.com.mx&url=https%253A%252F%252Fwww.icasas.mx%252FaggregatorDetail%253FadId%253D2e11491a-0758-3096-bd26-c6a5543b3bbb%2526aggregator%253Dmitula%2526utm_content%253D2e11491a-0758-3096-bd26-c6a5543b3bbb_payment&searchType=2&page=2&seo_link_id=1406121804&section=1&t_sec=1&sectionType=1&pageViewId=e72d6e17-325a-4962-a01e-52d070226efe&t_pvid=e72d6e17-325a-4962-a01e-52d070226efe&userAgent=Mozilla%2F5.0+%28Macintosh%3B+Intel+Mac+OS+X+10_15_7%29+AppleWebKit%2F605.1.15+%28KHTML%2C+like+Gecko%29+Version%2F17.4+Safari%2F605.1.15&browser=1&isHuman=true&userIp=189.226.196.225&what=departamento+cuauhtemoc&search_terms=departamento+cuauhtemoc&origin=2&t_or=2&splitTestId=0,nuroa,561.4035087719299
19999.0,loft,Cuauhtémoc,Ciudad de México,20.0,1.0,1.0,,https://www.nuroa.com.mx/adform/4900000776170225586?click_type=0&pos=20&listingId=4900000776170225586&siteStrategyKey=https%3A%2F%2Fwww.nuroa.com.mx&url=https%253A%252F%252Fwww.icasas.mx%252FaggregatorDetail%253FadId%253D019d8839-1828-726d-a3c3-55d4b451aa15%2526aggregator%253Dmitula%2526utm_content%253D019d8839-1828-726d-a3c3-55d4b451aa15_payment&searchType=2&page=2&seo_link_id=1406121804&section=1&t_sec=1&sectionType=1&pageViewId=e72d6e17-325a-4962-a01e-52d070226efe&t_pvid=e72d6e17-325a-4962-a01e-52d070226efe&userAgent=Mozilla%2F5.0+%28Macintosh%3B+Intel+Mac+OS+X+10_15_7%29+AppleWebKit%2F605.1.15+%28KHTML%2C+like+Gecko%29+Version%2F17.4+Safari%2F605.1.15&browser=1&isHuman=true&userIp=189.226.196.225&what=departamento+cuauhtemoc&search_terms=departamento+cuauhtemoc&origin=2&t_or=2&splitTestId=0,nuroa,999.95
7000.0,departamento,Cuauhtémoc,Ciudad de México,25.0,1.0,1.0,,https://www.nuroa.com.mx/adform/8690000781354158988?click_type=0&pos=21&listingId=8690000781354158988&siteStrategyKey=https%3A%2F%2Fwww.nuroa.com.mx&url=https%253A%252F%252Fwww.icasas.mx%252FaggregatorDetail%253FadId%253D019ebd21-8211-71a1-9896-bb46fba21d70%2526aggregator%253Dmitula%2526utm_content%253D019ebd21-8211-71a1-9896-bb46fba21d70_payment&searchType=2&page=2&seo_link_id=1406121804&section=1&t_sec=1&sectionType=1&pageViewId=e72d6e17-325a-4962-a01e-52d070226efe&t_pvid=e72d6e17-325a-4962-a01e-52d070226efe&userAgent=Mozilla%2F5.0+%28Macintosh%3B+Intel+Mac+OS+X+10_15_7%29+AppleWebKit%2F605.1.15+%28KHTML%2C+like+Gecko%29+Version%2F17.4+Safari%2F605.1.15&browser=1&isHuman=true&userIp=189.226.196.225&what=departamento+cuauhtemoc&search_terms=departamento+cuauhtemoc&origin=2&t_or=2&splitTestId=0,nuroa,280.0
17500.0,loft,Cuauhtémoc,Ciudad de México,50.0,1.0,1.0,,https://www.nuroa.com.mx/adform/8800000762519224298?click_type=0&pos=22&listingId=8800000762519224298&siteStrategyKey=https%3A%2F%2Fwww.nuroa.com.mx&url=https%253A%252F%252Fwww.icasas.mx%252FaggregatorDetail%253FadId%253D019a5b50-6d3e-77df-883d-43732a400182%2526aggregator%253Dmitula%2526utm_content%253D019a5b50-6d3e-77df-883d-43732a400182_payment&searchType=2&page=2&seo_link_id=1406121804&section=1&t_sec=1&sectionType=1&pageViewId=e72d6e17-325a-4962-a01e-52d070226efe&t_pvid=e72d6e17-325a-4962-a01e-52d070226efe&userAgent=Mozilla%2F5.0+%28Macintosh%3B+Intel+Mac+OS+X+10_15_7%29+AppleWebKit%2F605.1.15+%28KHTML%2C+like+Gecko%29+Version%2F17.4+Safari%2F605.1.15&browser=1&isHuman=true&userIp=189.226.196.225&what=departamento+cuauhtemoc&search_terms=departamento+cuauhtemoc&origin=2&t_or=2&splitTestId=0,nuroa,350.0
18500.0,departamento,Cuauhtémoc,Ciudad de México,51.0,1.0,1.0,1.0,https://www.nuroa.com.mx/adform/6260002780749603444?click_type=0&pos=24&listingId=6260002780749603444&siteStrategyKey=https%3A%2F%2Fwww.nuroa.com.mx&url=https%253A%252F%252Fwww.icasas.mx%252FaggregatorDetail%253FadId%253D019e9b80-abb2-7efe-a061-f81c04d7c7fd%2526aggregator%253Dmitula%2526utm_content%253D019e9b80-abb2-7efe-a061-f81c04d7c7fd_payment&searchType=2&page=2&seo_link_id=1406121804&section=1&t_sec=1&sectionType=1&pageViewId=e72d6e17-325a-4962-a01e-52d070226efe&t_pvid=e72d6e17-325a-4962-a01e-52d070226efe&userAgent=Mozilla%2F5.0+%28Macintosh%3B+Intel+Mac+OS+X+10_15_7%29+AppleWebKit%2F605.1.15+%28KHTML%2C+like+Gecko%29+Version%2F17.4+Safari%2F605.1.15&browser=1&isHuman=true&userIp=189.226.196.225&what=departamento+cuauhtemoc&search_terms=departamento+cuauhtemoc&origin=2&t_or=2&splitTestId=0,nuroa,362.7450980392157
19000.0,loft,Cuauhtémoc,Ciudad de México,40.0,1.0,1.0,1.0,https://www.nuroa.com.mx/adform/1760000774960865081?click_type=0&pos=25&listingId=1760000774960865081&siteStrategyKey=https%3A%2F%2Fwww.nuroa.com.mx&url=https%253A%252F%252Fwww.icasas.mx%252FaggregatorDetail%253FadId%253D019d4215-e13f-76be-b495-771ea0af495b%2526aggregator%253Dmitula%2526utm_content%253D019d4215-e13f-76be-b495-771ea0af495b_payment&searchType=2&page=2&seo_link_id=1406121804&section=1&t_sec=1&sectionType=1&pageViewId=e72d6e17-325a-4962-a01e-52d070226efe&t_pvid=e72d6e17-325a-4962-a01e-52d070226efe&userAgent=Mozilla%2F5.0+%28Macintosh%3B+Intel+Mac+OS+X+10_15_7%29+AppleWebKit%2F605.1.15+%28KHTML%2C+like+Gecko%29+Version%2F17.4+Safari%2F605.1.15&browser=1&isHuman=true&userIp=189.226.196.225&what=departamento+cuauhtemoc&search_terms=departamento+cuauhtemoc&origin=2&t_or=2&splitTestId=0,nuroa,475.0
9750.0,departamento,Cuauhtémoc,Ciudad de México,42.0,2.0,1.0,,https://www.nuroa.com.mx/adform/5400002780749603344?click_type=0&pos=1&listingId=5400002780749603344&siteStrategyKey=https%3A%2F%2Fwww.nuroa.com.mx&url=https%253A%252F%252Fwww.icasas.mx%252FaggregatorDetail%253FadId%253D019e99a9-d741-74cd-9e70-0103fef6d529%2526aggregator%253Dmitula%2526utm_content%253D019e99a9-d741-74cd-9e70-0103fef6d529_payment&searchType=2&page=3&seo_link_id=1406121804&section=1&t_sec=1&sectionType=1&pageViewId=cf8174eb-bd96-438d-b346-e903ed6cd4f2&t_pvid=cf8174eb-bd96-438d-b346-e903ed6cd4f2&userAgent=Mozilla%2F5.0+%28X11%3B+Linux+x86_64%3B+rv%3A125.0%29+Gecko%2F20100101+Firefox%2F125.0&browser=1&isHuman=true&userIp=189.226.196.225&what=departamento+cuauhtemoc&search_terms=departamento+cuauhtemoc&origin=2&t_or=2&splitTestId=0,nuroa,232.14285714285714
12000.0,departamento,Cuauhtémoc,Ciudad de México,60.0,2.0,1.0,,https://www.nuroa.com.mx/adform/2380000780403934645?click_type=0&pos=2&listingId=2380000780403934645&siteStrategyKey=https%3A%2F%2Fwww.nuroa.com.mx&url=https%253A%252F%252Fwww.icasas.mx%252FaggregatorDetail%253FadId%253D0198e208-2ec8-7246-b519-d012347e902e%2526aggregator%253Dmitula%2526utm_content%253D0198e208-2ec8-7246-b519-d012347e902e_payment&searchType=2&page=3&seo_link_id=1406121804&section=1&t_sec=1&sectionType=1&pageViewId=cf8174eb-bd96-438d-b346-e903ed6cd4f2&t_pvid=cf8174eb-bd96-438d-b346-e903ed6cd4f2&userAgent=Mozilla%2F5.0+%28X11%3B+Linux+x86_64%3B+rv%3A125.0%29+Gecko%2F20100101+Firefox%2F125.0&browser=1&isHuman=true&userIp=189.226.196.225&what=departamento+cuauhtemoc&search_terms=departamento+cuauhtemoc&origin=2&t_or=2&splitTestId=0,nuroa,200.0
11500.0,departamento,Cuauhtémoc,Ciudad de México,55.0,2.0,1.0,,https://www.nuroa.com.mx/adform/4780000780404029876?click_type=0&pos=3&listingId=4780000780404029876&siteStrategyKey=https%3A%2F%2Fwww.nuroa.com.mx&url=https%253A%252F%252Fwww.icasas.mx%252FaggregatorDetail%253FadId%253D0198e233-f6c8-7048-ac87-d037d73b093a%2526aggregator%253Dmitula%2526utm_content%253D0198e233-f6c8-7048-ac87-d037d73b093a_payment&searchType=2&page=3&seo_link_id=1406121804&section=1&t_sec=1&sectionType=1&pageViewId=cf8174eb-bd96-438d-b346-e903ed6cd4f2&t_pvid=cf8174eb-bd96-438d-b346-e903ed6cd4f2&userAgent=Mozilla%2F5.0+%28X11%3B+Linux+x86_64%3B+rv%3A125.0%29+Gecko%2F20100101+Firefox%2F125.0&browser=1&isHuman=true&userIp=189.226.196.225&what=departamento+cuauhtemoc&search_terms=departamento+cuauhtemoc&origin=2&t_or=2&splitTestId=0,nuroa,209.0909090909091
11500.0,departamento,Cuauhtémoc,Ciudad de México,85.0,3.0,1.0,,https://www.nuroa.com.mx/adform/5660000780403990255?click_type=0&pos=4&listingId=5660000780403990255&siteStrategyKey=https%3A%2F%2Fwww.nuroa.com.mx&url=https%253A%252F%252Fwww.icasas.mx%252FaggregatorDetail%253FadId%253D019b333c-b1e3-7304-a978-872a7a3d6463%2526aggregator%253Dmitula%2526utm_content%253D019b333c-b1e3-7304-a978-872a7a3d6463_payment&searchType=2&page=3&seo_link_id=1406121804&section=1&t_sec=1&sectionType=1&pageViewId=cf8174eb-bd96-438d-b346-e903ed6cd4f2&t_pvid=cf8174eb-bd96-438d-b346-e903ed6cd4f2&userAgent=Mozilla%2F5.0+%28X11%3B+Linux+x86_64%3B+rv%3A125.0%29+Gecko%2F20100101+Firefox%2F125.0&browser=1&isHuman=true&userIp=189.226.196.225&what=departamento+cuauhtemoc&search_terms=departamento+cuauhtemoc&origin=2&t_or=2&splitTestId=0,nuroa,135.2941176470588
16500.0,departamento,Cuauhtémoc,Ciudad de México,65.0,2.0,2.0,,https://www.nuroa.com.mx/adform/7740000780403803328?click_type=0&pos=5&listingId=7740000780403803328&siteStrategyKey=https%3A%2F%2Fwww.nuroa.com.mx&url=https%253A%252F%252Fwww.icasas.mx%252FaggregatorDetail%253FadId%253D019cddcd-4902-74a5-a012-56303dc161fb%2526aggregator%253Dmitula%2526utm_content%253D019cddcd-4902-74a5-a012-56303dc161fb_payment&searchType=2&page=3&seo_link_id=1406121804&section=1&t_sec=1&sectionType=1&pageViewId=cf8174eb-bd96-438d-b346-e903ed6cd4f2&t_pvid=cf8174eb-bd96-438d-b346-e903ed6cd4f2&userAgent=Mozilla%2F5.0+%28X11%3B+Linux+x86_64%3B+rv%3A125.0%29+Gecko%2F20100101+Firefox%2F125.0&browser=1&isHuman=true&userIp=189.226.196.225&what=departamento+cuauhtemoc&search_terms=departamento+cuauhtemoc&origin=2&t_or=2&splitTestId=0,nuroa,253.84615384615384
15000.0,departamento,Cuauhtémoc,Ciudad de México,33.0,,1.0,,https://www.nuroa.com.mx/adform/3980000780403897705?click_type=0&pos=6&listingId=3980000780403897705&siteStrategyKey=https%3A%2F%2Fwww.nuroa.com.mx&url=https%253A%252F%252Fwww.icasas.mx%252FaggregatorDetail%253FadId%253D019c2577-e132-75d7-b3b3-6c13ad9b84c0%2526aggregator%253Dmitula%2526utm_content%253D019c2577-e132-75d7-b3b3-6c13ad9b84c0_payment&searchType=2&page=3&seo_link_id=1406121804&section=1&t_sec=1&sectionType=1&pageViewId=cf8174eb-bd96-438d-b346-e903ed6cd4f2&t_pvid=cf8174eb-bd96-438d-b346-e903ed6cd4f2&userAgent=Mozilla%2F5.0+%28X11%3B+Linux+x86_64%3B+rv%3A125.0%29+Gecko%2F20100101+Firefox%2F125.0&browser=1&isHuman=true&userIp=189.226.196.225&what=departamento+cuauhtemoc&search_terms=departamento+cuauhtemoc&origin=2&t_or=2&splitTestId=0,nuroa,454.54545454545456
23500.0,departamento,Cuauhtémoc,Ciudad de México,50.0,1.0,1.0,1.0,https://www.nuroa.com.mx/adform/5120000773405711771?click_type=0&pos=7&listingId=5120000773405711771&siteStrategyKey=https%3A%2F%2Fwww.nuroa.com.mx&url=https%253A%252F%252Fwww.icasas.mx%252FaggregatorDetail%253FadId%253D019ce595-65ff-7609-9d70-2b1a637eee38%2526aggregator%253Dmitula%2526utm_content%253D019ce595-65ff-7609-9d70-2b1a637eee38_payment&searchType=2&page=3&seo_link_id=1406121804&section=1&t_sec=1&sectionType=1&pageViewId=cf8174eb-bd96-438d-b346-e903ed6cd4f2&t_pvid=cf8174eb-bd96-438d-b346-e903ed6cd4f2&userAgent=Mozilla%2F5.0+%28X11%3B+Linux+x86_64%3B+rv%3A125.0%29+Gecko%2F20100101+Firefox%2F125.0&browser=1&isHuman=true&userIp=189.226.196.225&what=departamento+cuauhtemoc&search_terms=departamento+cuauhtemoc&origin=2&t_or=2&splitTestId=0,nuroa,470.0
17800.0,departamento,Cuauhtémoc,Ciudad de México,50.0,2.0,2.0,,https://www.nuroa.com.mx/adform/2440000779539771157?click_type=0&pos=8&listingId=2440000779539771157&siteStrategyKey=https%3A%2F%2Fwww.nuroa.com.mx&url=https%253A%252F%252Fwww.icasas.mx%252FaggregatorDetail%253FadId%253D019e51b8-f9c8-741b-8fe1-d878fe52206d%2526aggregator%253Dmitula%2526utm_content%253D019e51b8-f9c8-741b-8fe1-d878fe52206d_payment&searchType=2&page=3&seo_link_id=1406121804&section=1&t_sec=1&sectionType=1&pageViewId=cf8174eb-bd96-438d-b346-e903ed6cd4f2&t_pvid=cf8174eb-bd96-438d-b346-e903ed6cd4f2&userAgent=Mozilla%2F5.0+%28X11%3B+Linux+x86_64%3B+rv%3A125.0%29+Gecko%2F20100101+Firefox%2F125.0&browser=1&isHuman=true&userIp=189.226.196.225&what=departamento+cuauhtemoc&search_terms=departamento+cuauhtemoc&origin=2&t_or=2&splitTestId=0,nuroa,356.0
22900.0,departamento,Cuauhtémoc,Ciudad de México,53.0,1.0,1.0,,https://www.nuroa.com.mx/adform/7030000772886921652?click_type=0&pos=9&listingId=7030000772886921652&siteStrategyKey=https%3A%2F%2Fwww.nuroa.com.mx&url=https%253A%252F%252Fwww.icasas.mx%252FaggregatorDetail%253FadId%253D019cc490-8a8f-724e-b990-48fabf958b17%2526aggregator%253Dmitula%2526utm_content%253D019cc490-8a8f-724e-b990-48fabf958b17_payment&searchType=2&page=3&seo_link_id=1406121804&section=1&t_sec=1&sectionType=1&pageViewId=cf8174eb-bd96-438d-b346-e903ed6cd4f2&t_pvid=cf8174eb-bd96-438d-b346-e903ed6cd4f2&userAgent=Mozilla%2F5.0+%28X11%3B+Linux+x86_64%3B+rv%3A125.0%29+Gecko%2F20100101+Firefox%2F125.0&browser=1&isHuman=true&userIp=189.226.196.225&what=departamento+cuauhtemoc&search_terms=departamento+cuauhtemoc&origin=2&t_or=2&splitTestId=0,nuroa,432.07547169811323
20000.0,departamento,Cuauhtémoc,Ciudad de México,30.0,1.0,1.0,,https://www.nuroa.com.mx/adform/5430000772800852953?click_type=0&pos=10&listingId=5430000772800852953&siteStrategyKey=https%3A%2F%2Fwww.nuroa.com.mx&url=https%253A%252F%252Fwww.icasas.mx%252FaggregatorDetail%253FadId%253D0198bec9-07a6-7a5a-9d42-f5c7f8dd678c%2526aggregator%253Dmitula%2526utm_content%253D0198bec9-07a6-7a5a-9d42-f5c7f8dd678c_payment&searchType=2&page=3&seo_link_id=1406121804&section=1&t_sec=1&sectionType=1&pageViewId=cf8174eb-bd96-438d-b346-e903ed6cd4f2&t_pvid=cf8174eb-bd96-438d-b346-e903ed6cd4f2&userAgent=Mozilla%2F5.0+%28X11%3B+Linux+x86_64%3B+rv%3A125.0%29+Gecko%2F20100101+Firefox%2F125.0&browser=1&isHuman=true&userIp=189.226.196.225&what=departamento+cuauhtemoc&search_terms=departamento+cuauhtemoc&origin=2&t_or=2&splitTestId=0,nuroa,666.6666666666666
30000.0,departamento,Cuauhtémoc,Ciudad de México,108.0,2.0,1.0,,https://www.nuroa.com.mx/adform/7750000779280830252?click_type=0&pos=12&listingId=7750000779280830252&siteStrategyKey=https%3A%2F%2Fwww.nuroa.com.mx&url=https%253A%252F%252Fwww.icasas.mx%252FaggregatorDetail%253FadId%253D019eb5e9-662f-7dd5-9aeb-9dad89f3b228%2526aggregator%253Dmitula%2526utm_content%253D019eb5e9-662f-7dd5-9aeb-9dad89f3b228_payment&searchType=2&page=3&seo_link_id=1406121804&section=1&t_sec=1&sectionType=1&pageViewId=cf8174eb-bd96-438d-b346-e903ed6cd4f2&t_pvid=cf8174eb-bd96-438d-b346-e903ed6cd4f2&userAgent=Mozilla%2F5.0+%28X11%3B+Linux+x86_64%3B+rv%3A125.0%29+Gecko%2F20100101+Firefox%2F125.0&browser=1&isHuman=true&userIp=189.226.196.225&what=departamento+cuauhtemoc&search_terms=departamento+cuauhtemoc&origin=2&t_or=2&splitTestId=0,nuroa,277.77777777777777
75000.0,departamento,Cuauhtémoc,Ciudad de México,119.0,2.0,2.0,,https://www.nuroa.com.mx/adform/7170000779280607442?click_type=0&pos=14&listingId=7170000779280607442&siteStrategyKey=https%3A%2F%2Fwww.nuroa.com.mx&url=https%253A%252F%252Fwww.icasas.mx%252FaggregatorDetail%253FadId%253D019eb5ea-b18a-731f-b445-d29e0099158b%2526aggregator%253Dmitula%2526utm_content%253D019eb5ea-b18a-731f-b445-d29e0099158b_payment&searchType=2&page=3&seo_link_id=1406121804&section=1&t_sec=1&sectionType=1&pageViewId=cf8174eb-bd96-438d-b346-e903ed6cd4f2&t_pvid=cf8174eb-bd96-438d-b346-e903ed6cd4f2&userAgent=Mozilla%2F5.0+%28X11%3B+Linux+x86_64%3B+rv%3A125.0%29+Gecko%2F20100101+Firefox%2F125.0&browser=1&isHuman=true&userIp=189.226.196.225&what=departamento+cuauhtemoc&search_terms=departamento+cuauhtemoc&origin=2&t_or=2&splitTestId=0,nuroa,630.2521008403361
48000.0,departamento,Cuauhtémoc,Ciudad de México,62.0,1.0,1.0,,https://www.nuroa.com.mx/adform/3540000780166656752?click_type=0&pos=15&listingId=3540000780166656752&siteStrategyKey=https%3A%2F%2Fwww.nuroa.com.mx&url=https%253A%252F%252Fwww.icasas.mx%252FaggregatorDetail%253FadId%253D019eb5ec-b05d-7b53-9dc7-7f6d68a8879d%2526aggregator%253Dmitula%2526utm_content%253D019eb5ec-b05d-7b53-9dc7-7f6d68a8879d_payment&searchType=2&page=3&seo_link_id=1406121804&section=1&t_sec=1&sectionType=1&pageViewId=cf8174eb-bd96-438d-b346-e903ed6cd4f2&t_pvid=cf8174eb-bd96-438d-b346-e903ed6cd4f2&userAgent=Mozilla%2F5.0+%28X11%3B+Linux+x86_64%3B+rv%3A125.0%29+Gecko%2F20100101+Firefox%2F125.0&browser=1&isHuman=true&userIp=189.226.196.225&what=departamento+cuauhtemoc&search_terms=departamento+cuauhtemoc&origin=2&t_or=2&splitTestId=0,nuroa,774.1935483870968
34500.0,departamento,Cuauhtémoc,Ciudad de México,95.0,1.0,2.0,1.0,https://www.nuroa.com.mx/adform/9000000778848724706?click_type=0&pos=16&listingId=9000000778848724706&siteStrategyKey=https%3A%2F%2Fwww.nuroa.com.mx&url=https%253A%252F%252Fwww.icasas.mx%252FaggregatorDetail%253FadId%253D019e295c-242b-7947-a1cb-3aff887c84f4%2526aggregator%253Dmitula%2526utm_content%253D019e295c-242b-7947-a1cb-3aff887c84f4_payment&searchType=2&page=3&seo_link_id=1406121804&section=1&t_sec=1&sectionType=1&pageViewId=cf8174eb-bd96-438d-b346-e903ed6cd4f2&t_pvid=cf8174eb-bd96-438d-b346-e903ed6cd4f2&userAgent=Mozilla%2F5.0+%28X11%3B+Linux+x86_64%3B+rv%3A125.0%29+Gecko%2F20100101+Firefox%2F125.0&browser=1&isHuman=true&userIp=189.226.196.225&what=departamento+cuauhtemoc&search_terms=departamento+cuauhtemoc&origin=2&t_or=2&splitTestId=0,nuroa,363.1578947368421
28000.0,departamento,Cuauhtémoc,Ciudad de México,85.0,2.0,2.0,,https://www.nuroa.com.mx/adform/5440000781008939142?click_type=0&pos=17&listingId=5440000781008939142&siteStrategyKey=https%3A%2F%2Fwww.nuroa.com.mx&url=https%253A%252F%252Fwww.icasas.mx%252FaggregatorDetail%253FadId%253D019eaa9a-45b2-7cb4-91d1-8a9a6ab4bb16%2526aggregator%253Dmitula%2526utm_content%253D019eaa9a-45b2-7cb4-91d1-8a9a6ab4bb16_payment&searchType=2&page=3&seo_link_id=1406121804&section=1&t_sec=1&sectionType=1&pageViewId=cf8174eb-bd96-438d-b346-e903ed6cd4f2&t_pvid=cf8174eb-bd96-438d-b346-e903ed6cd4f2&userAgent=Mozilla%2F5.0+%28X11%3B+Linux+x86_64%3B+rv%3A125.0%29+Gecko%2F20100101+Firefox%2F125.0&browser=1&isHuman=true&userIp=189.226.196.225&what=departamento+cuauhtemoc&search_terms=departamento+cuauhtemoc&origin=2&t_or=2&splitTestId=0,nuroa,329.4117647058824
40000.0,departamento,Cuauhtémoc,Ciudad de México,104.0,2.0,2.0,,https://www.nuroa.com.mx/adform/8070000780490670990?click_type=0&pos=18&listingId=8070000780490670990&siteStrategyKey=https%3A%2F%2Fwww.nuroa.com.mx&url=https%253A%252F%252Fwww.icasas.mx%252FaggregatorDetail%253FadId%253D019e8aed-8952-791e-a69e-1f522dc01979%2526aggregator%253Dmitula%2526utm_content%253D019e8aed-8952-791e-a69e-1f522dc01979_payment&searchType=2&page=3&seo_link_id=1406121804&section=1&t_sec=1&sectionType=1&pageViewId=cf8174eb-bd96-438d-b346-e903ed6cd4f2&t_pvid=cf8174eb-bd96-438d-b346-e903ed6cd4f2&userAgent=Mozilla%2F5.0+%28X11%3B+Linux+x86_64%3B+rv%3A125.0%29+Gecko%2F20100101+Firefox%2F125.0&browser=1&isHuman=true&userIp=189.226.196.225&what=departamento+cuauhtemoc&search_terms=departamento+cuauhtemoc&origin=2&t_or=2&splitTestId=0,nuroa,384.61538461538464
17500.0,loft,Cuauhtémoc,Ciudad de México,30.0,1.0,1.0,,https://www.nuroa.com.mx/adform/6280000780511864950?click_type=0&pos=19&listingId=6280000780511864950&siteStrategyKey=https%3A%2F%2Fwww.nuroa.com.mx&url=https%253A%252F%252Fwww.icasas.mx%252FaggregatorDetail%253FadId%253D019e8d97-9655-7159-b25e-4cb76da5071c%2526aggregator%253Dmitula%2526utm_content%253D019e8d97-9655-7159-b25e-4cb76da5071c_payment&searchType=2&page=3&seo_link_id=1406121804&section=1&t_sec=1&sectionType=1&pageViewId=cf8174eb-bd96-438d-b346-e903ed6cd4f2&t_pvid=cf8174eb-bd96-438d-b346-e903ed6cd4f2&userAgent=Mozilla%2F5.0+%28X11%3B+Linux+x86_64%3B+rv%3A125.0%29+Gecko%2F20100101+Firefox%2F125.0&browser=1&isHuman=true&userIp=189.226.196.225&what=departamento+cuauhtemoc&search_terms=departamento+cuauhtemoc&origin=2&t_or=2&splitTestId=0,nuroa,583.3333333333334
30000.0,departamento,Cuauhtémoc,Ciudad de México,120.0,2.0,2.0,,https://www.nuroa.com.mx/adform/6620000779108114753?click_type=0&pos=20&listingId=6620000779108114753&siteStrategyKey=https%3A%2F%2Fwww.nuroa.com.mx&url=https%253A%252F%252Fwww.icasas.mx%252FaggregatorDetail%253FadId%253D019e3771-e151-7546-b20f-c58510884e6f%2526aggregator%253Dmitula%2526utm_content%253D019e3771-e151-7546-b20f-c58510884e6f_payment&searchType=2&page=3&seo_link_id=1406121804&section=1&t_sec=1&sectionType=1&pageViewId=cf8174eb-bd96-438d-b346-e903ed6cd4f2&t_pvid=cf8174eb-bd96-438d-b346-e903ed6cd4f2&userAgent=Mozilla%2F5.0+%28X11%3B+Linux+x86_64%3B+rv%3A125.0%29+Gecko%2F20100101+Firefox%2F125.0&browser=1&isHuman=true&userIp=189.226.196.225&what=departamento+cuauhtemoc&search_terms=departamento+cuauhtemoc&origin=2&t_or=2&splitTestId=0,nuroa,250.0
38000.0,departamento,Cuauhtémoc,Ciudad de México,108.0,3.0,2.0,,https://www.nuroa.com.mx/adform/7390000769107303936?click_type=0&pos=22&listingId=7390000769107303936&siteStrategyKey=https%3A%2F%2Fwww.nuroa.com.mx&url=https%253A%252F%252Fwww.icasas.mx%252FaggregatorDetail%253FadId%253D019be5cf-eb3b-7714-b1db-a66e5715dfb8%2526aggregator%253Dmitula%2526utm_content%253D019be5cf-eb3b-7714-b1db-a66e5715dfb8_payment&searchType=2&page=3&seo_link_id=1406121804&section=1&t_sec=1&sectionType=1&pageViewId=cf8174eb-bd96-438d-b346-e903ed6cd4f2&t_pvid=cf8174eb-bd96-438d-b346-e903ed6cd4f2&userAgent=Mozilla%2F5.0+%28X11%3B+Linux+x86_64%3B+rv%3A125.0%29+Gecko%2F20100101+Firefox%2F125.0&browser=1&isHuman=true&userIp=189.226.196.225&what=departamento+cuauhtemoc&search_terms=departamento+cuauhtemoc&origin=2&t_or=2&splitTestId=0,nuroa,351.85185185185185
30000.0,departamento,Cuauhtémoc,Ciudad de México,100.0,2.0,2.0,,https://www.nuroa.com.mx/adform/5590000777812243196?click_type=0&pos=23&listingId=5590000777812243196&siteStrategyKey=https%3A%2F%2Fwww.nuroa.com.mx&url=https%253A%252F%252Fwww.icasas.mx%252FaggregatorDetail%253FadId%253D019de96d-56bb-7464-8388-bdad313db19e%2526aggregator%253Dmitula%2526utm_content%253D019de96d-56bb-7464-8388-bdad313db19e_payment&searchType=2&page=3&seo_link_id=1406121804&section=1&t_sec=1&sectionType=1&pageViewId=cf8174eb-bd96-438d-b346-e903ed6cd4f2&t_pvid=cf8174eb-bd96-438d-b346-e903ed6cd4f2&userAgent=Mozilla%2F5.0+%28X11%3B+Linux+x86_64%3B+rv%3A125.0%29+Gecko%2F20100101+Firefox%2F125.0&browser=1&isHuman=true&userIp=189.226.196.225&what=departamento+cuauhtemoc&search_terms=departamento+cuauhtemoc&origin=2&t_or=2&splitTestId=0,nuroa,300.0
30937.0,departamento,Cuauhtémoc,Ciudad de México,42.0,,1.0,1.0,https://www.nuroa.com.mx/adform/2680000781441041923?click_type=0&pos=24&listingId=2680000781441041923&siteStrategyKey=https%3A%2F%2Fwww.nuroa.com.mx&url=https%253A%252F%252Fwww.icasas.mx%252FaggregatorDetail%253FadId%253D019e2161-9fc3-7903-b173-3ce98a6970c6%2526aggregator%253Dmitula%2526utm_content%253D019e2161-9fc3-7903-b173-3ce98a6970c6_payment&searchType=2&page=3&seo_link_id=1406121804&section=1&t_sec=1&sectionType=1&pageViewId=cf8174eb-bd96-438d-b346-e903ed6cd4f2&t_pvid=cf8174eb-bd96-438d-b346-e903ed6cd4f2&userAgent=Mozilla%2F5.0+%28X11%3B+Linux+x86_64%3B+rv%3A125.0%29+Gecko%2F20100101+Firefox%2F125.0&browser=1&isHuman=true&userIp=189.226.196.225&what=departamento+cuauhtemoc&search_terms=departamento+cuauhtemoc&origin=2&t_or=2&splitTestId=0,nuroa,736.5952380952381
51450.0,departamento,Cuauhtémoc,Ciudad de México,69.0,2.0,2.0,1.0,https://www.nuroa.com.mx/adform/8160000781440948540?click_type=0&pos=25&listingId=8160000781440948540&siteStrategyKey=https%3A%2F%2Fwww.nuroa.com.mx&url=https%253A%252F%252Fwww.icasas.mx%252FaggregatorDetail%253FadId%253D019e2161-6892-7d83-8eb2-2254a5521e96%2526aggregator%253Dmitula%2526utm_content%253D019e2161-6892-7d83-8eb2-2254a5521e96_payment&searchType=2&page=3&seo_link_id=1406121804&section=1&t_sec=1&sectionType=1&pageViewId=cf8174eb-bd96-438d-b346-e903ed6cd4f2&t_pvid=cf8174eb-bd96-438d-b346-e903ed6cd4f2&userAgent=Mozilla%2F5.0+%28X11%3B+Linux+x86_64%3B+rv%3A125.0%29+Gecko%2F20100101+Firefox%2F125.0&browser=1&isHuman=true&userIp=189.226.196.225&what=departamento+cuauhtemoc&search_terms=departamento+cuauhtemoc&origin=2&t_or=2&splitTestId=0,nuroa,745.6521739130435
15000.0,departamento,Gustavo A. Madero,Ciudad de México,28.0,1.0,1.0,,https://www.nuroa.com.mx/adform/3420000780058559089?click_type=1&pos=1&listingId=3420000780058559089&siteStrategyKey=https%3A%2F%2Fwww.nuroa.com.mx&url=https%253A%252F%252Fwww.icasas.mx%252FaggregatorDetail%253FadId%253D019e71a8-3c4e-74dd-a710-2746e68bb8bc%2526aggregator%253Dmitula%2526utm_content%253D019e71a8-3c4e-74dd-a710-2746e68bb8bc_payment&searchType=2&page=1&section=26&t_sec=26&sectionType=2&pageViewId=b1832352-186b-421d-93b6-e50bdcdfa063&t_pvid=b1832352-186b-421d-93b6-e50bdcdfa063&userAgent=Mozilla%2F5.0+%28Macintosh%3B+Intel+Mac+OS+X+10_15_7%29+AppleWebKit%2F605.1.15+%28KHTML%2C+like+Gecko%29+Version%2F17.4+Safari%2F605.1.15&browser=1&isHuman=true&userIp=189.226.196.225&what=departamento+gustavo+a+madero&search_terms=departamento+gustavo+a+madero&origin=2&t_or=2&splitTestId=0,nuroa,535.7142857142857
13000.0,departamento,Gustavo A. Madero,Ciudad de México,65.0,2.0,2.0,1.0,https://www.nuroa.com.mx/adform/3650000779885849448?click_type=0&pos=1&listingId=3650000779885849448&siteStrategyKey=https%3A%2F%2Fwww.nuroa.com.mx&url=https%253A%252F%252Fwww.icasas.mx%252FaggregatorDetail%253FadId%253D019e65c5-0773-7b08-9876-cb47d0975391%2526aggregator%253Dmitula%2526utm_content%253D019e65c5-0773-7b08-9876-cb47d0975391_payment&searchType=2&page=1&section=1&t_sec=1&sectionType=1&pageViewId=b1832352-186b-421d-93b6-e50bdcdfa063&t_pvid=b1832352-186b-421d-93b6-e50bdcdfa063&userAgent=Mozilla%2F5.0+%28Macintosh%3B+Intel+Mac+OS+X+10_15_7%29+AppleWebKit%2F605.1.15+%28KHTML%2C+like+Gecko%29+Version%2F17.4+Safari%2F605.1.15&browser=1&isHuman=true&userIp=189.226.196.225&what=departamento+gustavo+a+madero&search_terms=departamento+gustavo+a+madero&origin=2&t_or=2&splitTestId=0,nuroa,200.0
19000.0,departamento,Gustavo A. Madero,Ciudad de México,60.0,2.0,2.0,,https://www.nuroa.com.mx/adform/1400000779302576138?click_type=0&pos=2&listingId=1400000779302576138&siteStrategyKey=https%3A%2F%2Fwww.nuroa.com.mx&url=https%253A%252F%252Fwww.icasas.mx%252FaggregatorDetail%253FadId%253D019e4610-3a97-7afb-b369-bd1815a863b7%2526aggregator%253Dmitula%2526utm_content%253D019e4610-3a97-7afb-b369-bd1815a863b7_payment&searchType=2&page=1&section=1&t_sec=1&sectionType=1&pageViewId=b1832352-186b-421d-93b6-e50bdcdfa063&t_pvid=b1832352-186b-421d-93b6-e50bdcdfa063&userAgent=Mozilla%2F5.0+%28Macintosh%3B+Intel+Mac+OS+X+10_15_7%29+AppleWebKit%2F605.1.15+%28KHTML%2C+like+Gecko%29+Version%2F17.4+Safari%2F605.1.15&browser=1&isHuman=true&userIp=189.226.196.225&what=departamento+gustavo+a+madero&search_terms=departamento+gustavo+a+madero&origin=2&t_or=2&splitTestId=0,nuroa,316.6666666666667
5000.0,departamento,Gustavo A. Madero,Ciudad de México,50.0,1.0,1.0,,https://www.nuroa.com.mx/adform/8250000778762391518?click_type=0&pos=3&listingId=8250000778762391518&siteStrategyKey=https%3A%2F%2Fwww.nuroa.com.mx&url=https%253A%252F%252Fwww.icasas.mx%252FaggregatorDetail%253FadId%253D0192d3ad-82e2-7998-bf19-f361c371d33d%2526aggregator%253Dmitula%2526utm_content%253D0192d3ad-82e2-7998-bf19-f361c371d33d_payment&searchType=2&page=1&section=1&t_sec=1&sectionType=1&pageViewId=b1832352-186b-421d-93b6-e50bdcdfa063&t_pvid=b1832352-186b-421d-93b6-e50bdcdfa063&userAgent=Mozilla%2F5.0+%28Macintosh%3B+Intel+Mac+OS+X+10_15_7%29+AppleWebKit%2F605.1.15+%28KHTML%2C+like+Gecko%29+Version%2F17.4+Safari%2F605.1.15&browser=1&isHuman=true&userIp=189.226.196.225&what=departamento+gustavo+a+madero&search_terms=departamento+gustavo+a+madero&origin=2&t_or=2&splitTestId=0,nuroa,100.0
6900.0,departamento,Gustavo A. Madero,Ciudad de México,5.0,1.0,1.0,,https://www.nuroa.com.mx/adform/1270000777638984817?click_type=0&pos=4&listingId=1270000777638984817&siteStrategyKey=https%3A%2F%2Fwww.nuroa.com.mx&url=https%253A%252F%252Fwww.icasas.mx%252FaggregatorDetail%253FadId%253D019de017-0946-734b-bdc2-ad01d0e3f0cd%2526aggregator%253Dmitula%2526utm_content%253D019de017-0946-734b-bdc2-ad01d0e3f0cd_payment&searchType=2&page=1&section=1&t_sec=1&sectionType=1&pageViewId=b1832352-186b-421d-93b6-e50bdcdfa063&t_pvid=b1832352-186b-421d-93b6-e50bdcdfa063&userAgent=Mozilla%2F5.0+%28Macintosh%3B+Intel+Mac+OS+X+10_15_7%29+AppleWebKit%2F605.1.15+%28KHTML%2C+like+Gecko%29+Version%2F17.4+Safari%2F605.1.15&browser=1&isHuman=true&userIp=189.226.196.225&what=departamento+gustavo+a+madero&search_terms=departamento+gustavo+a+madero&origin=2&t_or=2&splitTestId=0,nuroa,1380.0
15000.0,departamento,Gustavo A. Madero,Ciudad de México,65.0,2.0,2.0,,https://www.nuroa.com.mx/adform/4800000780490328343?click_type=0&pos=5&listingId=4800000780490328343&siteStrategyKey=https%3A%2F%2Fwww.nuroa.com.mx&url=https%253A%252F%252Fwww.icasas.mx%252FaggregatorDetail%253FadId%253D019e8bc4-168d-7e96-85a4-2a0fa9498abf%2526aggregator%253Dmitula%2526utm_content%253D019e8bc4-168d-7e96-85a4-2a0fa9498abf_payment&searchType=2&page=1&section=1&t_sec=1&sectionType=1&pageViewId=b1832352-186b-421d-93b6-e50bdcdfa063&t_pvid=b1832352-186b-421d-93b6-e50bdcdfa063&userAgent=Mozilla%2F5.0+%28Macintosh%3B+Intel+Mac+OS+X+10_15_7%29+AppleWebKit%2F605.1.15+%28KHTML%2C+like+Gecko%29+Version%2F17.4+Safari%2F605.1.15&browser=1&isHuman=true&userIp=189.226.196.225&what=departamento+gustavo+a+madero&search_terms=departamento+gustavo+a+madero&origin=2&t_or=2&splitTestId=0,nuroa,230.76923076923077
14000.0,departamento,Gustavo A. Madero,Ciudad de México,61.0,2.0,2.0,1.0,https://www.nuroa.com.mx/adform/7050000781116945801?click_type=0&pos=6&listingId=7050000781116945801&siteStrategyKey=https%3A%2F%2Fwww.nuroa.com.mx&url=https%253A%252F%252Fwww.icasas.mx%252FaggregatorDetail%253FadId%253D019eb227-84a9-73fd-b8fe-4c84955e48d6%2526aggregator%253Dmitula%2526utm_content%253D019eb227-84a9-73fd-b8fe-4c84955e48d6_payment&searchType=2&page=1&section=1&t_sec=1&sectionType=1&pageViewId=b1832352-186b-421d-93b6-e50bdcdfa063&t_pvid=b1832352-186b-421d-93b6-e50bdcdfa063&userAgent=Mozilla%2F5.0+%28Macintosh%3B+Intel+Mac+OS+X+10_15_7%29+AppleWebKit%2F605.1.15+%28KHTML%2C+like+Gecko%29+Version%2F17.4+Safari%2F605.1.15&browser=1&isHuman=true&userIp=189.226.196.225&what=departamento+gustavo+a+madero&search_terms=departamento+gustavo+a+madero&origin=2&t_or=2&splitTestId=0,nuroa,229.50819672131146
40500.0,departamento,Gustavo A. Madero,Ciudad de México,180.0,3.0,3.0,,https://www.nuroa.com.mx/adform/5820000779280740626?click_type=0&pos=7&listingId=5820000779280740626&siteStrategyKey=https%3A%2F%2Fwww.nuroa.com.mx&url=https%253A%252F%252Fwww.icasas.mx%252FaggregatorDetail%253FadId%253D019eb5e3-7475-713b-a06a-c8f3b7afc5da%2526aggregator%253Dmitula%2526utm_content%253D019eb5e3-7475-713b-a06a-c8f3b7afc5da_payment&searchType=2&page=1&section=1&t_sec=1&sectionType=1&pageViewId=b1832352-186b-421d-93b6-e50bdcdfa063&t_pvid=b1832352-186b-421d-93b6-e50bdcdfa063&userAgent=Mozilla%2F5.0+%28Macintosh%3B+Intel+Mac+OS+X+10_15_7%29+AppleWebKit%2F605.1.15+%28KHTML%2C+like+Gecko%29+Version%2F17.4+Safari%2F605.1.15&browser=1&isHuman=true&userIp=189.226.196.225&what=departamento+gustavo+a+madero&search_terms=departamento+gustavo+a+madero&origin=2&t_or=2&splitTestId=0,nuroa,225.0
15000.0,departamento,Gustavo A. Madero,Ciudad de México,90.0,2.0,1.0,1.0,https://www.nuroa.com.mx/adform/6380000781008893538?click_type=0&pos=8&listingId=6380000781008893538&siteStrategyKey=https%3A%2F%2Fwww.nuroa.com.mx&url=https%253A%252F%252Fwww.icasas.mx%252FaggregatorDetail%253FadId%253D019eaa25-7b64-70e5-9c1b-dfe76b8be5bd%2526aggregator%253Dmitula%2526utm_content%253D019eaa25-7b64-70e5-9c1b-dfe76b8be5bd_payment&searchType=2&page=1&section=1&t_sec=1&sectionType=1&pageViewId=b1832352-186b-421d-93b6-e50bdcdfa063&t_pvid=b1832352-186b-421d-93b6-e50bdcdfa063&userAgent=Mozilla%2F5.0+%28Macintosh%3B+Intel+Mac+OS+X+10_15_7%29+AppleWebKit%2F605.1.15+%28KHTML%2C+like+Gecko%29+Version%2F17.4+Safari%2F605.1.15&browser=1&isHuman=true&userIp=189.226.196.225&what=departamento+gustavo+a+madero&search_terms=departamento+gustavo+a+madero&origin=2&t_or=2&splitTestId=0,nuroa,166.66666666666666
6500.0,departamento,Gustavo A. Madero,Ciudad de México,50.0,1.0,1.0,,https://www.nuroa.com.mx/adform/8680001779971973169?click_type=0&pos=9&listingId=8680001779971973169&siteStrategyKey=https%3A%2F%2Fwww.nuroa.com.mx&url=https%253A%252F%252Fwww.icasas.mx%252FaggregatorDetail%253FadId%253D019e6c25-eb4c-70b2-abee-32839dbf95d0%2526aggregator%253Dmitula%2526utm_content%253D019e6c25-eb4c-70b2-abee-32839dbf95d0_payment&searchType=2&page=1&section=1&t_sec=1&sectionType=1&pageViewId=b1832352-186b-421d-93b6-e50bdcdfa063&t_pvid=b1832352-186b-421d-93b6-e50bdcdfa063&userAgent=Mozilla%2F5.0+%28Macintosh%3B+Intel+Mac+OS+X+10_15_7%29+AppleWebKit%2F605.1.15+%28KHTML%2C+like+Gecko%29+Version%2F17.4+Safari%2F605.1.15&browser=1&isHuman=true&userIp=189.226.196.225&what=departamento+gustavo+a+madero&search_terms=departamento+gustavo+a+madero&origin=2&t_or=2&splitTestId=0,nuroa,130.0
12000.0,departamento,Gustavo A. Madero,Ciudad de México,60.0,2.0,1.0,1.0,https://www.nuroa.com.mx/adform/1580000780403721481?click_type=0&pos=10&listingId=1580000780403721481&siteStrategyKey=https%3A%2F%2Fwww.nuroa.com.mx&url=https%253A%252F%252Fwww.icasas.mx%252FaggregatorDetail%253FadId%253D019e86a7-fa6c-76cc-b2dd-44c953af42e5%2526aggregator%253Dmitula%2526utm_content%253D019e86a7-fa6c-76cc-b2dd-44c953af42e5_payment&searchType=2&page=1&section=1&t_sec=1&sectionType=1&pageViewId=b1832352-186b-421d-93b6-e50bdcdfa063&t_pvid=b1832352-186b-421d-93b6-e50bdcdfa063&userAgent=Mozilla%2F5.0+%28Macintosh%3B+Intel+Mac+OS+X+10_15_7%29+AppleWebKit%2F605.1.15+%28KHTML%2C+like+Gecko%29+Version%2F17.4+Safari%2F605.1.15&browser=1&isHuman=true&userIp=189.226.196.225&what=departamento+gustavo+a+madero&search_terms=departamento+gustavo+a+madero&origin=2&t_or=2&splitTestId=0,nuroa,200.0
13500.0,departamento,Gustavo A. Madero,Ciudad de México,119.0,2.0,1.0,1.0,https://www.nuroa.com.mx/adform/2150000781440529945?click_type=0&pos=11&listingId=2150000781440529945&siteStrategyKey=https%3A%2F%2Fwww.nuroa.com.mx&url=https%253A%252F%252Fwww.icasas.mx%252FaggregatorDetail%253FadId%253D019ec40e-03fd-77ff-8012-9eed982ea448%2526aggregator%253Dmitula%2526utm_content%253D019ec40e-03fd-77ff-8012-9eed982ea448_payment&searchType=2&page=1&section=1&t_sec=1&sectionType=1&pageViewId=b1832352-186b-421d-93b6-e50bdcdfa063&t_pvid=b1832352-186b-421d-93b6-e50bdcdfa063&userAgent=Mozilla%2F5.0+%28Macintosh%3B+Intel+Mac+OS+X+10_15_7%29+AppleWebKit%2F605.1.15+%28KHTML%2C+like+Gecko%29+Version%2F17.4+Safari%2F605.1.15&browser=1&isHuman=true&userIp=189.226.196.225&what=departamento+gustavo+a+madero&search_terms=departamento+gustavo+a+madero&origin=2&t_or=2&splitTestId=0,nuroa,113.4453781512605
12400.0,departamento,Gustavo A. Madero,Ciudad de México,100.0,3.0,1.0,,https://www.nuroa.com.mx/adform/4170000772973746437?click_type=0&pos=12&listingId=4170000772973746437&siteStrategyKey=https%3A%2F%2Fwww.nuroa.com.mx&url=https%253A%252F%252Fwww.icasas.mx%252FaggregatorDetail%253FadId%253D019ccb5e-b4f9-78f4-9ade-98ebdcfd5a59%2526aggregator%253Dmitula%2526utm_content%253D019ccb5e-b4f9-78f4-9ade-98ebdcfd5a59_payment&searchType=2&page=1&section=1&t_sec=1&sectionType=1&pageViewId=b1832352-186b-421d-93b6-e50bdcdfa063&t_pvid=b1832352-186b-421d-93b6-e50bdcdfa063&userAgent=Mozilla%2F5.0+%28Macintosh%3B+Intel+Mac+OS+X+10_15_7%29+AppleWebKit%2F605.1.15+%28KHTML%2C+like+Gecko%29+Version%2F17.4+Safari%2F605.1.15&browser=1&isHuman=true&userIp=189.226.196.225&what=departamento+gustavo+a+madero&search_terms=departamento+gustavo+a+madero&origin=2&t_or=2&splitTestId=0,nuroa,124.0
22000.0,departamento,Gustavo A. Madero,Ciudad de México,60.0,2.0,2.0,1.0,https://www.nuroa.com.mx/adform/3720000781094906242?click_type=0&pos=13&listingId=3720000781094906242&siteStrategyKey=https%3A%2F%2Fwww.nuroa.com.mx&url=https%253A%252F%252Fwww.icasas.mx%252FaggregatorDetail%253FadId%253D019eaf74-7796-7271-93ff-3a6962f5eec6%2526aggregator%253Dmitula%2526utm_content%253D019eaf74-7796-7271-93ff-3a6962f5eec6_payment&searchType=2&page=1&section=1&t_sec=1&sectionType=1&pageViewId=b1832352-186b-421d-93b6-e50bdcdfa063&t_pvid=b1832352-186b-421d-93b6-e50bdcdfa063&userAgent=Mozilla%2F5.0+%28Macintosh%3B+Intel+Mac+OS+X+10_15_7%29+AppleWebKit%2F605.1.15+%28KHTML%2C+like+Gecko%29+Version%2F17.4+Safari%2F605.1.15&browser=1&isHuman=true&userIp=189.226.196.225&what=departamento+gustavo+a+madero&search_terms=departamento+gustavo+a+madero&origin=2&t_or=2&splitTestId=0,nuroa,366.6666666666667
12500.0,departamento,Gustavo A. Madero,Ciudad de México,24.0,1.0,1.0,,https://www.nuroa.com.mx/adform/3760000780058228248?click_type=0&pos=14&listingId=3760000780058228248&siteStrategyKey=https%3A%2F%2Fwww.nuroa.com.mx&url=https%253A%252F%252Fwww.icasas.mx%252FaggregatorDetail%253FadId%253D019e71a8-4334-798c-a21b-54ee44b375df%2526aggregator%253Dmitula%2526utm_content%253D019e71a8-4334-798c-a21b-54ee44b375df_payment&searchType=2&page=1&section=1&t_sec=1&sectionType=1&pageViewId=b1832352-186b-421d-93b6-e50bdcdfa063&t_pvid=b1832352-186b-421d-93b6-e50bdcdfa063&userAgent=Mozilla%2F5.0+%28Macintosh%3B+Intel+Mac+OS+X+10_15_7%29+AppleWebKit%2F605.1.15+%28KHTML%2C+like+Gecko%29+Version%2F17.4+Safari%2F605.1.15&browser=1&isHuman=true&userIp=189.226.196.225&what=departamento+gustavo+a+madero&search_terms=departamento+gustavo+a+madero&origin=2&t_or=2&splitTestId=0,nuroa,520.8333333333334
8500.0,departamento,Gustavo A. Madero,Ciudad de México,62.0,2.0,1.0,,https://www.nuroa.com.mx/adform/2560000779907209261?click_type=0&pos=15&listingId=2560000779907209261&siteStrategyKey=https%3A%2F%2Fwww.nuroa.com.mx&url=https%253A%252F%252Fwww.icasas.mx%252FaggregatorDetail%253FadId%253D8085bc91-301c-486f-b1f0-7059c86955f6%2526aggregator%253Dmitula%2526utm_content%253D8085bc91-301c-486f-b1f0-7059c86955f6_payment&searchType=2&page=1&section=1&t_sec=1&sectionType=1&pageViewId=b1832352-186b-421d-93b6-e50bdcdfa063&t_pvid=b1832352-186b-421d-93b6-e50bdcdfa063&userAgent=Mozilla%2F5.0+%28Macintosh%3B+Intel+Mac+OS+X+10_15_7%29+AppleWebKit%2F605.1.15+%28KHTML%2C+like+Gecko%29+Version%2F17.4+Safari%2F605.1.15&browser=1&isHuman=true&userIp=189.226.196.225&what=departamento+gustavo+a+madero&search_terms=departamento+gustavo+a+madero&origin=2&t_or=2&splitTestId=0,nuroa,137.09677419354838
15000.0,departamento,Gustavo A. Madero,Ciudad de México,84.0,2.0,1.0,1.0,https://www.nuroa.com.mx/adform/7210000778071086153?click_type=0&pos=16&listingId=7210000778071086153&siteStrategyKey=https%3A%2F%2Fwww.nuroa.com.mx&url=https%253A%252F%252Fwww.icasas.mx%252FaggregatorDetail%253FadId%253D019dfb36-0b4b-71f0-bb89-b80cf6029836%2526aggregator%253Dmitula%2526utm_content%253D019dfb36-0b4b-71f0-bb89-b80cf6029836_payment&searchType=2&page=1&section=1&t_sec=1&sectionType=1&pageViewId=b1832352-186b-421d-93b6-e50bdcdfa063&t_pvid=b1832352-186b-421d-93b6-e50bdcdfa063&userAgent=Mozilla%2F5.0+%28Macintosh%3B+Intel+Mac+OS+X+10_15_7%29+AppleWebKit%2F605.1.15+%28KHTML%2C+like+Gecko%29+Version%2F17.4+Safari%2F605.1.15&browser=1&isHuman=true&userIp=189.226.196.225&what=departamento+gustavo+a+madero&search_terms=departamento+gustavo+a+madero&origin=2&t_or=2&splitTestId=0,nuroa,178.57142857142858
15900.0,departamento,Gustavo A. Madero,Ciudad de México,70.0,2.0,1.0,1.0,https://www.nuroa.com.mx/adform/4120000780944120243?click_type=0&pos=17&listingId=4120000780944120243&siteStrategyKey=https%3A%2F%2Fwww.nuroa.com.mx&url=https%253A%252F%252Fwww.icasas.mx%252FaggregatorDetail%253FadId%253D019ea73f-509c-76af-909d-96579a349528%2526aggregator%253Dmitula%2526utm_content%253D019ea73f-509c-76af-909d-96579a349528_payment&searchType=2&page=1&section=1&t_sec=1&sectionType=1&pageViewId=b1832352-186b-421d-93b6-e50bdcdfa063&t_pvid=b1832352-186b-421d-93b6-e50bdcdfa063&userAgent=Mozilla%2F5.0+%28Macintosh%3B+Intel+Mac+OS+X+10_15_7%29+AppleWebKit%2F605.1.15+%28KHTML%2C+like+Gecko%29+Version%2F17.4+Safari%2F605.1.15&browser=1&isHuman=true&userIp=189.226.196.225&what=departamento+gustavo+a+madero&search_terms=departamento+gustavo+a+madero&origin=2&t_or=2&splitTestId=0,nuroa,227.14285714285714
11500.0,departamento,Gustavo A. Madero,Ciudad de México,70.0,2.0,1.0,,https://www.nuroa.com.mx/adform/7900000779539909255?click_type=0&pos=18&listingId=7900000779539909255&siteStrategyKey=https%3A%2F%2Fwww.nuroa.com.mx&url=https%253A%252F%252Fwww.icasas.mx%252FaggregatorDetail%253FadId%253D019e53b9-5f0e-7272-ac23-78e97b280a87%2526aggregator%253Dmitula%2526utm_content%253D019e53b9-5f0e-7272-ac23-78e97b280a87_payment&searchType=2&page=1&section=1&t_sec=1&sectionType=1&pageViewId=b1832352-186b-421d-93b6-e50bdcdfa063&t_pvid=b1832352-186b-421d-93b6-e50bdcdfa063&userAgent=Mozilla%2F5.0+%28Macintosh%3B+Intel+Mac+OS+X+10_15_7%29+AppleWebKit%2F605.1.15+%28KHTML%2C+like+Gecko%29+Version%2F17.4+Safari%2F605.1.15&browser=1&isHuman=true&userIp=189.226.196.225&what=departamento+gustavo+a+madero&search_terms=departamento+gustavo+a+madero&origin=2&t_or=2&splitTestId=0,nuroa,164.28571428571428
16500.0,departamento,Gustavo A. Madero,Ciudad de México,70.0,2.0,,,https://www.nuroa.com.mx/adform/3980000779540046028?click_type=0&pos=19&listingId=3980000779540046028&siteStrategyKey=https%3A%2F%2Fwww.nuroa.com.mx&url=https%253A%252F%252Fwww.icasas.mx%252FaggregatorDetail%253FadId%253D019e53ba-05cf-74e3-92e5-dccb4f8baee3%2526aggregator%253Dmitula%2526utm_content%253D019e53ba-05cf-74e3-92e5-dccb4f8baee3_payment&searchType=2&page=1&section=1&t_sec=1&sectionType=1&pageViewId=b1832352-186b-421d-93b6-e50bdcdfa063&t_pvid=b1832352-186b-421d-93b6-e50bdcdfa063&userAgent=Mozilla%2F5.0+%28Macintosh%3B+Intel+Mac+OS+X+10_15_7%29+AppleWebKit%2F605.1.15+%28KHTML%2C+like+Gecko%29+Version%2F17.4+Safari%2F605.1.15&browser=1&isHuman=true&userIp=189.226.196.225&what=departamento+gustavo+a+madero&search_terms=departamento+gustavo+a+madero&origin=2&t_or=2&splitTestId=0,nuroa,235.71428571428572
16000.0,departamento,Gustavo A. Madero,Ciudad de México,30.0,1.0,1.0,,https://www.nuroa.com.mx/adform/3250000775932553256?click_type=0&pos=20&listingId=3250000775932553256&siteStrategyKey=https%3A%2F%2Fwww.nuroa.com.mx&url=https%253A%252F%252Fwww.icasas.mx%252FaggregatorDetail%253FadId%253D019d7a63-5b21-79aa-844d-38d84a708f85%2526aggregator%253Dmitula%2526utm_content%253D019d7a63-5b21-79aa-844d-38d84a708f85_payment&searchType=2&page=1&section=1&t_sec=1&sectionType=1&pageViewId=b1832352-186b-421d-93b6-e50bdcdfa063&t_pvid=b1832352-186b-421d-93b6-e50bdcdfa063&userAgent=Mozilla%2F5.0+%28Macintosh%3B+Intel+Mac+OS+X+10_15_7%29+AppleWebKit%2F605.1.15+%28KHTML%2C+like+Gecko%29+Version%2F17.4+Safari%2F605.1.15&browser=1&isHuman=true&userIp=189.226.196.225&what=departamento+gustavo+a+madero&search_terms=departamento+gustavo+a+madero&origin=2&t_or=2&splitTestId=0,nuroa,533.3333333333334
26000.0,departamento,Gustavo A. Madero,Ciudad de México,170.0,2.0,1.0,1.0,https://www.nuroa.com.mx/adform/3470000771159043703?click_type=0&pos=21&listingId=3470000771159043703&siteStrategyKey=https%3A%2F%2Fwww.nuroa.com.mx&url=https%253A%252F%252Fwww.icasas.mx%252FaggregatorDetail%253FadId%253D019c5f39-6589-7b0f-89c9-56341f1ee307%2526aggregator%253Dmitula%2526utm_content%253D019c5f39-6589-7b0f-89c9-56341f1ee307_payment&searchType=2&page=1&section=1&t_sec=1&sectionType=1&pageViewId=b1832352-186b-421d-93b6-e50bdcdfa063&t_pvid=b1832352-186b-421d-93b6-e50bdcdfa063&userAgent=Mozilla%2F5.0+%28Macintosh%3B+Intel+Mac+OS+X+10_15_7%29+AppleWebKit%2F605.1.15+%28KHTML%2C+like+Gecko%29+Version%2F17.4+Safari%2F605.1.15&browser=1&isHuman=true&userIp=189.226.196.225&what=departamento+gustavo+a+madero&search_terms=departamento+gustavo+a+madero&origin=2&t_or=2&splitTestId=0,nuroa,152.94117647058823
23000.0,departamento,Gustavo A. Madero,Ciudad de México,52.0,2.0,2.0,,https://www.nuroa.com.mx/adform/6710000774895975989?click_type=0&pos=22&listingId=6710000774895975989&siteStrategyKey=https%3A%2F%2Fwww.nuroa.com.mx&url=https%253A%252F%252Fwww.icasas.mx%252FaggregatorDetail%253FadId%253D0193c670-4b4d-711e-9387-a1fa7b1c6390%2526aggregator%253Dmitula%2526utm_content%253D0193c670-4b4d-711e-9387-a1fa7b1c6390_payment&searchType=2&page=1&section=1&t_sec=1&sectionType=1&pageViewId=b1832352-186b-421d-93b6-e50bdcdfa063&t_pvid=b1832352-186b-421d-93b6-e50bdcdfa063&userAgent=Mozilla%2F5.0+%28Macintosh%3B+Intel+Mac+OS+X+10_15_7%29+AppleWebKit%2F605.1.15+%28KHTML%2C+like+Gecko%29+Version%2F17.4+Safari%2F605.1.15&browser=1&isHuman=true&userIp=189.226.196.225&what=departamento+gustavo+a+madero&search_terms=departamento+gustavo+a+madero&origin=2&t_or=2&splitTestId=0,nuroa,442.3076923076923
5600.0,departamento,Gustavo A. Madero,Ciudad de México,35.0,1.0,1.0,,https://www.nuroa.com.mx/adform/4130000760445741096?click_type=0&pos=23&listingId=4130000760445741096&siteStrategyKey=https%3A%2F%2Fwww.nuroa.com.mx&url=https%253A%252F%252Fwww.icasas.mx%252FaggregatorDetail%253FadId%253D247cc2c6-3182-4b68-b3d7-17b0acdb5225%2526aggregator%253Dmitula%2526utm_content%253D247cc2c6-3182-4b68-b3d7-17b0acdb5225_payment&searchType=2&page=1&section=1&t_sec=1&sectionType=1&pageViewId=b1832352-186b-421d-93b6-e50bdcdfa063&t_pvid=b1832352-186b-421d-93b6-e50bdcdfa063&userAgent=Mozilla%2F5.0+%28Macintosh%3B+Intel+Mac+OS+X+10_15_7%29+AppleWebKit%2F605.1.15+%28KHTML%2C+like+Gecko%29+Version%2F17.4+Safari%2F605.1.15&browser=1&isHuman=true&userIp=189.226.196.225&what=departamento+gustavo+a+madero&search_terms=departamento+gustavo+a+madero&origin=2&t_or=2&splitTestId=0,nuroa,160.0
11000.0,departamento,Gustavo A. Madero,Ciudad de México,60.0,2.0,1.0,,https://www.nuroa.com.mx/adform/4220002780749640503?click_type=0&pos=24&listingId=4220002780749640503&siteStrategyKey=https%3A%2F%2Fwww.nuroa.com.mx&url=https%253A%252F%252Fwww.icasas.mx%252FaggregatorDetail%253FadId%253D019e99ee-b62d-7289-8f2b-a03ebcadd9ec%2526aggregator%253Dmitula%2526utm_content%253D019e99ee-b62d-7289-8f2b-a03ebcadd9ec_payment&searchType=2&page=1&section=1&t_sec=1&sectionType=1&pageViewId=b1832352-186b-421d-93b6-e50bdcdfa063&t_pvid=b1832352-186b-421d-93b6-e50bdcdfa063&userAgent=Mozilla%2F5.0+%28Macintosh%3B+Intel+Mac+OS+X+10_15_7%29+AppleWebKit%2F605.1.15+%28KHTML%2C+like+Gecko%29+Version%2F17.4+Safari%2F605.1.15&browser=1&isHuman=true&userIp=189.226.196.225&what=departamento+gustavo+a+madero&search_terms=departamento+gustavo+a+madero&origin=2&t_or=2&splitTestId=0,nuroa,183.33333333333334
15000.0,oficina,Gustavo A. Madero,Ciudad de México,110.0,3.0,1.0,,https://www.nuroa.com.mx/adform/1570000779388530343?click_type=0&pos=25&listingId=1570000779388530343&siteStrategyKey=https%3A%2F%2Fwww.nuroa.com.mx&url=https%253A%252F%252Fwww.icasas.mx%252FaggregatorDetail%253FadId%253D019e4a95-27c2-78b3-8325-4349b6446946%2526aggregator%253Dmitula%2526utm_content%253D019e4a95-27c2-78b3-8325-4349b6446946_payment&searchType=2&page=1&section=1&t_sec=1&sectionType=1&pageViewId=b1832352-186b-421d-93b6-e50bdcdfa063&t_pvid=b1832352-186b-421d-93b6-e50bdcdfa063&userAgent=Mozilla%2F5.0+%28Macintosh%3B+Intel+Mac+OS+X+10_15_7%29+AppleWebKit%2F605.1.15+%28KHTML%2C+like+Gecko%29+Version%2F17.4+Safari%2F605.1.15&browser=1&isHuman=true&userIp=189.226.196.225&what=departamento+gustavo+a+madero&search_terms=departamento+gustavo+a+madero&origin=2&t_or=2&splitTestId=0,nuroa,136.36363636363637
18000.0,departamento,Gustavo A. Madero,Ciudad de México,70.0,1.0,1.0,,https://www.nuroa.com.mx/adform/1130000780339372472?click_type=1&pos=3&listingId=1130000780339372472&siteStrategyKey=https%3A%2F%2Fwww.nuroa.com.mx&url=https%253A%252F%252Fwww.icasas.mx%252FaggregatorDetail%253FadId%253D019d2113-19fb-7229-9d6c-a36a9d41d218%2526aggregator%253Dmitula%2526utm_content%253D019d2113-19fb-7229-9d6c-a36a9d41d218_payment&searchType=2&page=1&section=27&t_sec=27&sectionType=2&pageViewId=b1832352-186b-421d-93b6-e50bdcdfa063&t_pvid=b1832352-186b-421d-93b6-e50bdcdfa063&userAgent=Mozilla%2F5.0+%28Macintosh%3B+Intel+Mac+OS+X+10_15_7%29+AppleWebKit%2F605.1.15+%28KHTML%2C+like+Gecko%29+Version%2F17.4+Safari%2F605.1.15&browser=1&isHuman=true&userIp=189.226.196.225&what=departamento+gustavo+a+madero&search_terms=departamento+gustavo+a+madero&origin=2&t_or=2&splitTestId=0,nuroa,257.14285714285717
17500.0,departamento,Gustavo A. Madero,Ciudad de México,98.0,2.0,2.0,1.0,https://www.nuroa.com.mx/adform/1150000772368727284?click_type=1&pos=4&listingId=1150000772368727284&siteStrategyKey=https%3A%2F%2Fwww.nuroa.com.mx&url=https%253A%252F%252Fwww.icasas.mx%252FaggregatorDetail%253FadId%253D0194b49d-f230-7664-9cd6-15d3d77855de%2526aggregator%253Dmitula%2526utm_content%253D0194b49d-f230-7664-9cd6-15d3d77855de_payment&searchType=2&page=1&section=27&t_sec=27&sectionType=2&pageViewId=b1832352-186b-421d-93b6-e50bdcdfa063&t_pvid=b1832352-186b-421d-93b6-e50bdcdfa063&userAgent=Mozilla%2F5.0+%28Macintosh%3B+Intel+Mac+OS+X+10_15_7%29+AppleWebKit%2F605.1.15+%28KHTML%2C+like+Gecko%29+Version%2F17.4+Safari%2F605.1.15&browser=1&isHuman=true&userIp=189.226.196.225&what=departamento+gustavo+a+madero&search_terms=departamento+gustavo+a+madero&origin=2&t_or=2&splitTestId=0,nuroa,178.57142857142858
6900.0,departamento,Gustavo A. Madero,Ciudad de México,60.0,2.0,1.0,1.0,https://www.nuroa.com.mx/adform/8070000778071193053?click_type=0&pos=1&listingId=8070000778071193053&siteStrategyKey=https%3A%2F%2Fwww.nuroa.com.mx&url=https%253A%252F%252Fwww.icasas.mx%252FaggregatorDetail%253FadId%253D019dfae7-0053-729d-aab7-aa033f7ca120%2526aggregator%253Dmitula%2526utm_content%253D019dfae7-0053-729d-aab7-aa033f7ca120_payment&searchType=2&page=2&section=1&t_sec=1&sectionType=1&pageViewId=3ddfbefb-2bb3-4d09-88e1-84e9f75cfe19&t_pvid=3ddfbefb-2bb3-4d09-88e1-84e9f75cfe19&userAgent=Mozilla%2F5.0+%28Windows+NT+10.0%3B+Win64%3B+x64%3B+rv%3A125.0%29+Gecko%2F20100101+Firefox%2F125.0&browser=1&isHuman=true&userIp=189.226.196.225&what=departamento+gustavo+a+madero&search_terms=departamento+gustavo+a+madero&origin=2&t_or=2&splitTestId=0,nuroa,115.0
5800.0,departamento,Gustavo A. Madero,Ciudad de México,40.0,1.0,1.0,,https://www.nuroa.com.mx/adform/3920000778071014939?click_type=0&pos=2&listingId=3920000778071014939&siteStrategyKey=https%3A%2F%2Fwww.nuroa.com.mx&url=https%253A%252F%252Fwww.icasas.mx%252FaggregatorDetail%253FadId%253D019dfaf6-b81e-759f-bbe9-c0a7eecc2cca%2526aggregator%253Dmitula%2526utm_content%253D019dfaf6-b81e-759f-bbe9-c0a7eecc2cca_payment&searchType=2&page=2&section=1&t_sec=1&sectionType=1&pageViewId=3ddfbefb-2bb3-4d09-88e1-84e9f75cfe19&t_pvid=3ddfbefb-2bb3-4d09-88e1-84e9f75cfe19&userAgent=Mozilla%2F5.0+%28Windows+NT+10.0%3B+Win64%3B+x64%3B+rv%3A125.0%29+Gecko%2F20100101+Firefox%2F125.0&browser=1&isHuman=true&userIp=189.226.196.225&what=departamento+gustavo+a+madero&search_terms=departamento+gustavo+a+madero&origin=2&t_or=2&splitTestId=0,nuroa,145.0
14000.0,departamento,Gustavo A. Madero,Ciudad de México,41.0,1.0,1.0,1.0,https://www.nuroa.com.mx/conversion/organic/departamento-gustavo-a-madero/2/3/rentumo?siteId=411993&clickType=organic&redirectUrl=https%3A%2F%2Fwww.nuroa.com.mx%2Fproperty%2F6020002780663048887%3Fclick_type%3D0%26pos%3D3%26listingId%3D6020002780663048887%26siteStrategyKey%3Dnuroa.com.mx%26url%3Dhttps%25253A%25252F%25252Frentumo.mx%25252Flistados%25252Fdepartamento-en-renta-colonia-nueva-industrial-vallejo-66218%26searchType%3D2%26page%3D2%26section%3D1%26t_sec%3D1%26sectionType%3D1%26pageViewId%3D3ddfbefb-2bb3-4d09-88e1-84e9f75cfe19%26t_pvid%3D3ddfbefb-2bb3-4d09-88e1-84e9f75cfe19%26userAgent%3DMozilla%252F5.0%2B%2528Windows%2BNT%2B10.0%253B%2BWin64%253B%2Bx64%253B%2Brv%253A125.0%2529%2BGecko%252F20100101%2BFirefox%252F125.0%26browser%3D1%26isHuman%3Dtrue%26userIp%3D189.226.196.225%26what%3Ddepartamento%2Bgustavo%2Ba%2Bmadero%26search_terms%3Ddepartamento%2Bgustavo%2Ba%2Bmadero%26origin%3D2%26t_or%3D2%26splitTestId%3D0%26detailPageUrl%3Dhttps%25253A%25252F%25252Fwww.nuroa.com.mx%25252Fadclickdetail%25252F6020002780663048887%25253Fclick_type%25253D0%252526pos%25253D3%252526listingId%25253D6020002780663048887%252526siteStrategyKey%25253Dhttps%2525253A%2525252F%2525252Fwww.nuroa.com.mx%252526url%25253Dhttps%252525253A%252525252F%252525252Frentumo.mx%252525252Flistados%252525252Fdepartamento-en-renta-colonia-nueva-industrial-vallejo-66218%252526searchType%25253D2%252526page%25253D2%252526section%25253D1%252526t_sec%25253D1%252526sectionType%25253D1%252526pageViewId%25253D3ddfbefb-2bb3-4d09-88e1-84e9f75cfe19%252526t_pvid%25253D3ddfbefb-2bb3-4d09-88e1-84e9f75cfe19%252526userAgent%25253DMozilla%2525252F5.0%25252B%25252528Windows%25252BNT%25252B10.0%2525253B%25252BWin64%2525253B%25252Bx64%2525253B%25252Brv%2525253A125.0%25252529%25252BGecko%2525252F20100101%25252BFirefox%2525252F125.0%252526browser%25253D1%252526isHuman%25253Dtrue%252526userIp%25253D189.226.196.225%252526what%25253Ddepartamento%25252Bgustavo%25252Ba%25252Bmadero%252526search_terms%25253Ddepartamento%25252Bgustavo%25252Ba%25252Bmadero%252526origin%25253D2%252526t_or%25253D2%252526splitTestId%25253D0%252526clickin%25253Dfalse,nuroa,341.4634146341463
12000.0,departamento,Gustavo A. Madero,Ciudad de México,55.0,2.0,,1.0,https://www.nuroa.com.mx/conversion/organic/departamento-gustavo-a-madero/2/7/Rentola?siteId=411941&clickType=organic&redirectUrl=https%3A%2F%2Fwww.nuroa.com.mx%2Fproperty%2F6450002781203020769%3Fclick_type%3D0%26pos%3D7%26listingId%3D6450002781203020769%26siteStrategyKey%3Dnuroa.com.mx%26url%3Dhttps%25253A%25252F%25252Frentola.mx%25252Flistings%25252Fdepartamento-en-renta-guadalupe-insurgentes-gustavo-a-madero-p11b4c4%26searchType%3D2%26page%3D2%26section%3D1%26t_sec%3D1%26sectionType%3D1%26pageViewId%3D3ddfbefb-2bb3-4d09-88e1-84e9f75cfe19%26t_pvid%3D3ddfbefb-2bb3-4d09-88e1-84e9f75cfe19%26userAgent%3DMozilla%252F5.0%2B%2528Windows%2BNT%2B10.0%253B%2BWin64%253B%2Bx64%253B%2Brv%253A125.0%2529%2BGecko%252F20100101%2BFirefox%252F125.0%26browser%3D1%26isHuman%3Dtrue%26userIp%3D189.226.196.225%26what%3Ddepartamento%2Bgustavo%2Ba%2Bmadero%26search_terms%3Ddepartamento%2Bgustavo%2Ba%2Bmadero%26origin%3D2%26t_or%3D2%26splitTestId%3D0%26detailPageUrl%3Dhttps%25253A%25252F%25252Fwww.nuroa.com.mx%25252Fadclickdetail%25252F6450002781203020769%25253Fclick_type%25253D0%252526pos%25253D7%252526listingId%25253D6450002781203020769%252526siteStrategyKey%25253Dhttps%2525253A%2525252F%2525252Fwww.nuroa.com.mx%252526url%25253Dhttps%252525253A%252525252F%252525252Frentola.mx%252525252Flistings%252525252Fdepartamento-en-renta-guadalupe-insurgentes-gustavo-a-madero-p11b4c4%252526searchType%25253D2%252526page%25253D2%252526section%25253D1%252526t_sec%25253D1%252526sectionType%25253D1%252526pageViewId%25253D3ddfbefb-2bb3-4d09-88e1-84e9f75cfe19%252526t_pvid%25253D3ddfbefb-2bb3-4d09-88e1-84e9f75cfe19%252526userAgent%25253DMozilla%2525252F5.0%25252B%25252528Windows%25252BNT%25252B10.0%2525253B%25252BWin64%2525253B%25252Bx64%2525253B%25252Brv%2525253A125.0%25252529%25252BGecko%2525252F20100101%25252BFirefox%2525252F125.0%252526browser%25253D1%252526isHuman%25253Dtrue%252526userIp%25253D189.226.196.225%252526what%25253Ddepartamento%25252Bgustavo%25252Ba%25252Bmadero%252526search_terms%25253Ddepartamento%25252Bgustavo%25252Ba%25252Bmadero%252526origin%25253D2%252526t_or%25253D2%252526splitTestId%25253D0%252526clickin%25253Dfalse,nuroa,218.1818181818182
10100.0,departamento,Gustavo A. Madero,Ciudad de México,60.0,2.0,1.0,,https://www.nuroa.com.mx/conversion/organic/departamento-gustavo-a-madero/2/8/rentumo?siteId=411993&clickType=organic&redirectUrl=https%3A%2F%2Fwww.nuroa.com.mx%2Fproperty%2F6570002781095016759%3Fclick_type%3D0%26pos%3D8%26listingId%3D6570002781095016759%26siteStrategyKey%3Dnuroa.com.mx%26url%3Dhttps%25253A%25252F%25252Frentumo.mx%25252Flistados%25252Fdepto-en-renta-en-calz-san-juan-de-aragon-dm-nacional-gustavo-a-madero-cdmx-67205%26searchType%3D2%26page%3D2%26section%3D1%26t_sec%3D1%26sectionType%3D1%26pageViewId%3D3ddfbefb-2bb3-4d09-88e1-84e9f75cfe19%26t_pvid%3D3ddfbefb-2bb3-4d09-88e1-84e9f75cfe19%26userAgent%3DMozilla%252F5.0%2B%2528Windows%2BNT%2B10.0%253B%2BWin64%253B%2Bx64%253B%2Brv%253A125.0%2529%2BGecko%252F20100101%2BFirefox%252F125.0%26browser%3D1%26isHuman%3Dtrue%26userIp%3D189.226.196.225%26what%3Ddepartamento%2Bgustavo%2Ba%2Bmadero%26search_terms%3Ddepartamento%2Bgustavo%2Ba%2Bmadero%26origin%3D2%26t_or%3D2%26splitTestId%3D0%26detailPageUrl%3Dhttps%25253A%25252F%25252Fwww.nuroa.com.mx%25252Fadclickdetail%25252F6570002781095016759%25253Fclick_type%25253D0%252526pos%25253D8%252526listingId%25253D6570002781095016759%252526siteStrategyKey%25253Dhttps%2525253A%2525252F%2525252Fwww.nuroa.com.mx%252526url%25253Dhttps%252525253A%252525252F%252525252Frentumo.mx%252525252Flistados%252525252Fdepto-en-renta-en-calz-san-juan-de-aragon-dm-nacional-gustavo-a-madero-cdmx-67205%252526searchType%25253D2%252526page%25253D2%252526section%25253D1%252526t_sec%25253D1%252526sectionType%25253D1%252526pageViewId%25253D3ddfbefb-2bb3-4d09-88e1-84e9f75cfe19%252526t_pvid%25253D3ddfbefb-2bb3-4d09-88e1-84e9f75cfe19%252526userAgent%25253DMozilla%2525252F5.0%25252B%25252528Windows%25252BNT%25252B10.0%2525253B%25252BWin64%2525253B%25252Bx64%2525253B%25252Brv%2525253A125.0%25252529%25252BGecko%2525252F20100101%25252BFirefox%2525252F125.0%252526browser%25253D1%252526isHuman%25253Dtrue%252526userIp%25253D189.226.196.225%252526what%25253Ddepartamento%25252Bgustavo%25252Ba%25252Bmadero%252526search_terms%25253Ddepartamento%25252Bgustavo%25252Ba%25252Bmadero%252526origin%25253D2%252526t_or%25253D2%252526splitTestId%25253D0%252526clickin%25253Dfalse,nuroa,168.33333333333334
15800.0,departamento,Gustavo A. Madero,Ciudad de México,55.0,2.0,,1.0,https://www.nuroa.com.mx/conversion/organic/departamento-gustavo-a-madero/2/9/Rentola?siteId=411941&clickType=organic&redirectUrl=https%3A%2F%2Fwww.nuroa.com.mx%2Fproperty%2F2410002780684560081%3Fclick_type%3D0%26pos%3D9%26listingId%3D2410002780684560081%26siteStrategyKey%3Dnuroa.com.mx%26url%3Dhttps%25253A%25252F%25252Frentola.mx%25252Flistings%25252Fdepartamento-en-renta-vasco-de-quiroga-gustavo-a-madero-p455333%26searchType%3D2%26page%3D2%26section%3D1%26t_sec%3D1%26sectionType%3D1%26pageViewId%3D3ddfbefb-2bb3-4d09-88e1-84e9f75cfe19%26t_pvid%3D3ddfbefb-2bb3-4d09-88e1-84e9f75cfe19%26userAgent%3DMozilla%252F5.0%2B%2528Windows%2BNT%2B10.0%253B%2BWin64%253B%2Bx64%253B%2Brv%253A125.0%2529%2BGecko%252F20100101%2BFirefox%252F125.0%26browser%3D1%26isHuman%3Dtrue%26userIp%3D189.226.196.225%26what%3Ddepartamento%2Bgustavo%2Ba%2Bmadero%26search_terms%3Ddepartamento%2Bgustavo%2Ba%2Bmadero%26origin%3D2%26t_or%3D2%26splitTestId%3D0%26detailPageUrl%3Dhttps%25253A%25252F%25252Fwww.nuroa.com.mx%25252Fadclickdetail%25252F2410002780684560081%25253Fclick_type%25253D0%252526pos%25253D9%252526listingId%25253D2410002780684560081%252526siteStrategyKey%25253Dhttps%2525253A%2525252F%2525252Fwww.nuroa.com.mx%252526url%25253Dhttps%252525253A%252525252F%252525252Frentola.mx%252525252Flistings%252525252Fdepartamento-en-renta-vasco-de-quiroga-gustavo-a-madero-p455333%252526searchType%25253D2%252526page%25253D2%252526section%25253D1%252526t_sec%25253D1%252526sectionType%25253D1%252526pageViewId%25253D3ddfbefb-2bb3-4d09-88e1-84e9f75cfe19%252526t_pvid%25253D3ddfbefb-2bb3-4d09-88e1-84e9f75cfe19%252526userAgent%25253DMozilla%2525252F5.0%25252B%25252528Windows%25252BNT%25252B10.0%2525253B%25252BWin64%2525253B%25252Bx64%2525253B%25252Brv%2525253A125.0%25252529%25252BGecko%2525252F20100101%25252BFirefox%2525252F125.0%252526browser%25253D1%252526isHuman%25253Dtrue%252526userIp%25253D189.226.196.225%252526what%25253Ddepartamento%25252Bgustavo%25252Ba%25252Bmadero%252526search_terms%25253Ddepartamento%25252Bgustavo%25252Ba%25252Bmadero%252526origin%25253D2%252526t_or%25253D2%252526splitTestId%25253D0%252526clickin%25253Dfalse,nuroa,287.27272727272725
7090.0,departamento,Gustavo A. Madero,Ciudad de México,50.0,1.0,1.0,1.0,https://www.nuroa.com.mx/conversion/organic/departamento-gustavo-a-madero/2/12/rentumo?siteId=411993&clickType=organic&redirectUrl=https%3A%2F%2Fwww.nuroa.com.mx%2Fproperty%2F6370002781095016734%3Fclick_type%3D0%26pos%3D12%26listingId%3D6370002781095016734%26siteStrategyKey%3Dnuroa.com.mx%26url%3Dhttps%25253A%25252F%25252Frentumo.mx%25252Flistados%25252Fdepartamento-en-renta-providencia-gustavo-a-madero-cdmx-67182%26searchType%3D2%26page%3D2%26section%3D1%26t_sec%3D1%26sectionType%3D1%26pageViewId%3D3ddfbefb-2bb3-4d09-88e1-84e9f75cfe19%26t_pvid%3D3ddfbefb-2bb3-4d09-88e1-84e9f75cfe19%26userAgent%3DMozilla%252F5.0%2B%2528Windows%2BNT%2B10.0%253B%2BWin64%253B%2Bx64%253B%2Brv%253A125.0%2529%2BGecko%252F20100101%2BFirefox%252F125.0%26browser%3D1%26isHuman%3Dtrue%26userIp%3D189.226.196.225%26what%3Ddepartamento%2Bgustavo%2Ba%2Bmadero%26search_terms%3Ddepartamento%2Bgustavo%2Ba%2Bmadero%26origin%3D2%26t_or%3D2%26splitTestId%3D0%26detailPageUrl%3Dhttps%25253A%25252F%25252Fwww.nuroa.com.mx%25252Fadclickdetail%25252F6370002781095016734%25253Fclick_type%25253D0%252526pos%25253D12%252526listingId%25253D6370002781095016734%252526siteStrategyKey%25253Dhttps%2525253A%2525252F%2525252Fwww.nuroa.com.mx%252526url%25253Dhttps%252525253A%252525252F%252525252Frentumo.mx%252525252Flistados%252525252Fdepartamento-en-renta-providencia-gustavo-a-madero-cdmx-67182%252526searchType%25253D2%252526page%25253D2%252526section%25253D1%252526t_sec%25253D1%252526sectionType%25253D1%252526pageViewId%25253D3ddfbefb-2bb3-4d09-88e1-84e9f75cfe19%252526t_pvid%25253D3ddfbefb-2bb3-4d09-88e1-84e9f75cfe19%252526userAgent%25253DMozilla%2525252F5.0%25252B%25252528Windows%25252BNT%25252B10.0%2525253B%25252BWin64%2525253B%25252Bx64%2525253B%25252Brv%2525253A125.0%25252529%25252BGecko%2525252F20100101%25252BFirefox%2525252F125.0%252526browser%25253D1%252526isHuman%25253Dtrue%252526userIp%25253D189.226.196.225%252526what%25253Ddepartamento%25252Bgustavo%25252Ba%25252Bmadero%252526search_terms%25253Ddepartamento%25252Bgustavo%25252Ba%25252Bmadero%252526origin%25253D2%252526t_or%25253D2%252526splitTestId%25253D0%252526clickin%25253Dfalse,nuroa,141.8
17999.0,casa,Gustavo A. Madero,Ciudad de México,130.0,3.0,,,https://www.nuroa.com.mx/conversion/organic/departamento-gustavo-a-madero/2/13/Rentola?siteId=411941&clickType=organic&redirectUrl=https%3A%2F%2Fwww.nuroa.com.mx%2Fproperty%2F6940002781094976448%3Fclick_type%3D0%26pos%3D13%26listingId%3D6940002781094976448%26siteStrategyKey%3Dnuroa.com.mx%26url%3Dhttps%25253A%25252F%25252Frentola.mx%25252Flistings%25252Fcasa-en-renta-en-magdalena-de-las-salinas-gustavo-a-madero-ciudad-de-mexico-pccb989%26searchType%3D2%26page%3D2%26section%3D1%26t_sec%3D1%26sectionType%3D1%26pageViewId%3D3ddfbefb-2bb3-4d09-88e1-84e9f75cfe19%26t_pvid%3D3ddfbefb-2bb3-4d09-88e1-84e9f75cfe19%26userAgent%3DMozilla%252F5.0%2B%2528Windows%2BNT%2B10.0%253B%2BWin64%253B%2Bx64%253B%2Brv%253A125.0%2529%2BGecko%252F20100101%2BFirefox%252F125.0%26browser%3D1%26isHuman%3Dtrue%26userIp%3D189.226.196.225%26what%3Ddepartamento%2Bgustavo%2Ba%2Bmadero%26search_terms%3Ddepartamento%2Bgustavo%2Ba%2Bmadero%26origin%3D2%26t_or%3D2%26splitTestId%3D0%26detailPageUrl%3Dhttps%25253A%25252F%25252Fwww.nuroa.com.mx%25252Fadclickdetail%25252F6940002781094976448%25253Fclick_type%25253D0%252526pos%25253D13%252526listingId%25253D6940002781094976448%252526siteStrategyKey%25253Dhttps%2525253A%2525252F%2525252Fwww.nuroa.com.mx%252526url%25253Dhttps%252525253A%252525252F%252525252Frentola.mx%252525252Flistings%252525252Fcasa-en-renta-en-magdalena-de-las-salinas-gustavo-a-madero-ciudad-de-mexico-pccb989%252526searchType%25253D2%252526page%25253D2%252526section%25253D1%252526t_sec%25253D1%252526sectionType%25253D1%252526pageViewId%25253D3ddfbefb-2bb3-4d09-88e1-84e9f75cfe19%252526t_pvid%25253D3ddfbefb-2bb3-4d09-88e1-84e9f75cfe19%252526userAgent%25253DMozilla%2525252F5.0%25252B%25252528Windows%25252BNT%25252B10.0%2525253B%25252BWin64%2525253B%25252Bx64%2525253B%25252Brv%2525253A125.0%25252529%25252BGecko%2525252F20100101%25252BFirefox%2525252F125.0%252526browser%25253D1%252526isHuman%25253Dtrue%252526userIp%25253D189.226.196.225%252526what%25253Ddepartamento%25252Bgustavo%25252Ba%25252Bmadero%252526search_terms%25253Ddepartamento%25252Bgustavo%25252Ba%25252Bmadero%252526origin%25253D2%252526t_or%25253D2%252526splitTestId%25253D0%252526clickin%25253Dfalse,nuroa,138.45384615384614
8340.0,departamento,Gustavo A. Madero,Ciudad de México,50.0,1.0,,1.0,https://www.nuroa.com.mx/conversion/organic/departamento-gustavo-a-madero/2/16/Rentola?siteId=411941&clickType=organic&redirectUrl=https%3A%2F%2Fwww.nuroa.com.mx%2Fproperty%2F6340002781094997223%3Fclick_type%3D0%26pos%3D16%26listingId%3D6340002781094997223%26siteStrategyKey%3Dnuroa.com.mx%26url%3Dhttps%25253A%25252F%25252Frentola.mx%25252Flistings%25252Fdepartamento-en-renta-providencia-gustavo-a-madero-cdmx-p6c2db6%26searchType%3D2%26page%3D2%26section%3D1%26t_sec%3D1%26sectionType%3D1%26pageViewId%3D3ddfbefb-2bb3-4d09-88e1-84e9f75cfe19%26t_pvid%3D3ddfbefb-2bb3-4d09-88e1-84e9f75cfe19%26userAgent%3DMozilla%252F5.0%2B%2528Windows%2BNT%2B10.0%253B%2BWin64%253B%2Bx64%253B%2Brv%253A125.0%2529%2BGecko%252F20100101%2BFirefox%252F125.0%26browser%3D1%26isHuman%3Dtrue%26userIp%3D189.226.196.225%26what%3Ddepartamento%2Bgustavo%2Ba%2Bmadero%26search_terms%3Ddepartamento%2Bgustavo%2Ba%2Bmadero%26origin%3D2%26t_or%3D2%26splitTestId%3D0%26detailPageUrl%3Dhttps%25253A%25252F%25252Fwww.nuroa.com.mx%25252Fadclickdetail%25252F6340002781094997223%25253Fclick_type%25253D0%252526pos%25253D16%252526listingId%25253D6340002781094997223%252526siteStrategyKey%25253Dhttps%2525253A%2525252F%2525252Fwww.nuroa.com.mx%252526url%25253Dhttps%252525253A%252525252F%252525252Frentola.mx%252525252Flistings%252525252Fdepartamento-en-renta-providencia-gustavo-a-madero-cdmx-p6c2db6%252526searchType%25253D2%252526page%25253D2%252526section%25253D1%252526t_sec%25253D1%252526sectionType%25253D1%252526pageViewId%25253D3ddfbefb-2bb3-4d09-88e1-84e9f75cfe19%252526t_pvid%25253D3ddfbefb-2bb3-4d09-88e1-84e9f75cfe19%252526userAgent%25253DMozilla%2525252F5.0%25252B%25252528Windows%25252BNT%25252B10.0%2525253B%25252BWin64%2525253B%25252Bx64%2525253B%25252Brv%2525253A125.0%25252529%25252BGecko%2525252F20100101%25252BFirefox%2525252F125.0%252526browser%25253D1%252526isHuman%25253Dtrue%252526userIp%25253D189.226.196.225%252526what%25253Ddepartamento%25252Bgustavo%25252Ba%25252Bmadero%252526search_terms%25253Ddepartamento%25252Bgustavo%25252Ba%25252Bmadero%252526origin%25253D2%252526t_or%25253D2%252526splitTestId%25253D0%252526clickin%25253Dfalse,nuroa,166.8
7258.0,departamento,Gustavo A. Madero,Ciudad de México,75.0,2.0,1.0,1.0,https://www.nuroa.com.mx/conversion/organic/departamento-gustavo-a-madero/2/18/rentumo?siteId=411993&clickType=organic&redirectUrl=https%3A%2F%2Fwww.nuroa.com.mx%2Fproperty%2F1600002780490249120%3Fclick_type%3D0%26pos%3D18%26listingId%3D1600002780490249120%26siteStrategyKey%3Dnuroa.com.mx%26url%3Dhttps%25253A%25252F%25252Frentumo.mx%25252Flistados%25252Fdepartamento-en-renta-providencia-gustavo-a-madero-cdmx-60448%26searchType%3D2%26page%3D2%26section%3D1%26t_sec%3D1%26sectionType%3D1%26pageViewId%3D3ddfbefb-2bb3-4d09-88e1-84e9f75cfe19%26t_pvid%3D3ddfbefb-2bb3-4d09-88e1-84e9f75cfe19%26userAgent%3DMozilla%252F5.0%2B%2528Windows%2BNT%2B10.0%253B%2BWin64%253B%2Bx64%253B%2Brv%253A125.0%2529%2BGecko%252F20100101%2BFirefox%252F125.0%26browser%3D1%26isHuman%3Dtrue%26userIp%3D189.226.196.225%26what%3Ddepartamento%2Bgustavo%2Ba%2Bmadero%26search_terms%3Ddepartamento%2Bgustavo%2Ba%2Bmadero%26origin%3D2%26t_or%3D2%26splitTestId%3D0%26detailPageUrl%3Dhttps%25253A%25252F%25252Fwww.nuroa.com.mx%25252Fadclickdetail%25252F1600002780490249120%25253Fclick_type%25253D0%252526pos%25253D18%252526listingId%25253D1600002780490249120%252526siteStrategyKey%25253Dhttps%2525253A%2525252F%2525252Fwww.nuroa.com.mx%252526url%25253Dhttps%252525253A%252525252F%252525252Frentumo.mx%252525252Flistados%252525252Fdepartamento-en-renta-providencia-gustavo-a-madero-cdmx-60448%252526searchType%25253D2%252526page%25253D2%252526section%25253D1%252526t_sec%25253D1%252526sectionType%25253D1%252526pageViewId%25253D3ddfbefb-2bb3-4d09-88e1-84e9f75cfe19%252526t_pvid%25253D3ddfbefb-2bb3-4d09-88e1-84e9f75cfe19%252526userAgent%25253DMozilla%2525252F5.0%25252B%25252528Windows%25252BNT%25252B10.0%2525253B%25252BWin64%2525253B%25252Bx64%2525253B%25252Brv%2525253A125.0%25252529%25252BGecko%2525252F20100101%25252BFirefox%2525252F125.0%252526browser%25253D1%252526isHuman%25253Dtrue%252526userIp%25253D189.226.196.225%252526what%25253Ddepartamento%25252Bgustavo%25252Ba%25252Bmadero%252526search_terms%25253Ddepartamento%25252Bgustavo%25252Ba%25252Bmadero%252526origin%25253D2%252526t_or%25253D2%252526splitTestId%25253D0%252526clickin%25253Dfalse,nuroa,96.77333333333333
8600.0,departamento,Gustavo A. Madero,Ciudad de México,48.0,2.0,1.0,1.0,https://www.nuroa.com.mx/conversion/organic/departamento-gustavo-a-madero/2/19/rentumo?siteId=411993&clickType=organic&redirectUrl=https%3A%2F%2Fwww.nuroa.com.mx%2Fproperty%2F6730003780404121351%3Fclick_type%3D0%26pos%3D19%26listingId%3D6730003780404121351%26siteStrategyKey%3Dnuroa.com.mx%26url%3Dhttps%25253A%25252F%25252Frentumo.mx%25252Flistados%25252Fdepartamento-en-renta-59191%26searchType%3D2%26page%3D2%26section%3D1%26t_sec%3D1%26sectionType%3D1%26pageViewId%3D3ddfbefb-2bb3-4d09-88e1-84e9f75cfe19%26t_pvid%3D3ddfbefb-2bb3-4d09-88e1-84e9f75cfe19%26userAgent%3DMozilla%252F5.0%2B%2528Windows%2BNT%2B10.0%253B%2BWin64%253B%2Bx64%253B%2Brv%253A125.0%2529%2BGecko%252F20100101%2BFirefox%252F125.0%26browser%3D1%26isHuman%3Dtrue%26userIp%3D189.226.196.225%26what%3Ddepartamento%2Bgustavo%2Ba%2Bmadero%26search_terms%3Ddepartamento%2Bgustavo%2Ba%2Bmadero%26origin%3D2%26t_or%3D2%26splitTestId%3D0%26detailPageUrl%3Dhttps%25253A%25252F%25252Fwww.nuroa.com.mx%25252Fadclickdetail%25252F6730003780404121351%25253Fclick_type%25253D0%252526pos%25253D19%252526listingId%25253D6730003780404121351%252526siteStrategyKey%25253Dhttps%2525253A%2525252F%2525252Fwww.nuroa.com.mx%252526url%25253Dhttps%252525253A%252525252F%252525252Frentumo.mx%252525252Flistados%252525252Fdepartamento-en-renta-59191%252526searchType%25253D2%252526page%25253D2%252526section%25253D1%252526t_sec%25253D1%252526sectionType%25253D1%252526pageViewId%25253D3ddfbefb-2bb3-4d09-88e1-84e9f75cfe19%252526t_pvid%25253D3ddfbefb-2bb3-4d09-88e1-84e9f75cfe19%252526userAgent%25253DMozilla%2525252F5.0%25252B%25252528Windows%25252BNT%25252B10.0%2525253B%25252BWin64%2525253B%25252Bx64%2525253B%25252Brv%2525253A125.0%25252529%25252BGecko%2525252F20100101%25252BFirefox%2525252F125.0%252526browser%25253D1%252526isHuman%25253Dtrue%252526userIp%25253D189.226.196.225%252526what%25253Ddepartamento%25252Bgustavo%25252Ba%25252Bmadero%252526search_terms%25253Ddepartamento%25252Bgustavo%25252Ba%25252Bmadero%252526origin%25253D2%252526t_or%25253D2%252526splitTestId%25253D0%252526clickin%25253Dfalse,nuroa,179.16666666666666
16500.0,departamento,Gustavo A. Madero,Ciudad de México,158.0,3.0,,1.0,https://www.nuroa.com.mx/conversion/organic/departamento-gustavo-a-madero/2/20/Rentola?siteId=411941&clickType=organic&redirectUrl=https%3A%2F%2Fwww.nuroa.com.mx%2Fproperty%2F7060002778783795301%3Fclick_type%3D0%26pos%3D20%26listingId%3D7060002778783795301%26siteStrategyKey%3Dnuroa.com.mx%26url%3Dhttps%25253A%25252F%25252Frentola.mx%25252Flistings%25252Fdepartamento-en-renta-residencial-acueducto-de-guadalupe-gustavo-a-madero-pd4a6ef%26searchType%3D2%26page%3D2%26section%3D1%26t_sec%3D1%26sectionType%3D1%26pageViewId%3D3ddfbefb-2bb3-4d09-88e1-84e9f75cfe19%26t_pvid%3D3ddfbefb-2bb3-4d09-88e1-84e9f75cfe19%26userAgent%3DMozilla%252F5.0%2B%2528Windows%2BNT%2B10.0%253B%2BWin64%253B%2Bx64%253B%2Brv%253A125.0%2529%2BGecko%252F20100101%2BFirefox%252F125.0%26browser%3D1%26isHuman%3Dtrue%26userIp%3D189.226.196.225%26what%3Ddepartamento%2Bgustavo%2Ba%2Bmadero%26search_terms%3Ddepartamento%2Bgustavo%2Ba%2Bmadero%26origin%3D2%26t_or%3D2%26splitTestId%3D0%26detailPageUrl%3Dhttps%25253A%25252F%25252Fwww.nuroa.com.mx%25252Fadclickdetail%25252F7060002778783795301%25253Fclick_type%25253D0%252526pos%25253D20%252526listingId%25253D7060002778783795301%252526siteStrategyKey%25253Dhttps%2525253A%2525252F%2525252Fwww.nuroa.com.mx%252526url%25253Dhttps%252525253A%252525252F%252525252Frentola.mx%252525252Flistings%252525252Fdepartamento-en-renta-residencial-acueducto-de-guadalupe-gustavo-a-madero-pd4a6ef%252526searchType%25253D2%252526page%25253D2%252526section%25253D1%252526t_sec%25253D1%252526sectionType%25253D1%252526pageViewId%25253D3ddfbefb-2bb3-4d09-88e1-84e9f75cfe19%252526t_pvid%25253D3ddfbefb-2bb3-4d09-88e1-84e9f75cfe19%252526userAgent%25253DMozilla%2525252F5.0%25252B%25252528Windows%25252BNT%25252B10.0%2525253B%25252BWin64%2525253B%25252Bx64%2525253B%25252Brv%2525253A125.0%25252529%25252BGecko%2525252F20100101%25252BFirefox%2525252F125.0%252526browser%25253D1%252526isHuman%25253Dtrue%252526userIp%25253D189.226.196.225%252526what%25253Ddepartamento%25252Bgustavo%25252Ba%25252Bmadero%252526search_terms%25253Ddepartamento%25252Bgustavo%25252Ba%25252Bmadero%252526origin%25253D2%252526t_or%25253D2%252526splitTestId%25253D0%252526clickin%25253Dfalse,nuroa,104.43037974683544
11000.0,departamento,Gustavo A. Madero,Ciudad de México,45.0,1.0,,,https://www.nuroa.com.mx/conversion/organic/departamento-gustavo-a-madero/2/23/Rentola?siteId=411941&clickType=organic&redirectUrl=https%3A%2F%2Fwww.nuroa.com.mx%2Fproperty%2F1310002780663030850%3Fclick_type%3D0%26pos%3D23%26listingId%3D1310002780663030850%26siteStrategyKey%3Dnuroa.com.mx%26url%3Dhttps%25253A%25252F%25252Frentola.mx%25252Flistings%25252Fdepartamento-col-guadalupe-insurgentes-p65124f%26searchType%3D2%26page%3D2%26section%3D1%26t_sec%3D1%26sectionType%3D1%26pageViewId%3D3ddfbefb-2bb3-4d09-88e1-84e9f75cfe19%26t_pvid%3D3ddfbefb-2bb3-4d09-88e1-84e9f75cfe19%26userAgent%3DMozilla%252F5.0%2B%2528Windows%2BNT%2B10.0%253B%2BWin64%253B%2Bx64%253B%2Brv%253A125.0%2529%2BGecko%252F20100101%2BFirefox%252F125.0%26browser%3D1%26isHuman%3Dtrue%26userIp%3D189.226.196.225%26what%3Ddepartamento%2Bgustavo%2Ba%2Bmadero%26search_terms%3Ddepartamento%2Bgustavo%2Ba%2Bmadero%26origin%3D2%26t_or%3D2%26splitTestId%3D0%26detailPageUrl%3Dhttps%25253A%25252F%25252Fwww.nuroa.com.mx%25252Fadclickdetail%25252F1310002780663030850%25253Fclick_type%25253D0%252526pos%25253D23%252526listingId%25253D1310002780663030850%252526siteStrategyKey%25253Dhttps%2525253A%2525252F%2525252Fwww.nuroa.com.mx%252526url%25253Dhttps%252525253A%252525252F%252525252Frentola.mx%252525252Flistings%252525252Fdepartamento-col-guadalupe-insurgentes-p65124f%252526searchType%25253D2%252526page%25253D2%252526section%25253D1%252526t_sec%25253D1%252526sectionType%25253D1%252526pageViewId%25253D3ddfbefb-2bb3-4d09-88e1-84e9f75cfe19%252526t_pvid%25253D3ddfbefb-2bb3-4d09-88e1-84e9f75cfe19%252526userAgent%25253DMozilla%2525252F5.0%25252B%25252528Windows%25252BNT%25252B10.0%2525253B%25252BWin64%2525253B%25252Bx64%2525253B%25252Brv%2525253A125.0%25252529%25252BGecko%2525252F20100101%25252BFirefox%2525252F125.0%252526browser%25253D1%252526isHuman%25253Dtrue%252526userIp%25253D189.226.196.225%252526what%25253Ddepartamento%25252Bgustavo%25252Ba%25252Bmadero%252526search_terms%25253Ddepartamento%25252Bgustavo%25252Ba%25252Bmadero%252526origin%25253D2%252526t_or%25253D2%252526splitTestId%25253D0%252526clickin%25253Dfalse,nuroa,244.44444444444446
16000.0,departamento,Gustavo A. Madero,Ciudad de México,54.0,2.0,,,https://www.nuroa.com.mx/conversion/organic/departamento-gustavo-a-madero/2/24/Rentola?siteId=411941&clickType=organic&redirectUrl=https%3A%2F%2Fwww.nuroa.com.mx%2Fproperty%2F1370003780576815041%3Fclick_type%3D0%26pos%3D24%26listingId%3D1370003780576815041%26siteStrategyKey%3Dnuroa.com.mx%26url%3Dhttps%25253A%25252F%25252Frentola.mx%25252Flistings%25252Fdepartamento-en-renta-en-nueva-industrial-vallejo-gustavo-a-madero-cdmx-pa58045%26searchType%3D2%26page%3D2%26section%3D1%26t_sec%3D1%26sectionType%3D1%26pageViewId%3D3ddfbefb-2bb3-4d09-88e1-84e9f75cfe19%26t_pvid%3D3ddfbefb-2bb3-4d09-88e1-84e9f75cfe19%26userAgent%3DMozilla%252F5.0%2B%2528Windows%2BNT%2B10.0%253B%2BWin64%253B%2Bx64%253B%2Brv%253A125.0%2529%2BGecko%252F20100101%2BFirefox%252F125.0%26browser%3D1%26isHuman%3Dtrue%26userIp%3D189.226.196.225%26what%3Ddepartamento%2Bgustavo%2Ba%2Bmadero%26search_terms%3Ddepartamento%2Bgustavo%2Ba%2Bmadero%26origin%3D2%26t_or%3D2%26splitTestId%3D0%26detailPageUrl%3Dhttps%25253A%25252F%25252Fwww.nuroa.com.mx%25252Fadclickdetail%25252F1370003780576815041%25253Fclick_type%25253D0%252526pos%25253D24%252526listingId%25253D1370003780576815041%252526siteStrategyKey%25253Dhttps%2525253A%2525252F%2525252Fwww.nuroa.com.mx%252526url%25253Dhttps%252525253A%252525252F%252525252Frentola.mx%252525252Flistings%252525252Fdepartamento-en-renta-en-nueva-industrial-vallejo-gustavo-a-madero-cdmx-pa58045%252526searchType%25253D2%252526page%25253D2%252526section%25253D1%252526t_sec%25253D1%252526sectionType%25253D1%252526pageViewId%25253D3ddfbefb-2bb3-4d09-88e1-84e9f75cfe19%252526t_pvid%25253D3ddfbefb-2bb3-4d09-88e1-84e9f75cfe19%252526userAgent%25253DMozilla%2525252F5.0%25252B%25252528Windows%25252BNT%25252B10.0%2525253B%25252BWin64%2525253B%25252Bx64%2525253B%25252Brv%2525253A125.0%25252529%25252BGecko%2525252F20100101%25252BFirefox%2525252F125.0%252526browser%25253D1%252526isHuman%25253Dtrue%252526userIp%25253D189.226.196.225%252526what%25253Ddepartamento%25252Bgustavo%25252Ba%25252Bmadero%252526search_terms%25253Ddepartamento%25252Bgustavo%25252Ba%25252Bmadero%252526origin%25253D2%252526t_or%25253D2%252526splitTestId%25253D0%252526clickin%25253Dfalse,nuroa,296.2962962962963
8539.0,departamento,Gustavo A. Madero,Ciudad de México,75.0,2.0,,1.0,https://www.nuroa.com.mx/conversion/organic/departamento-gustavo-a-madero/3/1/Rentola?siteId=411941&clickType=organic&redirectUrl=https%3A%2F%2Fwww.nuroa.com.mx%2Fproperty%2F8370002780490237174%3Fclick_type%3D0%26pos%3D1%26listingId%3D8370002780490237174%26siteStrategyKey%3Dnuroa.com.mx%26url%3Dhttps%25253A%25252F%25252Frentola.mx%25252Flistings%25252Fdepartamento-en-renta-providencia-gustavo-a-madero-cdmx-p70172b%26searchType%3D2%26page%3D3%26section%3D1%26t_sec%3D1%26sectionType%3D1%26pageViewId%3Dac26f2d8-0815-4e09-aa68-4ae3d3135042%26t_pvid%3Dac26f2d8-0815-4e09-aa68-4ae3d3135042%26userAgent%3DMozilla%252F5.0%2B%2528X11%253B%2BLinux%2Bx86_64%253B%2Brv%253A125.0%2529%2BGecko%252F20100101%2BFirefox%252F125.0%26browser%3D1%26isHuman%3Dtrue%26userIp%3D189.226.196.225%26what%3Ddepartamento%2Bgustavo%2Ba%2Bmadero%26search_terms%3Ddepartamento%2Bgustavo%2Ba%2Bmadero%26origin%3D2%26t_or%3D2%26splitTestId%3D0%26detailPageUrl%3Dhttps%25253A%25252F%25252Fwww.nuroa.com.mx%25252Fadclickdetail%25252F8370002780490237174%25253Fclick_type%25253D0%252526pos%25253D1%252526listingId%25253D8370002780490237174%252526siteStrategyKey%25253Dhttps%2525253A%2525252F%2525252Fwww.nuroa.com.mx%252526url%25253Dhttps%252525253A%252525252F%252525252Frentola.mx%252525252Flistings%252525252Fdepartamento-en-renta-providencia-gustavo-a-madero-cdmx-p70172b%252526searchType%25253D2%252526page%25253D3%252526section%25253D1%252526t_sec%25253D1%252526sectionType%25253D1%252526pageViewId%25253Dac26f2d8-0815-4e09-aa68-4ae3d3135042%252526t_pvid%25253Dac26f2d8-0815-4e09-aa68-4ae3d3135042%252526userAgent%25253DMozilla%2525252F5.0%25252B%25252528X11%2525253B%25252BLinux%25252Bx86_64%2525253B%25252Brv%2525253A125.0%25252529%25252BGecko%2525252F20100101%25252BFirefox%2525252F125.0%252526browser%25253D1%252526isHuman%25253Dtrue%252526userIp%25253D189.226.196.225%252526what%25253Ddepartamento%25252Bgustavo%25252Ba%25252Bmadero%252526search_terms%25253Ddepartamento%25252Bgustavo%25252Ba%25252Bmadero%252526origin%25253D2%252526t_or%25253D2%252526splitTestId%25253D0%252526clickin%25253Dfalse,nuroa,113.85333333333334
7000.0,departamento,Gustavo A. Madero,Ciudad de México,40.0,1.0,,,https://www.nuroa.com.mx/conversion/organic/departamento-gustavo-a-madero/3/3/Rentola?siteId=411941&clickType=organic&redirectUrl=https%3A%2F%2Fwww.nuroa.com.mx%2Fproperty%2F6280003780404013672%3Fclick_type%3D0%26pos%3D3%26listingId%3D6280003780404013672%26siteStrategyKey%3Dnuroa.com.mx%26url%3Dhttps%25253A%25252F%25252Frentola.mx%25252Flistings%25252Fdepartamento-col-industrial-p6c4635%26searchType%3D2%26page%3D3%26section%3D1%26t_sec%3D1%26sectionType%3D1%26pageViewId%3Dac26f2d8-0815-4e09-aa68-4ae3d3135042%26t_pvid%3Dac26f2d8-0815-4e09-aa68-4ae3d3135042%26userAgent%3DMozilla%252F5.0%2B%2528X11%253B%2BLinux%2Bx86_64%253B%2Brv%253A125.0%2529%2BGecko%252F20100101%2BFirefox%252F125.0%26browser%3D1%26isHuman%3Dtrue%26userIp%3D189.226.196.225%26what%3Ddepartamento%2Bgustavo%2Ba%2Bmadero%26search_terms%3Ddepartamento%2Bgustavo%2Ba%2Bmadero%26origin%3D2%26t_or%3D2%26splitTestId%3D0%26detailPageUrl%3Dhttps%25253A%25252F%25252Fwww.nuroa.com.mx%25252Fadclickdetail%25252F6280003780404013672%25253Fclick_type%25253D0%252526pos%25253D3%252526listingId%25253D6280003780404013672%252526siteStrategyKey%25253Dhttps%2525253A%2525252F%2525252Fwww.nuroa.com.mx%252526url%25253Dhttps%252525253A%252525252F%252525252Frentola.mx%252525252Flistings%252525252Fdepartamento-col-industrial-p6c4635%252526searchType%25253D2%252526page%25253D3%252526section%25253D1%252526t_sec%25253D1%252526sectionType%25253D1%252526pageViewId%25253Dac26f2d8-0815-4e09-aa68-4ae3d3135042%252526t_pvid%25253Dac26f2d8-0815-4e09-aa68-4ae3d3135042%252526userAgent%25253DMozilla%2525252F5.0%25252B%25252528X11%2525253B%25252BLinux%25252Bx86_64%2525253B%25252Brv%2525253A125.0%25252529%25252BGecko%2525252F20100101%25252BFirefox%2525252F125.0%252526browser%25253D1%252526isHuman%25253Dtrue%252526userIp%25253D189.226.196.225%252526what%25253Ddepartamento%25252Bgustavo%25252Ba%25252Bmadero%252526search_terms%25253Ddepartamento%25252Bgustavo%25252Ba%25252Bmadero%252526origin%25253D2%252526t_or%25253D2%252526splitTestId%25253D0%252526clickin%25253Dfalse,nuroa,175.0
11000.0,departamento,Gustavo A. Madero,Ciudad de México,57.0,2.0,1.0,,https://www.nuroa.com.mx/conversion/organic/departamento-gustavo-a-madero/3/4/rentumo?siteId=411993&clickType=organic&redirectUrl=https%3A%2F%2Fwww.nuroa.com.mx%2Fproperty%2F8930003780144935679%3Fclick_type%3D0%26pos%3D4%26listingId%3D8930003780144935679%26siteStrategyKey%3Dnuroa.com.mx%26url%3Dhttps%25253A%25252F%25252Frentumo.mx%25252Flistados%25252Frenta-departamento-semi-amueblado-en-gustavo-a-madero-57360%26searchType%3D2%26page%3D3%26section%3D1%26t_sec%3D1%26sectionType%3D1%26pageViewId%3Dac26f2d8-0815-4e09-aa68-4ae3d3135042%26t_pvid%3Dac26f2d8-0815-4e09-aa68-4ae3d3135042%26userAgent%3DMozilla%252F5.0%2B%2528X11%253B%2BLinux%2Bx86_64%253B%2Brv%253A125.0%2529%2BGecko%252F20100101%2BFirefox%252F125.0%26browser%3D1%26isHuman%3Dtrue%26userIp%3D189.226.196.225%26what%3Ddepartamento%2Bgustavo%2Ba%2Bmadero%26search_terms%3Ddepartamento%2Bgustavo%2Ba%2Bmadero%26origin%3D2%26t_or%3D2%26splitTestId%3D0%26detailPageUrl%3Dhttps%25253A%25252F%25252Fwww.nuroa.com.mx%25252Fadclickdetail%25252F8930003780144935679%25253Fclick_type%25253D0%252526pos%25253D4%252526listingId%25253D8930003780144935679%252526siteStrategyKey%25253Dhttps%2525253A%2525252F%2525252Fwww.nuroa.com.mx%252526url%25253Dhttps%252525253A%252525252F%252525252Frentumo.mx%252525252Flistados%252525252Frenta-departamento-semi-amueblado-en-gustavo-a-madero-57360%252526searchType%25253D2%252526page%25253D3%252526section%25253D1%252526t_sec%25253D1%252526sectionType%25253D1%252526pageViewId%25253Dac26f2d8-0815-4e09-aa68-4ae3d3135042%252526t_pvid%25253Dac26f2d8-0815-4e09-aa68-4ae3d3135042%252526userAgent%25253DMozilla%2525252F5.0%25252B%25252528X11%2525253B%25252BLinux%25252Bx86_64%2525253B%25252Brv%2525253A125.0%25252529%25252BGecko%2525252F20100101%25252BFirefox%2525252F125.0%252526browser%25253D1%252526isHuman%25253Dtrue%252526userIp%25253D189.226.196.225%252526what%25253Ddepartamento%25252Bgustavo%25252Ba%25252Bmadero%252526search_terms%25253Ddepartamento%25252Bgustavo%25252Ba%25252Bmadero%252526origin%25253D2%252526t_or%25253D2%252526splitTestId%25253D0%252526clickin%25253Dfalse,nuroa,192.98245614035088
19000.0,departamento,Gustavo A. Madero,Ciudad de México,89.0,,2.0,1.0,https://www.nuroa.com.mx/conversion/organic/departamento-gustavo-a-madero/3/6/Remax?siteId=411305&clickType=organic&redirectUrl=https%3A%2F%2Fwww.nuroa.com.mx%2Fproperty%2F2500002781268208357%3Fclick_type%3D0%26pos%3D6%26listingId%3D2500002781268208357%26siteStrategyKey%3Dnuroa.com.mx%26url%3Dhttp%25253A%25252F%25252Fwww.remax.com.mx%25252Fpropiedad%25252F680168%26searchType%3D2%26page%3D3%26section%3D1%26t_sec%3D1%26sectionType%3D1%26pageViewId%3Dac26f2d8-0815-4e09-aa68-4ae3d3135042%26t_pvid%3Dac26f2d8-0815-4e09-aa68-4ae3d3135042%26userAgent%3DMozilla%252F5.0%2B%2528X11%253B%2BLinux%2Bx86_64%253B%2Brv%253A125.0%2529%2BGecko%252F20100101%2BFirefox%252F125.0%26browser%3D1%26isHuman%3Dtrue%26userIp%3D189.226.196.225%26what%3Ddepartamento%2Bgustavo%2Ba%2Bmadero%26search_terms%3Ddepartamento%2Bgustavo%2Ba%2Bmadero%26origin%3D2%26t_or%3D2%26splitTestId%3D0%26detailPageUrl%3Dhttps%25253A%25252F%25252Fwww.nuroa.com.mx%25252Fadclickdetail%25252F2500002781268208357%25253Fclick_type%25253D0%252526pos%25253D6%252526listingId%25253D2500002781268208357%252526siteStrategyKey%25253Dhttps%2525253A%2525252F%2525252Fwww.nuroa.com.mx%252526url%25253Dhttp%252525253A%252525252F%252525252Fwww.remax.com.mx%252525252Fpropiedad%252525252F680168%252526searchType%25253D2%252526page%25253D3%252526section%25253D1%252526t_sec%25253D1%252526sectionType%25253D1%252526pageViewId%25253Dac26f2d8-0815-4e09-aa68-4ae3d3135042%252526t_pvid%25253Dac26f2d8-0815-4e09-aa68-4ae3d3135042%252526userAgent%25253DMozilla%2525252F5.0%25252B%25252528X11%2525253B%25252BLinux%25252Bx86_64%2525253B%25252Brv%2525253A125.0%25252529%25252BGecko%2525252F20100101%25252BFirefox%2525252F125.0%252526browser%25253D1%252526isHuman%25253Dtrue%252526userIp%25253D189.226.196.225%252526what%25253Ddepartamento%25252Bgustavo%25252Ba%25252Bmadero%252526search_terms%25253Ddepartamento%25252Bgustavo%25252Ba%25252Bmadero%252526origin%25253D2%252526t_or%25253D2%252526splitTestId%25253D0%252526clickin%25253Dfalse,nuroa,213.48314606741573
15500.0,departamento,Gustavo A. Madero,Ciudad de México,65.0,2.0,2.0,1.0,https://www.nuroa.com.mx/conversion/organic/departamento-gustavo-a-madero/3/7/rentumo?siteId=411993&clickType=organic&redirectUrl=https%3A%2F%2Fwww.nuroa.com.mx%2Fproperty%2F1750002779885437680%3Fclick_type%3D0%26pos%3D7%26listingId%3D1750002779885437680%26siteStrategyKey%3Dnuroa.com.mx%26url%3Dhttps%25253A%25252F%25252Frentumo.mx%25252Flistados%25252Fdepartamento-sobre-avenida-vallejo-cercano-a-la-raza-vigilancia-24-7-54864%26searchType%3D2%26page%3D3%26section%3D1%26t_sec%3D1%26sectionType%3D1%26pageViewId%3Dac26f2d8-0815-4e09-aa68-4ae3d3135042%26t_pvid%3Dac26f2d8-0815-4e09-aa68-4ae3d3135042%26userAgent%3DMozilla%252F5.0%2B%2528X11%253B%2BLinux%2Bx86_64%253B%2Brv%253A125.0%2529%2BGecko%252F20100101%2BFirefox%252F125.0%26browser%3D1%26isHuman%3Dtrue%26userIp%3D189.226.196.225%26what%3Ddepartamento%2Bgustavo%2Ba%2Bmadero%26search_terms%3Ddepartamento%2Bgustavo%2Ba%2Bmadero%26origin%3D2%26t_or%3D2%26splitTestId%3D0%26detailPageUrl%3Dhttps%25253A%25252F%25252Fwww.nuroa.com.mx%25252Fadclickdetail%25252F1750002779885437680%25253Fclick_type%25253D0%252526pos%25253D7%252526listingId%25253D1750002779885437680%252526siteStrategyKey%25253Dhttps%2525253A%2525252F%2525252Fwww.nuroa.com.mx%252526url%25253Dhttps%252525253A%252525252F%252525252Frentumo.mx%252525252Flistados%252525252Fdepartamento-sobre-avenida-vallejo-cercano-a-la-raza-vigilancia-24-7-54864%252526searchType%25253D2%252526page%25253D3%252526section%25253D1%252526t_sec%25253D1%252526sectionType%25253D1%252526pageViewId%25253Dac26f2d8-0815-4e09-aa68-4ae3d3135042%252526t_pvid%25253Dac26f2d8-0815-4e09-aa68-4ae3d3135042%252526userAgent%25253DMozilla%2525252F5.0%25252B%25252528X11%2525253B%25252BLinux%25252Bx86_64%2525253B%25252Brv%2525253A125.0%25252529%25252BGecko%2525252F20100101%25252BFirefox%2525252F125.0%252526browser%25253D1%252526isHuman%25253Dtrue%252526userIp%25253D189.226.196.225%252526what%25253Ddepartamento%25252Bgustavo%25252Ba%25252Bmadero%252526search_terms%25253Ddepartamento%25252Bgustavo%25252Ba%25252Bmadero%252526origin%25253D2%252526t_or%25253D2%252526splitTestId%25253D0%252526clickin%25253Dfalse,nuroa,238.46153846153845
8000.0,departamento,Gustavo A. Madero,Ciudad de México,52.0,2.0,1.0,,https://www.nuroa.com.mx/conversion/organic/departamento-gustavo-a-madero/3/8/rentumo?siteId=411993&clickType=organic&redirectUrl=https%3A%2F%2Fwww.nuroa.com.mx%2Fproperty%2F8860003779799346075%3Fclick_type%3D0%26pos%3D8%26listingId%3D8860003779799346075%26siteStrategyKey%3Dnuroa.com.mx%26url%3Dhttps%25253A%25252F%25252Frentumo.mx%25252Flistados%25252Fdepartamento-en-renta-en-col-vasco-de-quiroga-alcaldia-gam-cdmx-53795%26searchType%3D2%26page%3D3%26section%3D1%26t_sec%3D1%26sectionType%3D1%26pageViewId%3Dac26f2d8-0815-4e09-aa68-4ae3d3135042%26t_pvid%3Dac26f2d8-0815-4e09-aa68-4ae3d3135042%26userAgent%3DMozilla%252F5.0%2B%2528X11%253B%2BLinux%2Bx86_64%253B%2Brv%253A125.0%2529%2BGecko%252F20100101%2BFirefox%252F125.0%26browser%3D1%26isHuman%3Dtrue%26userIp%3D189.226.196.225%26what%3Ddepartamento%2Bgustavo%2Ba%2Bmadero%26search_terms%3Ddepartamento%2Bgustavo%2Ba%2Bmadero%26origin%3D2%26t_or%3D2%26splitTestId%3D0%26detailPageUrl%3Dhttps%25253A%25252F%25252Fwww.nuroa.com.mx%25252Fadclickdetail%25252F8860003779799346075%25253Fclick_type%25253D0%252526pos%25253D8%252526listingId%25253D8860003779799346075%252526siteStrategyKey%25253Dhttps%2525253A%2525252F%2525252Fwww.nuroa.com.mx%252526url%25253Dhttps%252525253A%252525252F%252525252Frentumo.mx%252525252Flistados%252525252Fdepartamento-en-renta-en-col-vasco-de-quiroga-alcaldia-gam-cdmx-53795%252526searchType%25253D2%252526page%25253D3%252526section%25253D1%252526t_sec%25253D1%252526sectionType%25253D1%252526pageViewId%25253Dac26f2d8-0815-4e09-aa68-4ae3d3135042%252526t_pvid%25253Dac26f2d8-0815-4e09-aa68-4ae3d3135042%252526userAgent%25253DMozilla%2525252F5.0%25252B%25252528X11%2525253B%25252BLinux%25252Bx86_64%2525253B%25252Brv%2525253A125.0%25252529%25252BGecko%2525252F20100101%25252BFirefox%2525252F125.0%252526browser%25253D1%252526isHuman%25253Dtrue%252526userIp%25253D189.226.196.225%252526what%25253Ddepartamento%25252Bgustavo%25252Ba%25252Bmadero%252526search_terms%25253Ddepartamento%25252Bgustavo%25252Ba%25252Bmadero%252526origin%25253D2%252526t_or%25253D2%252526splitTestId%25253D0%252526clickin%25253Dfalse,nuroa,153.84615384615384
10000.0,departamento,Gustavo A. Madero,Ciudad de México,60.0,2.0,,,https://www.nuroa.com.mx/conversion/organic/departamento-gustavo-a-madero/3/13/Rentola?siteId=411941&clickType=organic&redirectUrl=https%3A%2F%2Fwww.nuroa.com.mx%2Fproperty%2F6460003779626394942%3Fclick_type%3D0%26pos%3D13%26listingId%3D6460003779626394942%26siteStrategyKey%3Dnuroa.com.mx%26url%3Dhttps%25253A%25252F%25252Frentola.mx%25252Flistings%25252Fdepartamento-col-dm-nacional-p197f27%26searchType%3D2%26page%3D3%26section%3D1%26t_sec%3D1%26sectionType%3D1%26pageViewId%3Dac26f2d8-0815-4e09-aa68-4ae3d3135042%26t_pvid%3Dac26f2d8-0815-4e09-aa68-4ae3d3135042%26userAgent%3DMozilla%252F5.0%2B%2528X11%253B%2BLinux%2Bx86_64%253B%2Brv%253A125.0%2529%2BGecko%252F20100101%2BFirefox%252F125.0%26browser%3D1%26isHuman%3Dtrue%26userIp%3D189.226.196.225%26what%3Ddepartamento%2Bgustavo%2Ba%2Bmadero%26search_terms%3Ddepartamento%2Bgustavo%2Ba%2Bmadero%26origin%3D2%26t_or%3D2%26splitTestId%3D0%26detailPageUrl%3Dhttps%25253A%25252F%25252Fwww.nuroa.com.mx%25252Fadclickdetail%25252F6460003779626394942%25253Fclick_type%25253D0%252526pos%25253D13%252526listingId%25253D6460003779626394942%252526siteStrategyKey%25253Dhttps%2525253A%2525252F%2525252Fwww.nuroa.com.mx%252526url%25253Dhttps%252525253A%252525252F%252525252Frentola.mx%252525252Flistings%252525252Fdepartamento-col-dm-nacional-p197f27%252526searchType%25253D2%252526page%25253D3%252526section%25253D1%252526t_sec%25253D1%252526sectionType%25253D1%252526pageViewId%25253Dac26f2d8-0815-4e09-aa68-4ae3d3135042%252526t_pvid%25253Dac26f2d8-0815-4e09-aa68-4ae3d3135042%252526userAgent%25253DMozilla%2525252F5.0%25252B%25252528X11%2525253B%25252BLinux%25252Bx86_64%2525253B%25252Brv%2525253A125.0%25252529%25252BGecko%2525252F20100101%25252BFirefox%2525252F125.0%252526browser%25253D1%252526isHuman%25253Dtrue%252526userIp%25253D189.226.196.225%252526what%25253Ddepartamento%25252Bgustavo%25252Ba%25252Bmadero%252526search_terms%25253Ddepartamento%25252Bgustavo%25252Ba%25252Bmadero%252526origin%25253D2%252526t_or%25253D2%252526splitTestId%25253D0%252526clickin%25253Dfalse,nuroa,166.66666666666666
12000.0,departamento,Gustavo A. Madero,Ciudad de México,61.0,2.0,,,https://www.nuroa.com.mx/conversion/organic/departamento-gustavo-a-madero/3/14/Rentola?siteId=411941&clickType=organic&redirectUrl=https%3A%2F%2Fwww.nuroa.com.mx%2Fproperty%2F6140002779367034089%3Fclick_type%3D0%26pos%3D14%26listingId%3D6140002779367034089%26siteStrategyKey%3Dnuroa.com.mx%26url%3Dhttps%25253A%25252F%25252Frentola.mx%25252Flistings%25252Fdepartamento-col-la-purisima-ticoman-p566460%26searchType%3D2%26page%3D3%26section%3D1%26t_sec%3D1%26sectionType%3D1%26pageViewId%3Dac26f2d8-0815-4e09-aa68-4ae3d3135042%26t_pvid%3Dac26f2d8-0815-4e09-aa68-4ae3d3135042%26userAgent%3DMozilla%252F5.0%2B%2528X11%253B%2BLinux%2Bx86_64%253B%2Brv%253A125.0%2529%2BGecko%252F20100101%2BFirefox%252F125.0%26browser%3D1%26isHuman%3Dtrue%26userIp%3D189.226.196.225%26what%3Ddepartamento%2Bgustavo%2Ba%2Bmadero%26search_terms%3Ddepartamento%2Bgustavo%2Ba%2Bmadero%26origin%3D2%26t_or%3D2%26splitTestId%3D0%26detailPageUrl%3Dhttps%25253A%25252F%25252Fwww.nuroa.com.mx%25252Fadclickdetail%25252F6140002779367034089%25253Fclick_type%25253D0%252526pos%25253D14%252526listingId%25253D6140002779367034089%252526siteStrategyKey%25253Dhttps%2525253A%2525252F%2525252Fwww.nuroa.com.mx%252526url%25253Dhttps%252525253A%252525252F%252525252Frentola.mx%252525252Flistings%252525252Fdepartamento-col-la-purisima-ticoman-p566460%252526searchType%25253D2%252526page%25253D3%252526section%25253D1%252526t_sec%25253D1%252526sectionType%25253D1%252526pageViewId%25253Dac26f2d8-0815-4e09-aa68-4ae3d3135042%252526t_pvid%25253Dac26f2d8-0815-4e09-aa68-4ae3d3135042%252526userAgent%25253DMozilla%2525252F5.0%25252B%25252528X11%2525253B%25252BLinux%25252Bx86_64%2525253B%25252Brv%2525253A125.0%25252529%25252BGecko%2525252F20100101%25252BFirefox%2525252F125.0%252526browser%25253D1%252526isHuman%25253Dtrue%252526userIp%25253D189.226.196.225%252526what%25253Ddepartamento%25252Bgustavo%25252Ba%25252Bmadero%252526search_terms%25253Ddepartamento%25252Bgustavo%25252Ba%25252Bmadero%252526origin%25253D2%252526t_or%25253D2%252526splitTestId%25253D0%252526clickin%25253Dfalse,nuroa,196.72131147540983
12000.0,departamento,Gustavo A. Madero,Ciudad de México,65.0,2.0,,,https://www.nuroa.com.mx/conversion/organic/departamento-gustavo-a-madero/3/16/Rentola?siteId=411941&clickType=organic&redirectUrl=https%3A%2F%2Fwww.nuroa.com.mx%2Fproperty%2F6930002778783790388%3Fclick_type%3D0%26pos%3D16%26listingId%3D6930002778783790388%26siteStrategyKey%3Dnuroa.com.mx%26url%3Dhttps%25253A%25252F%25252Frentola.mx%25252Flistings%25252Fdepartamento-en-renta-gustavo-a-ciudad-de-mexico-la-laguna-ticoman-gustavo-a-madero-ciudad-de-mexico-07330-mex-p13bc31%26searchType%3D2%26page%3D3%26section%3D1%26t_sec%3D1%26sectionType%3D1%26pageViewId%3Dac26f2d8-0815-4e09-aa68-4ae3d3135042%26t_pvid%3Dac26f2d8-0815-4e09-aa68-4ae3d3135042%26userAgent%3DMozilla%252F5.0%2B%2528X11%253B%2BLinux%2Bx86_64%253B%2Brv%253A125.0%2529%2BGecko%252F20100101%2BFirefox%252F125.0%26browser%3D1%26isHuman%3Dtrue%26userIp%3D189.226.196.225%26what%3Ddepartamento%2Bgustavo%2Ba%2Bmadero%26search_terms%3Ddepartamento%2Bgustavo%2Ba%2Bmadero%26origin%3D2%26t_or%3D2%26splitTestId%3D0%26detailPageUrl%3Dhttps%25253A%25252F%25252Fwww.nuroa.com.mx%25252Fadclickdetail%25252F6930002778783790388%25253Fclick_type%25253D0%252526pos%25253D16%252526listingId%25253D6930002778783790388%252526siteStrategyKey%25253Dhttps%2525253A%2525252F%2525252Fwww.nuroa.com.mx%252526url%25253Dhttps%252525253A%252525252F%252525252Frentola.mx%252525252Flistings%252525252Fdepartamento-en-renta-gustavo-a-ciudad-de-mexico-la-laguna-ticoman-gustavo-a-madero-ciudad-de-mexico-07330-mex-p13bc31%252526searchType%25253D2%252526page%25253D3%252526section%25253D1%252526t_sec%25253D1%252526sectionType%25253D1%252526pageViewId%25253Dac26f2d8-0815-4e09-aa68-4ae3d3135042%252526t_pvid%25253Dac26f2d8-0815-4e09-aa68-4ae3d3135042%252526userAgent%25253DMozilla%2525252F5.0%25252B%25252528X11%2525253B%25252BLinux%25252Bx86_64%2525253B%25252Brv%2525253A125.0%25252529%25252BGecko%2525252F20100101%25252BFirefox%2525252F125.0%252526browser%25253D1%252526isHuman%25253Dtrue%252526userIp%25253D189.226.196.225%252526what%25253Ddepartamento%25252Bgustavo%25252Ba%25252Bmadero%252526search_terms%25253Ddepartamento%25252Bgustavo%25252Ba%25252Bmadero%252526origin%25253D2%252526t_or%25253D2%252526splitTestId%25253D0%252526clickin%25253Dfalse,nuroa,184.6153846153846
18000.0,departamento,Gustavo A. Madero,Ciudad de México,90.0,3.0,2.0,1.0,https://www.nuroa.com.mx/conversion/organic/departamento-gustavo-a-madero/3/17/rentumo?siteId=411993&clickType=organic&redirectUrl=https%3A%2F%2Fwww.nuroa.com.mx%2Fproperty%2F1730003774528571167%3Fclick_type%3D0%26pos%3D17%26listingId%3D1730003774528571167%26siteStrategyKey%3Dnuroa.com.mx%26url%3Dhttps%25253A%25252F%25252Frentumo.mx%25252Flistados%25252Frenta-de-departamento-nuevo-en-la-purisima-ticoman-13805%26searchType%3D2%26page%3D3%26section%3D1%26t_sec%3D1%26sectionType%3D1%26pageViewId%3Dac26f2d8-0815-4e09-aa68-4ae3d3135042%26t_pvid%3Dac26f2d8-0815-4e09-aa68-4ae3d3135042%26userAgent%3DMozilla%252F5.0%2B%2528X11%253B%2BLinux%2Bx86_64%253B%2Brv%253A125.0%2529%2BGecko%252F20100101%2BFirefox%252F125.0%26browser%3D1%26isHuman%3Dtrue%26userIp%3D189.226.196.225%26what%3Ddepartamento%2Bgustavo%2Ba%2Bmadero%26search_terms%3Ddepartamento%2Bgustavo%2Ba%2Bmadero%26origin%3D2%26t_or%3D2%26splitTestId%3D0%26detailPageUrl%3Dhttps%25253A%25252F%25252Fwww.nuroa.com.mx%25252Fadclickdetail%25252F1730003774528571167%25253Fclick_type%25253D0%252526pos%25253D17%252526listingId%25253D1730003774528571167%252526siteStrategyKey%25253Dhttps%2525253A%2525252F%2525252Fwww.nuroa.com.mx%252526url%25253Dhttps%252525253A%252525252F%252525252Frentumo.mx%252525252Flistados%252525252Frenta-de-departamento-nuevo-en-la-purisima-ticoman-13805%252526searchType%25253D2%252526page%25253D3%252526section%25253D1%252526t_sec%25253D1%252526sectionType%25253D1%252526pageViewId%25253Dac26f2d8-0815-4e09-aa68-4ae3d3135042%252526t_pvid%25253Dac26f2d8-0815-4e09-aa68-4ae3d3135042%252526userAgent%25253DMozilla%2525252F5.0%25252B%25252528X11%2525253B%25252BLinux%25252Bx86_64%2525253B%25252Brv%2525253A125.0%25252529%25252BGecko%2525252F20100101%25252BFirefox%2525252F125.0%252526browser%25253D1%252526isHuman%25253Dtrue%252526userIp%25253D189.226.196.225%252526what%25253Ddepartamento%25252Bgustavo%25252Ba%25252Bmadero%252526search_terms%25253Ddepartamento%25252Bgustavo%25252Ba%25252Bmadero%252526origin%25253D2%252526t_or%25253D2%252526splitTestId%25253D0%252526clickin%25253Dfalse,nuroa,200.0
19500.0,departamento,Gustavo A. Madero,Ciudad de México,160.0,2.0,,,https://www.nuroa.com.mx/conversion/organic/departamento-gustavo-a-madero/3/18/Rentola?siteId=411941&clickType=organic&redirectUrl=https%3A%2F%2Fwww.nuroa.com.mx%2Fproperty%2F1910003778589538916%3Fclick_type%3D0%26pos%3D18%26listingId%3D1910003778589538916%26siteStrategyKey%3Dnuroa.com.mx%26url%3Dhttps%25253A%25252F%25252Frentola.mx%25252Flistings%25252Fdepartamento-en-renta-calle-norte-1-m-4920-panamericana-gustavo-a-madero-ciudad-de-mexico-07770-mex-p73e6cc%26searchType%3D2%26page%3D3%26section%3D1%26t_sec%3D1%26sectionType%3D1%26pageViewId%3Dac26f2d8-0815-4e09-aa68-4ae3d3135042%26t_pvid%3Dac26f2d8-0815-4e09-aa68-4ae3d3135042%26userAgent%3DMozilla%252F5.0%2B%2528X11%253B%2BLinux%2Bx86_64%253B%2Brv%253A125.0%2529%2BGecko%252F20100101%2BFirefox%252F125.0%26browser%3D1%26isHuman%3Dtrue%26userIp%3D189.226.196.225%26what%3Ddepartamento%2Bgustavo%2Ba%2Bmadero%26search_terms%3Ddepartamento%2Bgustavo%2Ba%2Bmadero%26origin%3D2%26t_or%3D2%26splitTestId%3D0%26detailPageUrl%3Dhttps%25253A%25252F%25252Fwww.nuroa.com.mx%25252Fadclickdetail%25252F1910003778589538916%25253Fclick_type%25253D0%252526pos%25253D18%252526listingId%25253D1910003778589538916%252526siteStrategyKey%25253Dhttps%2525253A%2525252F%2525252Fwww.nuroa.com.mx%252526url%25253Dhttps%252525253A%252525252F%252525252Frentola.mx%252525252Flistings%252525252Fdepartamento-en-renta-calle-norte-1-m-4920-panamericana-gustavo-a-madero-ciudad-de-mexico-07770-mex-p73e6cc%252526searchType%25253D2%252526page%25253D3%252526section%25253D1%252526t_sec%25253D1%252526sectionType%25253D1%252526pageViewId%25253Dac26f2d8-0815-4e09-aa68-4ae3d3135042%252526t_pvid%25253Dac26f2d8-0815-4e09-aa68-4ae3d3135042%252526userAgent%25253DMozilla%2525252F5.0%25252B%25252528X11%2525253B%25252BLinux%25252Bx86_64%2525253B%25252Brv%2525253A125.0%25252529%25252BGecko%2525252F20100101%25252BFirefox%2525252F125.0%252526browser%25253D1%252526isHuman%25253Dtrue%252526userIp%25253D189.226.196.225%252526what%25253Ddepartamento%25252Bgustavo%25252Ba%25252Bmadero%252526search_terms%25253Ddepartamento%25252Bgustavo%25252Ba%25252Bmadero%252526origin%25253D2%252526t_or%25253D2%252526splitTestId%25253D0%252526clickin%25253Dfalse,nuroa,121.875
13500.0,departamento,Gustavo A. Madero,Ciudad de México,40.0,2.0,,1.0,https://www.nuroa.com.mx/conversion/organic/departamento-gustavo-a-madero/3/19/Rentola?siteId=411941&clickType=organic&redirectUrl=https%3A%2F%2Fwww.nuroa.com.mx%2Fproperty%2F3030003778589537706%3Fclick_type%3D0%26pos%3D19%26listingId%3D3030003778589537706%26siteStrategyKey%3Dnuroa.com.mx%26url%3Dhttps%25253A%25252F%25252Frentola.mx%25252Flistings%25252Fdepartamento-en-renta-tepalcatitlan-13-industrial-07800-ciudad-de-mexico-cdmx-mexico-pa387bc%26searchType%3D2%26page%3D3%26section%3D1%26t_sec%3D1%26sectionType%3D1%26pageViewId%3Dac26f2d8-0815-4e09-aa68-4ae3d3135042%26t_pvid%3Dac26f2d8-0815-4e09-aa68-4ae3d3135042%26userAgent%3DMozilla%252F5.0%2B%2528X11%253B%2BLinux%2Bx86_64%253B%2Brv%253A125.0%2529%2BGecko%252F20100101%2BFirefox%252F125.0%26browser%3D1%26isHuman%3Dtrue%26userIp%3D189.226.196.225%26what%3Ddepartamento%2Bgustavo%2Ba%2Bmadero%26search_terms%3Ddepartamento%2Bgustavo%2Ba%2Bmadero%26origin%3D2%26t_or%3D2%26splitTestId%3D0%26detailPageUrl%3Dhttps%25253A%25252F%25252Fwww.nuroa.com.mx%25252Fadclickdetail%25252F3030003778589537706%25253Fclick_type%25253D0%252526pos%25253D19%252526listingId%25253D3030003778589537706%252526siteStrategyKey%25253Dhttps%2525253A%2525252F%2525252Fwww.nuroa.com.mx%252526url%25253Dhttps%252525253A%252525252F%252525252Frentola.mx%252525252Flistings%252525252Fdepartamento-en-renta-tepalcatitlan-13-industrial-07800-ciudad-de-mexico-cdmx-mexico-pa387bc%252526searchType%25253D2%252526page%25253D3%252526section%25253D1%252526t_sec%25253D1%252526sectionType%25253D1%252526pageViewId%25253Dac26f2d8-0815-4e09-aa68-4ae3d3135042%252526t_pvid%25253Dac26f2d8-0815-4e09-aa68-4ae3d3135042%252526userAgent%25253DMozilla%2525252F5.0%25252B%25252528X11%2525253B%25252BLinux%25252Bx86_64%2525253B%25252Brv%2525253A125.0%25252529%25252BGecko%2525252F20100101%25252BFirefox%2525252F125.0%252526browser%25253D1%252526isHuman%25253Dtrue%252526userIp%25253D189.226.196.225%252526what%25253Ddepartamento%25252Bgustavo%25252Ba%25252Bmadero%252526search_terms%25253Ddepartamento%25252Bgustavo%25252Ba%25252Bmadero%252526origin%25253D2%252526t_or%25253D2%252526splitTestId%25253D0%252526clickin%25253Dfalse,nuroa,337.5
15000.0,departamento,Gustavo A. Madero,Ciudad de México,80.0,,1.0,1.0,https://www.nuroa.com.mx/conversion/organic/departamento-gustavo-a-madero/3/20/Remax?siteId=411305&clickType=organic&redirectUrl=https%3A%2F%2Fwww.nuroa.com.mx%2Fproperty%2F3040003779453736004%3Fclick_type%3D0%26pos%3D20%26listingId%3D3040003779453736004%26siteStrategyKey%3Dnuroa.com.mx%26url%3Dhttp%25253A%25252F%25252Fwww.remax.com.mx%25252Fpropiedad%25252F678233%26searchType%3D2%26page%3D3%26section%3D1%26t_sec%3D1%26sectionType%3D1%26pageViewId%3Dac26f2d8-0815-4e09-aa68-4ae3d3135042%26t_pvid%3Dac26f2d8-0815-4e09-aa68-4ae3d3135042%26userAgent%3DMozilla%252F5.0%2B%2528X11%253B%2BLinux%2Bx86_64%253B%2Brv%253A125.0%2529%2BGecko%252F20100101%2BFirefox%252F125.0%26browser%3D1%26isHuman%3Dtrue%26userIp%3D189.226.196.225%26what%3Ddepartamento%2Bgustavo%2Ba%2Bmadero%26search_terms%3Ddepartamento%2Bgustavo%2Ba%2Bmadero%26origin%3D2%26t_or%3D2%26splitTestId%3D0%26detailPageUrl%3Dhttps%25253A%25252F%25252Fwww.nuroa.com.mx%25252Fadclickdetail%25252F3040003779453736004%25253Fclick_type%25253D0%252526pos%25253D20%252526listingId%25253D3040003779453736004%252526siteStrategyKey%25253Dhttps%2525253A%2525252F%2525252Fwww.nuroa.com.mx%252526url%25253Dhttp%252525253A%252525252F%252525252Fwww.remax.com.mx%252525252Fpropiedad%252525252F678233%252526searchType%25253D2%252526page%25253D3%252526section%25253D1%252526t_sec%25253D1%252526sectionType%25253D1%252526pageViewId%25253Dac26f2d8-0815-4e09-aa68-4ae3d3135042%252526t_pvid%25253Dac26f2d8-0815-4e09-aa68-4ae3d3135042%252526userAgent%25253DMozilla%2525252F5.0%25252B%25252528X11%2525253B%25252BLinux%25252Bx86_64%2525253B%25252Brv%2525253A125.0%25252529%25252BGecko%2525252F20100101%25252BFirefox%2525252F125.0%252526browser%25253D1%252526isHuman%25253Dtrue%252526userIp%25253D189.226.196.225%252526what%25253Ddepartamento%25252Bgustavo%25252Ba%25252Bmadero%252526search_terms%25253Ddepartamento%25252Bgustavo%25252Ba%25252Bmadero%252526origin%25253D2%252526t_or%25253D2%252526splitTestId%25253D0%252526clickin%25253Dfalse,nuroa,187.5
17500.0,departamento,Gustavo A. Madero,Ciudad de México,88.0,1.0,,,https://www.nuroa.com.mx/conversion/organic/departamento-gustavo-a-madero/3/21/Rentola?siteId=411941&clickType=organic&redirectUrl=https%3A%2F%2Fwww.nuroa.com.mx%2Fproperty%2F7140002777638925006%3Fclick_type%3D0%26pos%3D21%26listingId%3D7140002777638925006%26siteStrategyKey%3Dnuroa.com.mx%26url%3Dhttps%25253A%25252F%25252Frentola.mx%25252Flistings%25252Fdepartamento-2-recamaras-lindavista-gustavo-a-madero-p76a622%26searchType%3D2%26page%3D3%26section%3D1%26t_sec%3D1%26sectionType%3D1%26pageViewId%3Dac26f2d8-0815-4e09-aa68-4ae3d3135042%26t_pvid%3Dac26f2d8-0815-4e09-aa68-4ae3d3135042%26userAgent%3DMozilla%252F5.0%2B%2528X11%253B%2BLinux%2Bx86_64%253B%2Brv%253A125.0%2529%2BGecko%252F20100101%2BFirefox%252F125.0%26browser%3D1%26isHuman%3Dtrue%26userIp%3D189.226.196.225%26what%3Ddepartamento%2Bgustavo%2Ba%2Bmadero%26search_terms%3Ddepartamento%2Bgustavo%2Ba%2Bmadero%26origin%3D2%26t_or%3D2%26splitTestId%3D0%26detailPageUrl%3Dhttps%25253A%25252F%25252Fwww.nuroa.com.mx%25252Fadclickdetail%25252F7140002777638925006%25253Fclick_type%25253D0%252526pos%25253D21%252526listingId%25253D7140002777638925006%252526siteStrategyKey%25253Dhttps%2525253A%2525252F%2525252Fwww.nuroa.com.mx%252526url%25253Dhttps%252525253A%252525252F%252525252Frentola.mx%252525252Flistings%252525252Fdepartamento-2-recamaras-lindavista-gustavo-a-madero-p76a622%252526searchType%25253D2%252526page%25253D3%252526section%25253D1%252526t_sec%25253D1%252526sectionType%25253D1%252526pageViewId%25253Dac26f2d8-0815-4e09-aa68-4ae3d3135042%252526t_pvid%25253Dac26f2d8-0815-4e09-aa68-4ae3d3135042%252526userAgent%25253DMozilla%2525252F5.0%25252B%25252528X11%2525253B%25252BLinux%25252Bx86_64%2525253B%25252Brv%2525253A125.0%25252529%25252BGecko%2525252F20100101%25252BFirefox%2525252F125.0%252526browser%25253D1%252526isHuman%25253Dtrue%252526userIp%25253D189.226.196.225%252526what%25253Ddepartamento%25252Bgustavo%25252Ba%25252Bmadero%252526search_terms%25253Ddepartamento%25252Bgustavo%25252Ba%25252Bmadero%252526origin%25253D2%252526t_or%25253D2%252526splitTestId%25253D0%252526clickin%25253Dfalse,nuroa,198.86363636363637
15000.0,departamento,Gustavo A. Madero,Ciudad de México,102.0,3.0,,1.0,https://www.nuroa.com.mx/conversion/organic/departamento-gustavo-a-madero/3/22/Rentola?siteId=411941&clickType=organic&redirectUrl=https%3A%2F%2Fwww.nuroa.com.mx%2Fproperty%2F7480003777379864676%3Fclick_type%3D0%26pos%3D22%26listingId%3D7480003777379864676%26siteStrategyKey%3Dnuroa.com.mx%26url%3Dhttps%25253A%25252F%25252Frentola.mx%25252Flistings%25252Frenta-nuevo-departamento-solidaridad-nacional-gustavo-a-madero-pd35cd3%26searchType%3D2%26page%3D3%26section%3D1%26t_sec%3D1%26sectionType%3D1%26pageViewId%3Dac26f2d8-0815-4e09-aa68-4ae3d3135042%26t_pvid%3Dac26f2d8-0815-4e09-aa68-4ae3d3135042%26userAgent%3DMozilla%252F5.0%2B%2528X11%253B%2BLinux%2Bx86_64%253B%2Brv%253A125.0%2529%2BGecko%252F20100101%2BFirefox%252F125.0%26browser%3D1%26isHuman%3Dtrue%26userIp%3D189.226.196.225%26what%3Ddepartamento%2Bgustavo%2Ba%2Bmadero%26search_terms%3Ddepartamento%2Bgustavo%2Ba%2Bmadero%26origin%3D2%26t_or%3D2%26splitTestId%3D0%26detailPageUrl%3Dhttps%25253A%25252F%25252Fwww.nuroa.com.mx%25252Fadclickdetail%25252F7480003777379864676%25253Fclick_type%25253D0%252526pos%25253D22%252526listingId%25253D7480003777379864676%252526siteStrategyKey%25253Dhttps%2525253A%2525252F%2525252Fwww.nuroa.com.mx%252526url%25253Dhttps%252525253A%252525252F%252525252Frentola.mx%252525252Flistings%252525252Frenta-nuevo-departamento-solidaridad-nacional-gustavo-a-madero-pd35cd3%252526searchType%25253D2%252526page%25253D3%252526section%25253D1%252526t_sec%25253D1%252526sectionType%25253D1%252526pageViewId%25253Dac26f2d8-0815-4e09-aa68-4ae3d3135042%252526t_pvid%25253Dac26f2d8-0815-4e09-aa68-4ae3d3135042%252526userAgent%25253DMozilla%2525252F5.0%25252B%25252528X11%2525253B%25252BLinux%25252Bx86_64%2525253B%25252Brv%2525253A125.0%25252529%25252BGecko%2525252F20100101%25252BFirefox%2525252F125.0%252526browser%25253D1%252526isHuman%25253Dtrue%252526userIp%25253D189.226.196.225%252526what%25253Ddepartamento%25252Bgustavo%25252Ba%25252Bmadero%252526search_terms%25253Ddepartamento%25252Bgustavo%25252Ba%25252Bmadero%252526origin%25253D2%252526t_or%25253D2%252526splitTestId%25253D0%252526clickin%25253Dfalse,nuroa,147.05882352941177
15000.0,loft,Gustavo A. Madero,Ciudad de México,22.0,1.0,1.0,,https://www.nuroa.com.mx/conversion/organic/departamento-gustavo-a-madero/3/25/tuportalonline-com?siteId=406267&clickType=organic&redirectUrl=https%3A%2F%2Fwww.nuroa.com.mx%2Fproperty%2F3870001765370510747%3Fclick_type%3D0%26pos%3D25%26listingId%3D3870001765370510747%26siteStrategyKey%3Dnuroa.com.mx%26url%3Dhttps%25253A%25252F%25252Fwww.tuportalonline.com%25252Finmueble%25252Fgustavo-a-madero-lindavista-vallejo-ii-seccion-alquiler-departamento-1-recamara-2_36_103490097_7141093%26searchType%3D2%26page%3D3%26section%3D1%26t_sec%3D1%26sectionType%3D1%26pageViewId%3Dac26f2d8-0815-4e09-aa68-4ae3d3135042%26t_pvid%3Dac26f2d8-0815-4e09-aa68-4ae3d3135042%26userAgent%3DMozilla%252F5.0%2B%2528X11%253B%2BLinux%2Bx86_64%253B%2Brv%253A125.0%2529%2BGecko%252F20100101%2BFirefox%252F125.0%26browser%3D1%26isHuman%3Dtrue%26userIp%3D189.226.196.225%26what%3Ddepartamento%2Bgustavo%2Ba%2Bmadero%26search_terms%3Ddepartamento%2Bgustavo%2Ba%2Bmadero%26origin%3D2%26t_or%3D2%26splitTestId%3D0%26detailPageUrl%3Dhttps%25253A%25252F%25252Fwww.nuroa.com.mx%25252Fadclickdetail%25252F3870001765370510747%25253Fclick_type%25253D0%252526pos%25253D25%252526listingId%25253D3870001765370510747%252526siteStrategyKey%25253Dhttps%2525253A%2525252F%2525252Fwww.nuroa.com.mx%252526url%25253Dhttps%252525253A%252525252F%252525252Fwww.tuportalonline.com%252525252Finmueble%252525252Fgustavo-a-madero-lindavista-vallejo-ii-seccion-alquiler-departamento-1-recamara-2_36_103490097_7141093%252526searchType%25253D2%252526page%25253D3%252526section%25253D1%252526t_sec%25253D1%252526sectionType%25253D1%252526pageViewId%25253Dac26f2d8-0815-4e09-aa68-4ae3d3135042%252526t_pvid%25253Dac26f2d8-0815-4e09-aa68-4ae3d3135042%252526userAgent%25253DMozilla%2525252F5.0%25252B%25252528X11%2525253B%25252BLinux%25252Bx86_64%2525253B%25252Brv%2525253A125.0%25252529%25252BGecko%2525252F20100101%25252BFirefox%2525252F125.0%252526browser%25253D1%252526isHuman%25253Dtrue%252526userIp%25253D189.226.196.225%252526what%25253Ddepartamento%25252Bgustavo%25252Ba%25252Bmadero%252526search_terms%25253Ddepartamento%25252Bgustavo%25252Ba%25252Bmadero%252526origin%25253D2%252526t_or%25253D2%252526splitTestId%25253D0%252526clickin%25253Dfalse,nuroa,681.8181818181819
10000.0,departamento,Iztacalco,Ciudad de México,60.0,1.0,1.0,,https://www.nuroa.com.mx/conversion/organic/departamento-iztacalco/1/8/rentumo?siteId=411993&clickType=organic&redirectUrl=https%3A%2F%2Fwww.nuroa.com.mx%2Fproperty%2F6850003780943699436%3Fclick_type%3D0%26pos%3D8%26listingId%3D6850003780943699436%26siteStrategyKey%3Dnuroa.com.mx%26url%3Dhttps%25253A%25252F%25252Frentumo.mx%25252Flistados%25252Frenta-de-departamento-en-col-agricola-oriental-iztacalco-cdmx-66871%26searchType%3D2%26page%3D1%26seo_link_id%3D1406128909%26section%3D1%26t_sec%3D1%26sectionType%3D1%26pageViewId%3D3ad0d004-a413-48b3-9060-1c66a3761930%26t_pvid%3D3ad0d004-a413-48b3-9060-1c66a3761930%26userAgent%3DMozilla%252F5.0%2B%2528Windows%2BNT%2B10.0%253B%2BWin64%253B%2Bx64%253B%2Brv%253A125.0%2529%2BGecko%252F20100101%2BFirefox%252F125.0%26browser%3D1%26isHuman%3Dtrue%26userIp%3D189.226.196.225%26what%3Ddepartamento%2Biztacalco%26search_terms%3Ddepartamento%2Biztacalco%26origin%3D2%26t_or%3D2%26splitTestId%3D0%26detailPageUrl%3Dhttps%25253A%25252F%25252Fwww.nuroa.com.mx%25252Fadclickdetail%25252F6850003780943699436%25253Fclick_type%25253D0%252526pos%25253D8%252526listingId%25253D6850003780943699436%252526siteStrategyKey%25253Dhttps%2525253A%2525252F%2525252Fwww.nuroa.com.mx%252526url%25253Dhttps%252525253A%252525252F%252525252Frentumo.mx%252525252Flistados%252525252Frenta-de-departamento-en-col-agricola-oriental-iztacalco-cdmx-66871%252526searchType%25253D2%252526page%25253D1%252526seo_link_id%25253D1406128909%252526section%25253D1%252526t_sec%25253D1%252526sectionType%25253D1%252526pageViewId%25253D3ad0d004-a413-48b3-9060-1c66a3761930%252526t_pvid%25253D3ad0d004-a413-48b3-9060-1c66a3761930%252526userAgent%25253DMozilla%2525252F5.0%25252B%25252528Windows%25252BNT%25252B10.0%2525253B%25252BWin64%2525253B%25252Bx64%2525253B%25252Brv%2525253A125.0%25252529%25252BGecko%2525252F20100101%25252BFirefox%2525252F125.0%252526browser%25253D1%252526isHuman%25253Dtrue%252526userIp%25253D189.226.196.225%252526what%25253Ddepartamento%25252Biztacalco%252526search_terms%25253Ddepartamento%25252Biztacalco%252526origin%25253D2%252526t_or%25253D2%252526splitTestId%25253D0%252526clickin%25253Dfalse,nuroa,166.66666666666666
9000.0,departamento,Iztacalco,Ciudad de México,43.0,1.0,1.0,,https://www.nuroa.com.mx/conversion/organic/departamento-iztacalco/1/9/rentumo?siteId=411993&clickType=organic&redirectUrl=https%3A%2F%2Fwww.nuroa.com.mx%2Fproperty%2F5730002780490249643%3Fclick_type%3D0%26pos%3D9%26listingId%3D5730002780490249643%26siteStrategyKey%3Dnuroa.com.mx%26url%3Dhttps%25253A%25252F%25252Frentumo.mx%25252Flistados%25252Fdepartamento-en-renta-60864%26searchType%3D2%26page%3D1%26seo_link_id%3D1406128909%26section%3D1%26t_sec%3D1%26sectionType%3D1%26pageViewId%3D3ad0d004-a413-48b3-9060-1c66a3761930%26t_pvid%3D3ad0d004-a413-48b3-9060-1c66a3761930%26userAgent%3DMozilla%252F5.0%2B%2528Windows%2BNT%2B10.0%253B%2BWin64%253B%2Bx64%253B%2Brv%253A125.0%2529%2BGecko%252F20100101%2BFirefox%252F125.0%26browser%3D1%26isHuman%3Dtrue%26userIp%3D189.226.196.225%26what%3Ddepartamento%2Biztacalco%26search_terms%3Ddepartamento%2Biztacalco%26origin%3D2%26t_or%3D2%26splitTestId%3D0%26detailPageUrl%3Dhttps%25253A%25252F%25252Fwww.nuroa.com.mx%25252Fadclickdetail%25252F5730002780490249643%25253Fclick_type%25253D0%252526pos%25253D9%252526listingId%25253D5730002780490249643%252526siteStrategyKey%25253Dhttps%2525253A%2525252F%2525252Fwww.nuroa.com.mx%252526url%25253Dhttps%252525253A%252525252F%252525252Frentumo.mx%252525252Flistados%252525252Fdepartamento-en-renta-60864%252526searchType%25253D2%252526page%25253D1%252526seo_link_id%25253D1406128909%252526section%25253D1%252526t_sec%25253D1%252526sectionType%25253D1%252526pageViewId%25253D3ad0d004-a413-48b3-9060-1c66a3761930%252526t_pvid%25253D3ad0d004-a413-48b3-9060-1c66a3761930%252526userAgent%25253DMozilla%2525252F5.0%25252B%25252528Windows%25252BNT%25252B10.0%2525253B%25252BWin64%2525253B%25252Bx64%2525253B%25252Brv%2525253A125.0%25252529%25252BGecko%2525252F20100101%25252BFirefox%2525252F125.0%252526browser%25253D1%252526isHuman%25253Dtrue%252526userIp%25253D189.226.196.225%252526what%25253Ddepartamento%25252Biztacalco%252526search_terms%25253Ddepartamento%25252Biztacalco%252526origin%25253D2%252526t_or%25253D2%252526splitTestId%25253D0%252526clickin%25253Dfalse,nuroa,209.30232558139534
22000.0,departamento,Iztacalco,Ciudad de México,120.0,3.0,2.0,1.0,https://www.nuroa.com.mx/conversion/organic/departamento-iztacalco/1/17/universoInmuebles?siteId=409913&clickType=organic&redirectUrl=https%3A%2F%2Fwww.nuroa.com.mx%2Fproperty%2F4300002781268159517%3Fclick_type%3D0%26pos%3D17%26listingId%3D4300002781268159517%26siteStrategyKey%3Dnuroa.com.mx%26url%3Dhttps%25253A%25252F%25252Fwww.universoinmuebles.com%25252Fpropiedad%25252Fdepartamento-en-renta-en-iztacalco-con-3-recamaras-2_36_106925466_8088231%26searchType%3D2%26page%3D1%26seo_link_id%3D1406128909%26section%3D1%26t_sec%3D1%26sectionType%3D1%26pageViewId%3D3ad0d004-a413-48b3-9060-1c66a3761930%26t_pvid%3D3ad0d004-a413-48b3-9060-1c66a3761930%26userAgent%3DMozilla%252F5.0%2B%2528Windows%2BNT%2B10.0%253B%2BWin64%253B%2Bx64%253B%2Brv%253A125.0%2529%2BGecko%252F20100101%2BFirefox%252F125.0%26browser%3D1%26isHuman%3Dtrue%26userIp%3D189.226.196.225%26what%3Ddepartamento%2Biztacalco%26search_terms%3Ddepartamento%2Biztacalco%26origin%3D2%26t_or%3D2%26splitTestId%3D0%26detailPageUrl%3Dhttps%25253A%25252F%25252Fwww.nuroa.com.mx%25252Fadclickdetail%25252F4300002781268159517%25253Fclick_type%25253D0%252526pos%25253D17%252526listingId%25253D4300002781268159517%252526siteStrategyKey%25253Dhttps%2525253A%2525252F%2525252Fwww.nuroa.com.mx%252526url%25253Dhttps%252525253A%252525252F%252525252Fwww.universoinmuebles.com%252525252Fpropiedad%252525252Fdepartamento-en-renta-en-iztacalco-con-3-recamaras-2_36_106925466_8088231%252526searchType%25253D2%252526page%25253D1%252526seo_link_id%25253D1406128909%252526section%25253D1%252526t_sec%25253D1%252526sectionType%25253D1%252526pageViewId%25253D3ad0d004-a413-48b3-9060-1c66a3761930%252526t_pvid%25253D3ad0d004-a413-48b3-9060-1c66a3761930%252526userAgent%25253DMozilla%2525252F5.0%25252B%25252528Windows%25252BNT%25252B10.0%2525253B%25252BWin64%2525253B%25252Bx64%2525253B%25252Brv%2525253A125.0%25252529%25252BGecko%2525252F20100101%25252BFirefox%2525252F125.0%252526browser%25253D1%252526isHuman%25253Dtrue%252526userIp%25253D189.226.196.225%252526what%25253Ddepartamento%25252Biztacalco%252526search_terms%25253Ddepartamento%25252Biztacalco%252526origin%25253D2%252526t_or%25253D2%252526splitTestId%25253D0%252526clickin%25253Dfalse,nuroa,183.33333333333334
18000.0,departamento,Iztacalco,Ciudad de México,56.0,2.0,1.0,,https://www.nuroa.com.mx/conversion/organic/departamento-iztacalco/1/20/universoInmuebles?siteId=409913&clickType=organic&redirectUrl=https%3A%2F%2Fwww.nuroa.com.mx%2Fproperty%2F2010002777552914288%3Fclick_type%3D0%26pos%3D20%26listingId%3D2010002777552914288%26siteStrategyKey%3Dnuroa.com.mx%26url%3Dhttps%25253A%25252F%25252Fwww.universoinmuebles.com%25252Fpropiedad%25252Fdepartamento-en-renta-en-agricola-oriental-con-2-recamaras-2_36_105948345_7947061%26searchType%3D2%26page%3D1%26seo_link_id%3D1406128909%26section%3D1%26t_sec%3D1%26sectionType%3D1%26pageViewId%3D3ad0d004-a413-48b3-9060-1c66a3761930%26t_pvid%3D3ad0d004-a413-48b3-9060-1c66a3761930%26userAgent%3DMozilla%252F5.0%2B%2528Windows%2BNT%2B10.0%253B%2BWin64%253B%2Bx64%253B%2Brv%253A125.0%2529%2BGecko%252F20100101%2BFirefox%252F125.0%26browser%3D1%26isHuman%3Dtrue%26userIp%3D189.226.196.225%26what%3Ddepartamento%2Biztacalco%26search_terms%3Ddepartamento%2Biztacalco%26origin%3D2%26t_or%3D2%26splitTestId%3D0%26detailPageUrl%3Dhttps%25253A%25252F%25252Fwww.nuroa.com.mx%25252Fadclickdetail%25252F2010002777552914288%25253Fclick_type%25253D0%252526pos%25253D20%252526listingId%25253D2010002777552914288%252526siteStrategyKey%25253Dhttps%2525253A%2525252F%2525252Fwww.nuroa.com.mx%252526url%25253Dhttps%252525253A%252525252F%252525252Fwww.universoinmuebles.com%252525252Fpropiedad%252525252Fdepartamento-en-renta-en-agricola-oriental-con-2-recamaras-2_36_105948345_7947061%252526searchType%25253D2%252526page%25253D1%252526seo_link_id%25253D1406128909%252526section%25253D1%252526t_sec%25253D1%252526sectionType%25253D1%252526pageViewId%25253D3ad0d004-a413-48b3-9060-1c66a3761930%252526t_pvid%25253D3ad0d004-a413-48b3-9060-1c66a3761930%252526userAgent%25253DMozilla%2525252F5.0%25252B%25252528Windows%25252BNT%25252B10.0%2525253B%25252BWin64%2525253B%25252Bx64%2525253B%25252Brv%2525253A125.0%25252529%25252BGecko%2525252F20100101%25252BFirefox%2525252F125.0%252526browser%25253D1%252526isHuman%25253Dtrue%252526userIp%25253D189.226.196.225%252526what%25253Ddepartamento%25252Biztacalco%252526search_terms%25253Ddepartamento%25252Biztacalco%252526origin%25253D2%252526t_or%25253D2%252526splitTestId%25253D0%252526clickin%25253Dfalse,nuroa,321.42857142857144
10500.0,departamento,Iztacalco,Ciudad de México,55.0,2.0,1.0,,https://www.nuroa.com.mx/conversion/organic/departamento-iztacalco/1/21/tuportalonline-com?siteId=406267&clickType=organic&redirectUrl=https%3A%2F%2Fwww.nuroa.com.mx%2Fproperty%2F5640002757854374915%3Fclick_type%3D0%26pos%3D21%26listingId%3D5640002757854374915%26siteStrategyKey%3Dnuroa.com.mx%26url%3Dhttps%25253A%25252F%25252Fwww.tuportalonline.com%25252Finmueble%25252Fiztacalco-santa-anita-alquiler-departamento-2-recamaras-2_36_101706373_5269806%26searchType%3D2%26page%3D1%26seo_link_id%3D1406128909%26section%3D1%26t_sec%3D1%26sectionType%3D1%26pageViewId%3D3ad0d004-a413-48b3-9060-1c66a3761930%26t_pvid%3D3ad0d004-a413-48b3-9060-1c66a3761930%26userAgent%3DMozilla%252F5.0%2B%2528Windows%2BNT%2B10.0%253B%2BWin64%253B%2Bx64%253B%2Brv%253A125.0%2529%2BGecko%252F20100101%2BFirefox%252F125.0%26browser%3D1%26isHuman%3Dtrue%26userIp%3D189.226.196.225%26what%3Ddepartamento%2Biztacalco%26search_terms%3Ddepartamento%2Biztacalco%26origin%3D2%26t_or%3D2%26splitTestId%3D0%26detailPageUrl%3Dhttps%25253A%25252F%25252Fwww.nuroa.com.mx%25252Fadclickdetail%25252F5640002757854374915%25253Fclick_type%25253D0%252526pos%25253D21%252526listingId%25253D5640002757854374915%252526siteStrategyKey%25253Dhttps%2525253A%2525252F%2525252Fwww.nuroa.com.mx%252526url%25253Dhttps%252525253A%252525252F%252525252Fwww.tuportalonline.com%252525252Finmueble%252525252Fiztacalco-santa-anita-alquiler-departamento-2-recamaras-2_36_101706373_5269806%252526searchType%25253D2%252526page%25253D1%252526seo_link_id%25253D1406128909%252526section%25253D1%252526t_sec%25253D1%252526sectionType%25253D1%252526pageViewId%25253D3ad0d004-a413-48b3-9060-1c66a3761930%252526t_pvid%25253D3ad0d004-a413-48b3-9060-1c66a3761930%252526userAgent%25253DMozilla%2525252F5.0%25252B%25252528Windows%25252BNT%25252B10.0%2525253B%25252BWin64%2525253B%25252Bx64%2525253B%25252Brv%2525253A125.0%25252529%25252BGecko%2525252F20100101%25252BFirefox%2525252F125.0%252526browser%25253D1%252526isHuman%25253Dtrue%252526userIp%25253D189.226.196.225%252526what%25253Ddepartamento%25252Biztacalco%252526search_terms%25253Ddepartamento%25252Biztacalco%252526origin%25253D2%252526t_or%25253D2%252526splitTestId%25253D0%252526clickin%25253Dfalse,nuroa,190.9090909090909
11500.0,departamento,Iztacalco,Ciudad de México,94.0,2.0,1.0,1.0,https://www.nuroa.com.mx/conversion/featured/departamento-iztacalco/1/3/rentumo?siteId=411993&clickType=featured&redirectUrl=https%3A%2F%2Fwww.nuroa.com.mx%2Fproperty%2F2800003781354184466%3Fclick_type%3D1%26pos%3D3%26listingId%3D2800003781354184466%26siteStrategyKey%3Dnuroa.com.mx%26url%3Dhttps%25253A%25252F%25252Frentumo.mx%25252Flistados%25252Fkcr-departamento-en-renta-en-agricola-pantitlan-alcaldia-iztacalco-67776%26searchType%3D2%26page%3D1%26seo_link_id%3D1406128909%26section%3D27%26t_sec%3D27%26sectionType%3D2%26pageViewId%3D3ad0d004-a413-48b3-9060-1c66a3761930%26t_pvid%3D3ad0d004-a413-48b3-9060-1c66a3761930%26userAgent%3DMozilla%252F5.0%2B%2528Windows%2BNT%2B10.0%253B%2BWin64%253B%2Bx64%253B%2Brv%253A125.0%2529%2BGecko%252F20100101%2BFirefox%252F125.0%26browser%3D1%26isHuman%3Dtrue%26userIp%3D189.226.196.225%26what%3Ddepartamento%2Biztacalco%26search_terms%3Ddepartamento%2Biztacalco%26origin%3D2%26t_or%3D2%26splitTestId%3D0%26detailPageUrl%3Dhttps%25253A%25252F%25252Fwww.nuroa.com.mx%25252Fadclickdetail%25252F2800003781354184466%25253Fclick_type%25253D1%252526pos%25253D3%252526listingId%25253D2800003781354184466%252526siteStrategyKey%25253Dhttps%2525253A%2525252F%2525252Fwww.nuroa.com.mx%252526url%25253Dhttps%252525253A%252525252F%252525252Frentumo.mx%252525252Flistados%252525252Fkcr-departamento-en-renta-en-agricola-pantitlan-alcaldia-iztacalco-67776%252526searchType%25253D2%252526page%25253D1%252526seo_link_id%25253D1406128909%252526section%25253D27%252526t_sec%25253D27%252526sectionType%25253D2%252526pageViewId%25253D3ad0d004-a413-48b3-9060-1c66a3761930%252526t_pvid%25253D3ad0d004-a413-48b3-9060-1c66a3761930%252526userAgent%25253DMozilla%2525252F5.0%25252B%25252528Windows%25252BNT%25252B10.0%2525253B%25252BWin64%2525253B%25252Bx64%2525253B%25252Brv%2525253A125.0%25252529%25252BGecko%2525252F20100101%25252BFirefox%2525252F125.0%252526browser%25253D1%252526isHuman%25253Dtrue%252526userIp%25253D189.226.196.225%252526what%25253Ddepartamento%25252Biztacalco%252526search_terms%25253Ddepartamento%25252Biztacalco%252526origin%25253D2%252526t_or%25253D2%252526splitTestId%25253D0%252526clickin%25253Dfalse,nuroa,122.34042553191489
7000.0,departamento,Iztacalco,Ciudad de México,50.0,1.0,1.0,1.0,https://www.nuroa.com.mx/adform/7960000776602216938?click_type=1&pos=4&listingId=7960000776602216938&siteStrategyKey=https%3A%2F%2Fwww.nuroa.com.mx&url=https%253A%252F%252Fwww.icasas.mx%252FaggregatorDetail%253FadId%253D019da3d6-df0b-7e2b-bee6-268472b1cd0c%2526aggregator%253Dmitula%2526utm_content%253D019da3d6-df0b-7e2b-bee6-268472b1cd0c_payment&searchType=2&page=1&seo_link_id=1406128909&section=27&t_sec=27&sectionType=2&pageViewId=3ad0d004-a413-48b3-9060-1c66a3761930&t_pvid=3ad0d004-a413-48b3-9060-1c66a3761930&userAgent=Mozilla%2F5.0+%28Windows+NT+10.0%3B+Win64%3B+x64%3B+rv%3A125.0%29+Gecko%2F20100101+Firefox%2F125.0&browser=1&isHuman=true&userIp=189.226.196.225&what=departamento+iztacalco&search_terms=departamento+iztacalco&origin=2&t_or=2&splitTestId=0,nuroa,140.0
13000.0,departamento,Iztacalco,Ciudad de México,60.0,2.0,1.0,1.0,https://www.nuroa.com.mx/adform/8060000775565922603?click_type=0&pos=2&listingId=8060000775565922603&siteStrategyKey=https%3A%2F%2Fwww.nuroa.com.mx&url=https%253A%252F%252Fwww.icasas.mx%252FaggregatorDetail%253FadId%253D019d6398-f451-70b9-91fa-55aa9c88c217%2526aggregator%253Dmitula%2526utm_content%253D019d6398-f451-70b9-91fa-55aa9c88c217_payment&searchType=2&page=2&seo_link_id=1406128909&section=1&t_sec=1&sectionType=1&pageViewId=f92fb558-7afe-4182-a567-80489aca27ce&t_pvid=f92fb558-7afe-4182-a567-80489aca27ce&userAgent=Mozilla%2F5.0+%28Macintosh%3B+Intel+Mac+OS+X+10_15_7%29+AppleWebKit%2F605.1.15+%28KHTML%2C+like+Gecko%29+Version%2F17.4+Safari%2F605.1.15&browser=1&isHuman=true&userIp=189.226.196.225&what=departamento+iztacalco&search_terms=departamento+iztacalco&origin=2&t_or=2&splitTestId=0,nuroa,216.66666666666666
15000.0,departamento,Iztacalco,Ciudad de México,60.0,2.0,1.0,1.0,https://www.nuroa.com.mx/adform/1330000774896005234?click_type=0&pos=3&listingId=1330000774896005234&siteStrategyKey=https%3A%2F%2Fwww.nuroa.com.mx&url=https%253A%252F%252Fwww.icasas.mx%252FaggregatorDetail%253FadId%253D019cd863-8800-765e-ad6f-0b6179ce9dcf%2526aggregator%253Dmitula%2526utm_content%253D019cd863-8800-765e-ad6f-0b6179ce9dcf_payment&searchType=2&page=2&seo_link_id=1406128909&section=1&t_sec=1&sectionType=1&pageViewId=f92fb558-7afe-4182-a567-80489aca27ce&t_pvid=f92fb558-7afe-4182-a567-80489aca27ce&userAgent=Mozilla%2F5.0+%28Macintosh%3B+Intel+Mac+OS+X+10_15_7%29+AppleWebKit%2F605.1.15+%28KHTML%2C+like+Gecko%29+Version%2F17.4+Safari%2F605.1.15&browser=1&isHuman=true&userIp=189.226.196.225&what=departamento+iztacalco&search_terms=departamento+iztacalco&origin=2&t_or=2&splitTestId=0,nuroa,250.0
19600.0,departamento,Iztacalco,Ciudad de México,82.0,3.0,2.0,1.0,https://www.nuroa.com.mx/conversion/organic/departamento-iztacalco/2/4/universoInmuebles?siteId=409913&clickType=organic&redirectUrl=https%3A%2F%2Fwww.nuroa.com.mx%2Fproperty%2F2690002773664730278%3Fclick_type%3D0%26pos%3D4%26listingId%3D2690002773664730278%26siteStrategyKey%3Dnuroa.com.mx%26url%3Dhttps%25253A%25252F%25252Fwww.universoinmuebles.com%25252Fpropiedad%25252Fdepartamento-en-renta-en-iztacalco-con-3-recamaras-2_36_105219707_7830365%26searchType%3D2%26page%3D2%26seo_link_id%3D1406128909%26section%3D1%26t_sec%3D1%26sectionType%3D1%26pageViewId%3Df92fb558-7afe-4182-a567-80489aca27ce%26t_pvid%3Df92fb558-7afe-4182-a567-80489aca27ce%26userAgent%3DMozilla%252F5.0%2B%2528Macintosh%253B%2BIntel%2BMac%2BOS%2BX%2B10_15_7%2529%2BAppleWebKit%252F605.1.15%2B%2528KHTML%252C%2Blike%2BGecko%2529%2BVersion%252F17.4%2BSafari%252F605.1.15%26browser%3D1%26isHuman%3Dtrue%26userIp%3D189.226.196.225%26what%3Ddepartamento%2Biztacalco%26search_terms%3Ddepartamento%2Biztacalco%26origin%3D2%26t_or%3D2%26splitTestId%3D0%26detailPageUrl%3Dhttps%25253A%25252F%25252Fwww.nuroa.com.mx%25252Fadclickdetail%25252F2690002773664730278%25253Fclick_type%25253D0%252526pos%25253D4%252526listingId%25253D2690002773664730278%252526siteStrategyKey%25253Dhttps%2525253A%2525252F%2525252Fwww.nuroa.com.mx%252526url%25253Dhttps%252525253A%252525252F%252525252Fwww.universoinmuebles.com%252525252Fpropiedad%252525252Fdepartamento-en-renta-en-iztacalco-con-3-recamaras-2_36_105219707_7830365%252526searchType%25253D2%252526page%25253D2%252526seo_link_id%25253D1406128909%252526section%25253D1%252526t_sec%25253D1%252526sectionType%25253D1%252526pageViewId%25253Df92fb558-7afe-4182-a567-80489aca27ce%252526t_pvid%25253Df92fb558-7afe-4182-a567-80489aca27ce%252526userAgent%25253DMozilla%2525252F5.0%25252B%25252528Macintosh%2525253B%25252BIntel%25252BMac%25252BOS%25252BX%25252B10_15_7%25252529%25252BAppleWebKit%2525252F605.1.15%25252B%25252528KHTML%2525252C%25252Blike%25252BGecko%25252529%25252BVersion%2525252F17.4%25252BSafari%2525252F605.1.15%252526browser%25253D1%252526isHuman%25253Dtrue%252526userIp%25253D189.226.196.225%252526what%25253Ddepartamento%25252Biztacalco%252526search_terms%25253Ddepartamento%25252Biztacalco%252526origin%25253D2%252526t_or%25253D2%252526splitTestId%25253D0%252526clickin%25253Dfalse,nuroa,239.02439024390245
16000.0,departamento,Iztacalco,Ciudad de México,80.0,2.0,2.0,1.0,https://www.nuroa.com.mx/conversion/organic/departamento-iztacalco/2/5/universoInmuebles?siteId=409913&clickType=organic&redirectUrl=https%3A%2F%2Fwww.nuroa.com.mx%2Fproperty%2F2090002770554329083%3Fclick_type%3D0%26pos%3D5%26listingId%3D2090002770554329083%26siteStrategyKey%3Dnuroa.com.mx%26url%3Dhttps%25253A%25252F%25252Fwww.universoinmuebles.com%25252Fpropiedad%25252Fdepartamento-en-renta-en-viaducto-piedad-con-2-recamaras-2_36_102513807_7429247%26searchType%3D2%26page%3D2%26seo_link_id%3D1406128909%26section%3D1%26t_sec%3D1%26sectionType%3D1%26pageViewId%3Df92fb558-7afe-4182-a567-80489aca27ce%26t_pvid%3Df92fb558-7afe-4182-a567-80489aca27ce%26userAgent%3DMozilla%252F5.0%2B%2528Macintosh%253B%2BIntel%2BMac%2BOS%2BX%2B10_15_7%2529%2BAppleWebKit%252F605.1.15%2B%2528KHTML%252C%2Blike%2BGecko%2529%2BVersion%252F17.4%2BSafari%252F605.1.15%26browser%3D1%26isHuman%3Dtrue%26userIp%3D189.226.196.225%26what%3Ddepartamento%2Biztacalco%26search_terms%3Ddepartamento%2Biztacalco%26origin%3D2%26t_or%3D2%26splitTestId%3D0%26detailPageUrl%3Dhttps%25253A%25252F%25252Fwww.nuroa.com.mx%25252Fadclickdetail%25252F2090002770554329083%25253Fclick_type%25253D0%252526pos%25253D5%252526listingId%25253D2090002770554329083%252526siteStrategyKey%25253Dhttps%2525253A%2525252F%2525252Fwww.nuroa.com.mx%252526url%25253Dhttps%252525253A%252525252F%252525252Fwww.universoinmuebles.com%252525252Fpropiedad%252525252Fdepartamento-en-renta-en-viaducto-piedad-con-2-recamaras-2_36_102513807_7429247%252526searchType%25253D2%252526page%25253D2%252526seo_link_id%25253D1406128909%252526section%25253D1%252526t_sec%25253D1%252526sectionType%25253D1%252526pageViewId%25253Df92fb558-7afe-4182-a567-80489aca27ce%252526t_pvid%25253Df92fb558-7afe-4182-a567-80489aca27ce%252526userAgent%25253DMozilla%2525252F5.0%25252B%25252528Macintosh%2525253B%25252BIntel%25252BMac%25252BOS%25252BX%25252B10_15_7%25252529%25252BAppleWebKit%2525252F605.1.15%25252B%25252528KHTML%2525252C%25252Blike%25252BGecko%25252529%25252BVersion%2525252F17.4%25252BSafari%2525252F605.1.15%252526browser%25253D1%252526isHuman%25253Dtrue%252526userIp%25253D189.226.196.225%252526what%25253Ddepartamento%25252Biztacalco%252526search_terms%25253Ddepartamento%25252Biztacalco%252526origin%25253D2%252526t_or%25253D2%252526splitTestId%25253D0%252526clickin%25253Dfalse,nuroa,200.0
8500.0,loft,Iztapalapa,Ciudad de México,20.0,1.0,1.0,,https://www.nuroa.com.mx/adform/1070000780663254797?click_type=0&pos=1&listingId=1070000780663254797&siteStrategyKey=https%3A%2F%2Fwww.nuroa.com.mx&url=https%253A%252F%252Fwww.icasas.mx%252FaggregatorDetail%253FadId%253D019e954f-cfc3-7af1-aa88-399598584e42%2526aggregator%253Dmitula%2526utm_content%253D019e954f-cfc3-7af1-aa88-399598584e42_payment&searchType=2&page=1&seo_link_id=1406128940&section=1&t_sec=1&sectionType=1&pageViewId=746d0a25-f0f3-445a-b944-cee9ad86c8b1&t_pvid=746d0a25-f0f3-445a-b944-cee9ad86c8b1&userAgent=Mozilla%2F5.0+%28Windows+NT+10.0%3B+Win64%3B+x64%3B+rv%3A125.0%29+Gecko%2F20100101+Firefox%2F125.0&browser=1&isHuman=true&userIp=189.226.196.225&what=departamento+iztapalapa&search_terms=departamento+iztapalapa&origin=2&t_or=2&splitTestId=0,nuroa,425.0
17200.0,departamento,Iztapalapa,Ciudad de México,130.0,3.0,1.0,,https://www.nuroa.com.mx/adform/5800000772714210721?click_type=0&pos=4&listingId=5800000772714210721&siteStrategyKey=https%3A%2F%2Fwww.nuroa.com.mx&url=https%253A%252F%252Fwww.icasas.mx%252FaggregatorDetail%253FadId%253D019e4d9b-c00f-77ba-9668-f34be21b4a9f%2526aggregator%253Dmitula%2526utm_content%253D019e4d9b-c00f-77ba-9668-f34be21b4a9f_payment&searchType=2&page=1&seo_link_id=1406128940&section=1&t_sec=1&sectionType=1&pageViewId=746d0a25-f0f3-445a-b944-cee9ad86c8b1&t_pvid=746d0a25-f0f3-445a-b944-cee9ad86c8b1&userAgent=Mozilla%2F5.0+%28Windows+NT+10.0%3B+Win64%3B+x64%3B+rv%3A125.0%29+Gecko%2F20100101+Firefox%2F125.0&browser=1&isHuman=true&userIp=189.226.196.225&what=departamento+iztapalapa&search_terms=departamento+iztapalapa&origin=2&t_or=2&splitTestId=0,nuroa,132.30769230769232
17200.0,departamento,Iztapalapa,Ciudad de México,70.0,3.0,1.0,,https://www.nuroa.com.mx/adform/4250000772714253901?click_type=0&pos=5&listingId=4250000772714253901&siteStrategyKey=https%3A%2F%2Fwww.nuroa.com.mx&url=https%253A%252F%252Fwww.icasas.mx%252FaggregatorDetail%253FadId%253D019e4d9b-c632-72c0-be7a-bfe530e66f76%2526aggregator%253Dmitula%2526utm_content%253D019e4d9b-c632-72c0-be7a-bfe530e66f76_payment&searchType=2&page=1&seo_link_id=1406128940&section=1&t_sec=1&sectionType=1&pageViewId=746d0a25-f0f3-445a-b944-cee9ad86c8b1&t_pvid=746d0a25-f0f3-445a-b944-cee9ad86c8b1&userAgent=Mozilla%2F5.0+%28Windows+NT+10.0%3B+Win64%3B+x64%3B+rv%3A125.0%29+Gecko%2F20100101+Firefox%2F125.0&browser=1&isHuman=true&userIp=189.226.196.225&what=departamento+iztapalapa&search_terms=departamento+iztapalapa&origin=2&t_or=2&splitTestId=0,nuroa,245.71428571428572
10000.0,departamento,Iztapalapa,Ciudad de México,60.0,2.0,2.0,,https://www.nuroa.com.mx/conversion/organic/departamento-iztapalapa/1/6/rentumo?siteId=411993&clickType=organic&redirectUrl=https%3A%2F%2Fwww.nuroa.com.mx%2Fproperty%2F1330002780490249079%3Fclick_type%3D0%26pos%3D6%26listingId%3D1330002780490249079%26siteStrategyKey%3Dnuroa.com.mx%26url%3Dhttps%25253A%25252F%25252Frentumo.mx%25252Flistados%25252Fdepartamento-en-renta-en-planta-baja-iztapalapa-60420%26searchType%3D2%26page%3D1%26seo_link_id%3D1406128940%26section%3D1%26t_sec%3D1%26sectionType%3D1%26pageViewId%3D746d0a25-f0f3-445a-b944-cee9ad86c8b1%26t_pvid%3D746d0a25-f0f3-445a-b944-cee9ad86c8b1%26userAgent%3DMozilla%252F5.0%2B%2528Windows%2BNT%2B10.0%253B%2BWin64%253B%2Bx64%253B%2Brv%253A125.0%2529%2BGecko%252F20100101%2BFirefox%252F125.0%26browser%3D1%26isHuman%3Dtrue%26userIp%3D189.226.196.225%26what%3Ddepartamento%2Biztapalapa%26search_terms%3Ddepartamento%2Biztapalapa%26origin%3D2%26t_or%3D2%26splitTestId%3D0%26detailPageUrl%3Dhttps%25253A%25252F%25252Fwww.nuroa.com.mx%25252Fadclickdetail%25252F1330002780490249079%25253Fclick_type%25253D0%252526pos%25253D6%252526listingId%25253D1330002780490249079%252526siteStrategyKey%25253Dhttps%2525253A%2525252F%2525252Fwww.nuroa.com.mx%252526url%25253Dhttps%252525253A%252525252F%252525252Frentumo.mx%252525252Flistados%252525252Fdepartamento-en-renta-en-planta-baja-iztapalapa-60420%252526searchType%25253D2%252526page%25253D1%252526seo_link_id%25253D1406128940%252526section%25253D1%252526t_sec%25253D1%252526sectionType%25253D1%252526pageViewId%25253D746d0a25-f0f3-445a-b944-cee9ad86c8b1%252526t_pvid%25253D746d0a25-f0f3-445a-b944-cee9ad86c8b1%252526userAgent%25253DMozilla%2525252F5.0%25252B%25252528Windows%25252BNT%25252B10.0%2525253B%25252BWin64%2525253B%25252Bx64%2525253B%25252Brv%2525253A125.0%25252529%25252BGecko%2525252F20100101%25252BFirefox%2525252F125.0%252526browser%25253D1%252526isHuman%25253Dtrue%252526userIp%25253D189.226.196.225%252526what%25253Ddepartamento%25252Biztapalapa%252526search_terms%25253Ddepartamento%25252Biztapalapa%252526origin%25253D2%252526t_or%25253D2%252526splitTestId%25253D0%252526clickin%25253Dfalse,nuroa,166.66666666666666
9000.0,departamento,Iztapalapa,Ciudad de México,42.0,2.0,1.0,,https://www.nuroa.com.mx/conversion/organic/departamento-iztapalapa/1/7/rentumo?siteId=411993&clickType=organic&redirectUrl=https%3A%2F%2Fwww.nuroa.com.mx%2Fproperty%2F3720002779885437925%3Fclick_type%3D0%26pos%3D7%26listingId%3D3720002779885437925%26siteStrategyKey%3Dnuroa.com.mx%26url%3Dhttps%25253A%25252F%25252Frentumo.mx%25252Flistados%25252Fiztapalapa-avenida-del-rosal-ciudad-de-mexico-55063%26searchType%3D2%26page%3D1%26seo_link_id%3D1406128940%26section%3D1%26t_sec%3D1%26sectionType%3D1%26pageViewId%3D746d0a25-f0f3-445a-b944-cee9ad86c8b1%26t_pvid%3D746d0a25-f0f3-445a-b944-cee9ad86c8b1%26userAgent%3DMozilla%252F5.0%2B%2528Windows%2BNT%2B10.0%253B%2BWin64%253B%2Bx64%253B%2Brv%253A125.0%2529%2BGecko%252F20100101%2BFirefox%252F125.0%26browser%3D1%26isHuman%3Dtrue%26userIp%3D189.226.196.225%26what%3Ddepartamento%2Biztapalapa%26search_terms%3Ddepartamento%2Biztapalapa%26origin%3D2%26t_or%3D2%26splitTestId%3D0%26detailPageUrl%3Dhttps%25253A%25252F%25252Fwww.nuroa.com.mx%25252Fadclickdetail%25252F3720002779885437925%25253Fclick_type%25253D0%252526pos%25253D7%252526listingId%25253D3720002779885437925%252526siteStrategyKey%25253Dhttps%2525253A%2525252F%2525252Fwww.nuroa.com.mx%252526url%25253Dhttps%252525253A%252525252F%252525252Frentumo.mx%252525252Flistados%252525252Fiztapalapa-avenida-del-rosal-ciudad-de-mexico-55063%252526searchType%25253D2%252526page%25253D1%252526seo_link_id%25253D1406128940%252526section%25253D1%252526t_sec%25253D1%252526sectionType%25253D1%252526pageViewId%25253D746d0a25-f0f3-445a-b944-cee9ad86c8b1%252526t_pvid%25253D746d0a25-f0f3-445a-b944-cee9ad86c8b1%252526userAgent%25253DMozilla%2525252F5.0%25252B%25252528Windows%25252BNT%25252B10.0%2525253B%25252BWin64%2525253B%25252Bx64%2525253B%25252Brv%2525253A125.0%25252529%25252BGecko%2525252F20100101%25252BFirefox%2525252F125.0%252526browser%25253D1%252526isHuman%25253Dtrue%252526userIp%25253D189.226.196.225%252526what%25253Ddepartamento%25252Biztapalapa%252526search_terms%25253Ddepartamento%25252Biztapalapa%252526origin%25253D2%252526t_or%25253D2%252526splitTestId%25253D0%252526clickin%25253Dfalse,nuroa,214.28571428571428
10000.0,departamento,Iztapalapa,Ciudad de México,63.0,2.0,1.0,1.0,https://www.nuroa.com.mx/conversion/organic/departamento-iztapalapa/1/8/rentumo?siteId=411993&clickType=organic&redirectUrl=https%3A%2F%2Fwww.nuroa.com.mx%2Fproperty%2F7330002778762584081%3Fclick_type%3D0%26pos%3D8%26listingId%3D7330002778762584081%26siteStrategyKey%3Dnuroa.com.mx%26url%3Dhttps%25253A%25252F%25252Frentumo.mx%25252Flistados%25252Frenta-de-departamento-en-ermita-iztapalapa-46160%26searchType%3D2%26page%3D1%26seo_link_id%3D1406128940%26section%3D1%26t_sec%3D1%26sectionType%3D1%26pageViewId%3D746d0a25-f0f3-445a-b944-cee9ad86c8b1%26t_pvid%3D746d0a25-f0f3-445a-b944-cee9ad86c8b1%26userAgent%3DMozilla%252F5.0%2B%2528Windows%2BNT%2B10.0%253B%2BWin64%253B%2Bx64%253B%2Brv%253A125.0%2529%2BGecko%252F20100101%2BFirefox%252F125.0%26browser%3D1%26isHuman%3Dtrue%26userIp%3D189.226.196.225%26what%3Ddepartamento%2Biztapalapa%26search_terms%3Ddepartamento%2Biztapalapa%26origin%3D2%26t_or%3D2%26splitTestId%3D0%26detailPageUrl%3Dhttps%25253A%25252F%25252Fwww.nuroa.com.mx%25252Fadclickdetail%25252F7330002778762584081%25253Fclick_type%25253D0%252526pos%25253D8%252526listingId%25253D7330002778762584081%252526siteStrategyKey%25253Dhttps%2525253A%2525252F%2525252Fwww.nuroa.com.mx%252526url%25253Dhttps%252525253A%252525252F%252525252Frentumo.mx%252525252Flistados%252525252Frenta-de-departamento-en-ermita-iztapalapa-46160%252526searchType%25253D2%252526page%25253D1%252526seo_link_id%25253D1406128940%252526section%25253D1%252526t_sec%25253D1%252526sectionType%25253D1%252526pageViewId%25253D746d0a25-f0f3-445a-b944-cee9ad86c8b1%252526t_pvid%25253D746d0a25-f0f3-445a-b944-cee9ad86c8b1%252526userAgent%25253DMozilla%2525252F5.0%25252B%25252528Windows%25252BNT%25252B10.0%2525253B%25252BWin64%2525253B%25252Bx64%2525253B%25252Brv%2525253A125.0%25252529%25252BGecko%2525252F20100101%25252BFirefox%2525252F125.0%252526browser%25253D1%252526isHuman%25253Dtrue%252526userIp%25253D189.226.196.225%252526what%25253Ddepartamento%25252Biztapalapa%252526search_terms%25253Ddepartamento%25252Biztapalapa%252526origin%25253D2%252526t_or%25253D2%252526splitTestId%25253D0%252526clickin%25253Dfalse,nuroa,158.73015873015873
28500.0,departamento,Iztapalapa,Ciudad de México,180.0,3.0,2.0,1.0,https://www.nuroa.com.mx/conversion/organic/departamento-iztapalapa/1/9/rentumo?siteId=411993&clickType=organic&redirectUrl=https%3A%2F%2Fwww.nuroa.com.mx%2Fproperty%2F1850003779799341805%3Fclick_type%3D0%26pos%3D9%26listingId%3D1850003779799341805%26siteStrategyKey%3Dnuroa.com.mx%26url%3Dhttps%25253A%25252F%25252Frentumo.mx%25252Flistados%25252Fdepartamento-renta-col-sinatel-iztapalapa-42684%26searchType%3D2%26page%3D1%26seo_link_id%3D1406128940%26section%3D1%26t_sec%3D1%26sectionType%3D1%26pageViewId%3D746d0a25-f0f3-445a-b944-cee9ad86c8b1%26t_pvid%3D746d0a25-f0f3-445a-b944-cee9ad86c8b1%26userAgent%3DMozilla%252F5.0%2B%2528Windows%2BNT%2B10.0%253B%2BWin64%253B%2Bx64%253B%2Brv%253A125.0%2529%2BGecko%252F20100101%2BFirefox%252F125.0%26browser%3D1%26isHuman%3Dtrue%26userIp%3D189.226.196.225%26what%3Ddepartamento%2Biztapalapa%26search_terms%3Ddepartamento%2Biztapalapa%26origin%3D2%26t_or%3D2%26splitTestId%3D0%26detailPageUrl%3Dhttps%25253A%25252F%25252Fwww.nuroa.com.mx%25252Fadclickdetail%25252F1850003779799341805%25253Fclick_type%25253D0%252526pos%25253D9%252526listingId%25253D1850003779799341805%252526siteStrategyKey%25253Dhttps%2525253A%2525252F%2525252Fwww.nuroa.com.mx%252526url%25253Dhttps%252525253A%252525252F%252525252Frentumo.mx%252525252Flistados%252525252Fdepartamento-renta-col-sinatel-iztapalapa-42684%252526searchType%25253D2%252526page%25253D1%252526seo_link_id%25253D1406128940%252526section%25253D1%252526t_sec%25253D1%252526sectionType%25253D1%252526pageViewId%25253D746d0a25-f0f3-445a-b944-cee9ad86c8b1%252526t_pvid%25253D746d0a25-f0f3-445a-b944-cee9ad86c8b1%252526userAgent%25253DMozilla%2525252F5.0%25252B%25252528Windows%25252BNT%25252B10.0%2525253B%25252BWin64%2525253B%25252Bx64%2525253B%25252Brv%2525253A125.0%25252529%25252BGecko%2525252F20100101%25252BFirefox%2525252F125.0%252526browser%25253D1%252526isHuman%25253Dtrue%252526userIp%25253D189.226.196.225%252526what%25253Ddepartamento%25252Biztapalapa%252526search_terms%25253Ddepartamento%25252Biztapalapa%252526origin%25253D2%252526t_or%25253D2%252526splitTestId%25253D0%252526clickin%25253Dfalse,nuroa,158.33333333333334
7500.0,departamento,Iztapalapa,Ciudad de México,65.0,2.0,1.0,1.0,https://www.nuroa.com.mx/conversion/organic/departamento-iztapalapa/1/10/casacompara-com-mx?siteId=407109&clickType=organic&redirectUrl=https%3A%2F%2Fwww.nuroa.com.mx%2Fproperty%2F8910001781008498717%3Fclick_type%3D0%26pos%3D10%26listingId%3D8910001781008498717%26siteStrategyKey%3Dnuroa.com.mx%26url%3Dhttps%25253A%25252F%25252Finmuebles.nocnok.com%25252Fpropiedad%25252Fdepartamento-en-renta%25252Fciudad-de-mexico%25252Fiztapalapa%25252Fdesarrollo-urbano-quetzalcoatl-id-nn-hac130%25253Fcsid%25253Dtrovit-mx%26searchType%3D2%26page%3D1%26seo_link_id%3D1406128940%26section%3D1%26t_sec%3D1%26sectionType%3D1%26pageViewId%3D746d0a25-f0f3-445a-b944-cee9ad86c8b1%26t_pvid%3D746d0a25-f0f3-445a-b944-cee9ad86c8b1%26userAgent%3DMozilla%252F5.0%2B%2528Windows%2BNT%2B10.0%253B%2BWin64%253B%2Bx64%253B%2Brv%253A125.0%2529%2BGecko%252F20100101%2BFirefox%252F125.0%26browser%3D1%26isHuman%3Dtrue%26userIp%3D189.226.196.225%26what%3Ddepartamento%2Biztapalapa%26search_terms%3Ddepartamento%2Biztapalapa%26origin%3D2%26t_or%3D2%26splitTestId%3D0%26detailPageUrl%3Dhttps%25253A%25252F%25252Fwww.nuroa.com.mx%25252Fadclickdetail%25252F8910001781008498717%25253Fclick_type%25253D0%252526pos%25253D10%252526listingId%25253D8910001781008498717%252526siteStrategyKey%25253Dhttps%2525253A%2525252F%2525252Fwww.nuroa.com.mx%252526url%25253Dhttps%252525253A%252525252F%252525252Finmuebles.nocnok.com%252525252Fpropiedad%252525252Fdepartamento-en-renta%252525252Fciudad-de-mexico%252525252Fiztapalapa%252525252Fdesarrollo-urbano-quetzalcoatl-id-nn-hac130%252525253Fcsid%252525253Dtrovit-mx%252526searchType%25253D2%252526page%25253D1%252526seo_link_id%25253D1406128940%252526section%25253D1%252526t_sec%25253D1%252526sectionType%25253D1%252526pageViewId%25253D746d0a25-f0f3-445a-b944-cee9ad86c8b1%252526t_pvid%25253D746d0a25-f0f3-445a-b944-cee9ad86c8b1%252526userAgent%25253DMozilla%2525252F5.0%25252B%25252528Windows%25252BNT%25252B10.0%2525253B%25252BWin64%2525253B%25252Bx64%2525253B%25252Brv%2525253A125.0%25252529%25252BGecko%2525252F20100101%25252BFirefox%2525252F125.0%252526browser%25253D1%252526isHuman%25253Dtrue%252526userIp%25253D189.226.196.225%252526what%25253Ddepartamento%25252Biztapalapa%252526search_terms%25253Ddepartamento%25252Biztapalapa%252526origin%25253D2%252526t_or%25253D2%252526splitTestId%25253D0%252526clickin%25253Dfalse,nuroa,115.38461538461539
6000.0,departamento,Iztapalapa,Ciudad de México,56.0,1.0,1.0,1.0,https://www.nuroa.com.mx/conversion/organic/departamento-iztapalapa/1/11/casacompara-com-mx?siteId=407109&clickType=organic&redirectUrl=https%3A%2F%2Fwww.nuroa.com.mx%2Fproperty%2F1760003781267716523%3Fclick_type%3D0%26pos%3D11%26listingId%3D1760003781267716523%26siteStrategyKey%3Dnuroa.com.mx%26url%3Dhttps%25253A%25252F%25252Finmuebles.nocnok.com%25252Fpropiedad%25252Fdepartamento-en-renta%25252Fciudad-de-mexico%25252Fiztapalapa%25252Fdesarrollo-urbano-quetzalcoatl-id-nn-hag367%25253Fcsid%25253Dtrovit-mx%26searchType%3D2%26page%3D1%26seo_link_id%3D1406128940%26section%3D1%26t_sec%3D1%26sectionType%3D1%26pageViewId%3D746d0a25-f0f3-445a-b944-cee9ad86c8b1%26t_pvid%3D746d0a25-f0f3-445a-b944-cee9ad86c8b1%26userAgent%3DMozilla%252F5.0%2B%2528Windows%2BNT%2B10.0%253B%2BWin64%253B%2Bx64%253B%2Brv%253A125.0%2529%2BGecko%252F20100101%2BFirefox%252F125.0%26browser%3D1%26isHuman%3Dtrue%26userIp%3D189.226.196.225%26what%3Ddepartamento%2Biztapalapa%26search_terms%3Ddepartamento%2Biztapalapa%26origin%3D2%26t_or%3D2%26splitTestId%3D0%26detailPageUrl%3Dhttps%25253A%25252F%25252Fwww.nuroa.com.mx%25252Fadclickdetail%25252F1760003781267716523%25253Fclick_type%25253D0%252526pos%25253D11%252526listingId%25253D1760003781267716523%252526siteStrategyKey%25253Dhttps%2525253A%2525252F%2525252Fwww.nuroa.com.mx%252526url%25253Dhttps%252525253A%252525252F%252525252Finmuebles.nocnok.com%252525252Fpropiedad%252525252Fdepartamento-en-renta%252525252Fciudad-de-mexico%252525252Fiztapalapa%252525252Fdesarrollo-urbano-quetzalcoatl-id-nn-hag367%252525253Fcsid%252525253Dtrovit-mx%252526searchType%25253D2%252526page%25253D1%252526seo_link_id%25253D1406128940%252526section%25253D1%252526t_sec%25253D1%252526sectionType%25253D1%252526pageViewId%25253D746d0a25-f0f3-445a-b944-cee9ad86c8b1%252526t_pvid%25253D746d0a25-f0f3-445a-b944-cee9ad86c8b1%252526userAgent%25253DMozilla%2525252F5.0%25252B%25252528Windows%25252BNT%25252B10.0%2525253B%25252BWin64%2525253B%25252Bx64%2525253B%25252Brv%2525253A125.0%25252529%25252BGecko%2525252F20100101%25252BFirefox%2525252F125.0%252526browser%25253D1%252526isHuman%25253Dtrue%252526userIp%25253D189.226.196.225%252526what%25253Ddepartamento%25252Biztapalapa%252526search_terms%25253Ddepartamento%25252Biztapalapa%252526origin%25253D2%252526t_or%25253D2%252526splitTestId%25253D0%252526clickin%25253Dfalse,nuroa,107.14285714285714
8000.0,departamento,Iztapalapa,Ciudad de México,70.0,3.0,1.0,1.0,https://www.nuroa.com.mx/adform/4820000781095018691?click_type=0&pos=12&listingId=4820000781095018691&siteStrategyKey=https%3A%2F%2Fwww.nuroa.com.mx&url=https%253A%252F%252Fwww.icasas.mx%252FaggregatorDetail%253FadId%253D019eadf7-8e07-78aa-a56d-a22108d9f25d%2526aggregator%253Dmitula%2526utm_content%253D019eadf7-8e07-78aa-a56d-a22108d9f25d_payment&searchType=2&page=1&seo_link_id=1406128940&section=1&t_sec=1&sectionType=1&pageViewId=746d0a25-f0f3-445a-b944-cee9ad86c8b1&t_pvid=746d0a25-f0f3-445a-b944-cee9ad86c8b1&userAgent=Mozilla%2F5.0+%28Windows+NT+10.0%3B+Win64%3B+x64%3B+rv%3A125.0%29+Gecko%2F20100101+Firefox%2F125.0&browser=1&isHuman=true&userIp=189.226.196.225&what=departamento+iztapalapa&search_terms=departamento+iztapalapa&origin=2&t_or=2&splitTestId=0,nuroa,114.28571428571429
11000.0,departamento,Iztapalapa,Ciudad de México,49.0,2.0,1.0,1.0,https://www.nuroa.com.mx/adform/6400000780490230599?click_type=0&pos=14&listingId=6400000780490230599&siteStrategyKey=https%3A%2F%2Fwww.nuroa.com.mx&url=https%253A%252F%252Fwww.icasas.mx%252FaggregatorDetail%253FadId%253D019e8b35-0685-77bd-b79c-4796bd6aaba2%2526aggregator%253Dmitula%2526utm_content%253D019e8b35-0685-77bd-b79c-4796bd6aaba2_payment&searchType=2&page=1&seo_link_id=1406128940&section=1&t_sec=1&sectionType=1&pageViewId=746d0a25-f0f3-445a-b944-cee9ad86c8b1&t_pvid=746d0a25-f0f3-445a-b944-cee9ad86c8b1&userAgent=Mozilla%2F5.0+%28Windows+NT+10.0%3B+Win64%3B+x64%3B+rv%3A125.0%29+Gecko%2F20100101+Firefox%2F125.0&browser=1&isHuman=true&userIp=189.226.196.225&what=departamento+iztapalapa&search_terms=departamento+iztapalapa&origin=2&t_or=2&splitTestId=0,nuroa,224.48979591836735
23000.0,departamento,Iztapalapa,Ciudad de México,120.0,2.0,3.0,,https://www.nuroa.com.mx/conversion/organic/departamento-iztapalapa/1/15/casacompara-com-mx?siteId=407109&clickType=organic&redirectUrl=https%3A%2F%2Fwww.nuroa.com.mx%2Fproperty%2F6320003780576514668%3Fclick_type%3D0%26pos%3D15%26listingId%3D6320003780576514668%26siteStrategyKey%3Dnuroa.com.mx%26url%3Dhttps%25253A%25252F%25252Finmuebles.nocnok.com%25252Fpropiedad%25252Fdepartamento-en-renta%25252Fciudad-de-mexico%25252Fiztapalapa%25252Fsinatel-id-nn-gzz409%25253Fcsid%25253Dtrovit-mx%26searchType%3D2%26page%3D1%26seo_link_id%3D1406128940%26section%3D1%26t_sec%3D1%26sectionType%3D1%26pageViewId%3D746d0a25-f0f3-445a-b944-cee9ad86c8b1%26t_pvid%3D746d0a25-f0f3-445a-b944-cee9ad86c8b1%26userAgent%3DMozilla%252F5.0%2B%2528Windows%2BNT%2B10.0%253B%2BWin64%253B%2Bx64%253B%2Brv%253A125.0%2529%2BGecko%252F20100101%2BFirefox%252F125.0%26browser%3D1%26isHuman%3Dtrue%26userIp%3D189.226.196.225%26what%3Ddepartamento%2Biztapalapa%26search_terms%3Ddepartamento%2Biztapalapa%26origin%3D2%26t_or%3D2%26splitTestId%3D0%26detailPageUrl%3Dhttps%25253A%25252F%25252Fwww.nuroa.com.mx%25252Fadclickdetail%25252F6320003780576514668%25253Fclick_type%25253D0%252526pos%25253D15%252526listingId%25253D6320003780576514668%252526siteStrategyKey%25253Dhttps%2525253A%2525252F%2525252Fwww.nuroa.com.mx%252526url%25253Dhttps%252525253A%252525252F%252525252Finmuebles.nocnok.com%252525252Fpropiedad%252525252Fdepartamento-en-renta%252525252Fciudad-de-mexico%252525252Fiztapalapa%252525252Fsinatel-id-nn-gzz409%252525253Fcsid%252525253Dtrovit-mx%252526searchType%25253D2%252526page%25253D1%252526seo_link_id%25253D1406128940%252526section%25253D1%252526t_sec%25253D1%252526sectionType%25253D1%252526pageViewId%25253D746d0a25-f0f3-445a-b944-cee9ad86c8b1%252526t_pvid%25253D746d0a25-f0f3-445a-b944-cee9ad86c8b1%252526userAgent%25253DMozilla%2525252F5.0%25252B%25252528Windows%25252BNT%25252B10.0%2525253B%25252BWin64%2525253B%25252Bx64%2525253B%25252Brv%2525253A125.0%25252529%25252BGecko%2525252F20100101%25252BFirefox%2525252F125.0%252526browser%25253D1%252526isHuman%25253Dtrue%252526userIp%25253D189.226.196.225%252526what%25253Ddepartamento%25252Biztapalapa%252526search_terms%25253Ddepartamento%25252Biztapalapa%252526origin%25253D2%252526t_or%25253D2%252526splitTestId%25253D0%252526clickin%25253Dfalse,nuroa,191.66666666666666
8000.0,departamento,Iztapalapa,Ciudad de México,50.0,2.0,1.0,,https://www.nuroa.com.mx/adform/1080000779453322514?click_type=0&pos=20&listingId=1080000779453322514&siteStrategyKey=https%3A%2F%2Fwww.nuroa.com.mx&url=https%253A%252F%252Fwww.icasas.mx%252FaggregatorDetail%253FadId%253D019e4d4a-5c80-7815-901f-a95f233f7196%2526aggregator%253Dmitula%2526utm_content%253D019e4d4a-5c80-7815-901f-a95f233f7196_payment&searchType=2&page=1&seo_link_id=1406128940&section=1&t_sec=1&sectionType=1&pageViewId=746d0a25-f0f3-445a-b944-cee9ad86c8b1&t_pvid=746d0a25-f0f3-445a-b944-cee9ad86c8b1&userAgent=Mozilla%2F5.0+%28Windows+NT+10.0%3B+Win64%3B+x64%3B+rv%3A125.0%29+Gecko%2F20100101+Firefox%2F125.0&browser=1&isHuman=true&userIp=189.226.196.225&what=departamento+iztapalapa&search_terms=departamento+iztapalapa&origin=2&t_or=2&splitTestId=0,nuroa,160.0
12500.0,departamento,Iztapalapa,Ciudad de México,100.0,2.0,2.0,1.0,https://www.nuroa.com.mx/conversion/organic/departamento-iztapalapa/1/21/doplim-com-mx?siteId=405719&clickType=organic&redirectUrl=https%3A%2F%2Fwww.nuroa.com.mx%2Fproperty%2F8050003768394311846%3Fclick_type%3D0%26pos%3D21%26listingId%3D8050003768394311846%26siteStrategyKey%3Dnuroa.com.mx%26url%3Dhttps%25253A%25252F%25252Fiztapalapa.doplim.com.mx%25252Fdepartamento-en-renta-amp-veracruzana-iztapalapa-id-4534765.html%26searchType%3D2%26page%3D1%26seo_link_id%3D1406128940%26section%3D1%26t_sec%3D1%26sectionType%3D1%26pageViewId%3D746d0a25-f0f3-445a-b944-cee9ad86c8b1%26t_pvid%3D746d0a25-f0f3-445a-b944-cee9ad86c8b1%26userAgent%3DMozilla%252F5.0%2B%2528Windows%2BNT%2B10.0%253B%2BWin64%253B%2Bx64%253B%2Brv%253A125.0%2529%2BGecko%252F20100101%2BFirefox%252F125.0%26browser%3D1%26isHuman%3Dtrue%26userIp%3D189.226.196.225%26what%3Ddepartamento%2Biztapalapa%26search_terms%3Ddepartamento%2Biztapalapa%26origin%3D2%26t_or%3D2%26splitTestId%3D0%26detailPageUrl%3Dhttps%25253A%25252F%25252Fwww.nuroa.com.mx%25252Fadclickdetail%25252F8050003768394311846%25253Fclick_type%25253D0%252526pos%25253D21%252526listingId%25253D8050003768394311846%252526siteStrategyKey%25253Dhttps%2525253A%2525252F%2525252Fwww.nuroa.com.mx%252526url%25253Dhttps%252525253A%252525252F%252525252Fiztapalapa.doplim.com.mx%252525252Fdepartamento-en-renta-amp-veracruzana-iztapalapa-id-4534765.html%252526searchType%25253D2%252526page%25253D1%252526seo_link_id%25253D1406128940%252526section%25253D1%252526t_sec%25253D1%252526sectionType%25253D1%252526pageViewId%25253D746d0a25-f0f3-445a-b944-cee9ad86c8b1%252526t_pvid%25253D746d0a25-f0f3-445a-b944-cee9ad86c8b1%252526userAgent%25253DMozilla%2525252F5.0%25252B%25252528Windows%25252BNT%25252B10.0%2525253B%25252BWin64%2525253B%25252Bx64%2525253B%25252Brv%2525253A125.0%25252529%25252BGecko%2525252F20100101%25252BFirefox%2525252F125.0%252526browser%25253D1%252526isHuman%25253Dtrue%252526userIp%25253D189.226.196.225%252526what%25253Ddepartamento%25252Biztapalapa%252526search_terms%25253Ddepartamento%25252Biztapalapa%252526origin%25253D2%252526t_or%25253D2%252526splitTestId%25253D0%252526clickin%25253Dfalse,nuroa,125.0
10500.0,departamento,Iztapalapa,Ciudad de México,55.0,2.0,1.0,1.0,https://www.nuroa.com.mx/conversion/organic/departamento-iztapalapa/1/22/tuportalonline-com?siteId=406267&clickType=organic&redirectUrl=https%3A%2F%2Fwww.nuroa.com.mx%2Fproperty%2F1970000768567178677%3Fclick_type%3D0%26pos%3D22%26listingId%3D1970000768567178677%26siteStrategyKey%3Dnuroa.com.mx%26url%3Dhttps%25253A%25252F%25252Fwww.tuportalonline.com%25252Finmueble%25252Fiztapalapa-juan-escutia-alquiler-departamento-2-recamaras-2_36_104051955_7055389%26searchType%3D2%26page%3D1%26seo_link_id%3D1406128940%26section%3D1%26t_sec%3D1%26sectionType%3D1%26pageViewId%3D746d0a25-f0f3-445a-b944-cee9ad86c8b1%26t_pvid%3D746d0a25-f0f3-445a-b944-cee9ad86c8b1%26userAgent%3DMozilla%252F5.0%2B%2528Windows%2BNT%2B10.0%253B%2BWin64%253B%2Bx64%253B%2Brv%253A125.0%2529%2BGecko%252F20100101%2BFirefox%252F125.0%26browser%3D1%26isHuman%3Dtrue%26userIp%3D189.226.196.225%26what%3Ddepartamento%2Biztapalapa%26search_terms%3Ddepartamento%2Biztapalapa%26origin%3D2%26t_or%3D2%26splitTestId%3D0%26detailPageUrl%3Dhttps%25253A%25252F%25252Fwww.nuroa.com.mx%25252Fadclickdetail%25252F1970000768567178677%25253Fclick_type%25253D0%252526pos%25253D22%252526listingId%25253D1970000768567178677%252526siteStrategyKey%25253Dhttps%2525253A%2525252F%2525252Fwww.nuroa.com.mx%252526url%25253Dhttps%252525253A%252525252F%252525252Fwww.tuportalonline.com%252525252Finmueble%252525252Fiztapalapa-juan-escutia-alquiler-departamento-2-recamaras-2_36_104051955_7055389%252526searchType%25253D2%252526page%25253D1%252526seo_link_id%25253D1406128940%252526section%25253D1%252526t_sec%25253D1%252526sectionType%25253D1%252526pageViewId%25253D746d0a25-f0f3-445a-b944-cee9ad86c8b1%252526t_pvid%25253D746d0a25-f0f3-445a-b944-cee9ad86c8b1%252526userAgent%25253DMozilla%2525252F5.0%25252B%25252528Windows%25252BNT%25252B10.0%2525253B%25252BWin64%2525253B%25252Bx64%2525253B%25252Brv%2525253A125.0%25252529%25252BGecko%2525252F20100101%25252BFirefox%2525252F125.0%252526browser%25253D1%252526isHuman%25253Dtrue%252526userIp%25253D189.226.196.225%252526what%25253Ddepartamento%25252Biztapalapa%252526search_terms%25253Ddepartamento%25252Biztapalapa%252526origin%25253D2%252526t_or%25253D2%252526splitTestId%25253D0%252526clickin%25253Dfalse,nuroa,190.9090909090909
8500.0,departamento,Iztapalapa,Ciudad de México,45.0,1.0,1.0,1.0,https://www.nuroa.com.mx/conversion/organic/departamento-iztapalapa/1/23/tuportalonline-com?siteId=406267&clickType=organic&redirectUrl=https%3A%2F%2Fwww.nuroa.com.mx%2Fproperty%2F2170000768567178694%3Fclick_type%3D0%26pos%3D23%26listingId%3D2170000768567178694%26siteStrategyKey%3Dnuroa.com.mx%26url%3Dhttps%25253A%25252F%25252Fwww.tuportalonline.com%25252Finmueble%25252Fiztapalapa-juan-escutia-alquiler-departamento-1-recamara-2_36_104052147_7055278%26searchType%3D2%26page%3D1%26seo_link_id%3D1406128940%26section%3D1%26t_sec%3D1%26sectionType%3D1%26pageViewId%3D746d0a25-f0f3-445a-b944-cee9ad86c8b1%26t_pvid%3D746d0a25-f0f3-445a-b944-cee9ad86c8b1%26userAgent%3DMozilla%252F5.0%2B%2528Windows%2BNT%2B10.0%253B%2BWin64%253B%2Bx64%253B%2Brv%253A125.0%2529%2BGecko%252F20100101%2BFirefox%252F125.0%26browser%3D1%26isHuman%3Dtrue%26userIp%3D189.226.196.225%26what%3Ddepartamento%2Biztapalapa%26search_terms%3Ddepartamento%2Biztapalapa%26origin%3D2%26t_or%3D2%26splitTestId%3D0%26detailPageUrl%3Dhttps%25253A%25252F%25252Fwww.nuroa.com.mx%25252Fadclickdetail%25252F2170000768567178694%25253Fclick_type%25253D0%252526pos%25253D23%252526listingId%25253D2170000768567178694%252526siteStrategyKey%25253Dhttps%2525253A%2525252F%2525252Fwww.nuroa.com.mx%252526url%25253Dhttps%252525253A%252525252F%252525252Fwww.tuportalonline.com%252525252Finmueble%252525252Fiztapalapa-juan-escutia-alquiler-departamento-1-recamara-2_36_104052147_7055278%252526searchType%25253D2%252526page%25253D1%252526seo_link_id%25253D1406128940%252526section%25253D1%252526t_sec%25253D1%252526sectionType%25253D1%252526pageViewId%25253D746d0a25-f0f3-445a-b944-cee9ad86c8b1%252526t_pvid%25253D746d0a25-f0f3-445a-b944-cee9ad86c8b1%252526userAgent%25253DMozilla%2525252F5.0%25252B%25252528Windows%25252BNT%25252B10.0%2525253B%25252BWin64%2525253B%25252Bx64%2525253B%25252Brv%2525253A125.0%25252529%25252BGecko%2525252F20100101%25252BFirefox%2525252F125.0%252526browser%25253D1%252526isHuman%25253Dtrue%252526userIp%25253D189.226.196.225%252526what%25253Ddepartamento%25252Biztapalapa%252526search_terms%25253Ddepartamento%25252Biztapalapa%252526origin%25253D2%252526t_or%25253D2%252526splitTestId%25253D0%252526clickin%25253Dfalse,nuroa,188.88888888888889
19500.0,departamento,Iztapalapa,Ciudad de México,150.0,2.0,3.0,,https://www.nuroa.com.mx/conversion/organic/departamento-iztapalapa/1/25/casacompara-com-mx?siteId=407109&clickType=organic&redirectUrl=https%3A%2F%2Fwww.nuroa.com.mx%2Fproperty%2F1680003770899698195%3Fclick_type%3D0%26pos%3D25%26listingId%3D1680003770899698195%26siteStrategyKey%3Dnuroa.com.mx%26url%3Dhttps%25253A%25252F%25252Finmuebles.nocnok.com%25252Fpropiedad%25252Fdepartamento-en-renta%25252Fciudad-de-mexico%25252Fiztapalapa%25252Fpaseos-de-churubusco-id-nn-xp1000153%25253Fcsid%25253Dtrovit-mx%26searchType%3D2%26page%3D1%26seo_link_id%3D1406128940%26section%3D1%26t_sec%3D1%26sectionType%3D1%26pageViewId%3D746d0a25-f0f3-445a-b944-cee9ad86c8b1%26t_pvid%3D746d0a25-f0f3-445a-b944-cee9ad86c8b1%26userAgent%3DMozilla%252F5.0%2B%2528Windows%2BNT%2B10.0%253B%2BWin64%253B%2Bx64%253B%2Brv%253A125.0%2529%2BGecko%252F20100101%2BFirefox%252F125.0%26browser%3D1%26isHuman%3Dtrue%26userIp%3D189.226.196.225%26what%3Ddepartamento%2Biztapalapa%26search_terms%3Ddepartamento%2Biztapalapa%26origin%3D2%26t_or%3D2%26splitTestId%3D0%26detailPageUrl%3Dhttps%25253A%25252F%25252Fwww.nuroa.com.mx%25252Fadclickdetail%25252F1680003770899698195%25253Fclick_type%25253D0%252526pos%25253D25%252526listingId%25253D1680003770899698195%252526siteStrategyKey%25253Dhttps%2525253A%2525252F%2525252Fwww.nuroa.com.mx%252526url%25253Dhttps%252525253A%252525252F%252525252Finmuebles.nocnok.com%252525252Fpropiedad%252525252Fdepartamento-en-renta%252525252Fciudad-de-mexico%252525252Fiztapalapa%252525252Fpaseos-de-churubusco-id-nn-xp1000153%252525253Fcsid%252525253Dtrovit-mx%252526searchType%25253D2%252526page%25253D1%252526seo_link_id%25253D1406128940%252526section%25253D1%252526t_sec%25253D1%252526sectionType%25253D1%252526pageViewId%25253D746d0a25-f0f3-445a-b944-cee9ad86c8b1%252526t_pvid%25253D746d0a25-f0f3-445a-b944-cee9ad86c8b1%252526userAgent%25253DMozilla%2525252F5.0%25252B%25252528Windows%25252BNT%25252B10.0%2525253B%25252BWin64%2525253B%25252Bx64%2525253B%25252Brv%2525253A125.0%25252529%25252BGecko%2525252F20100101%25252BFirefox%2525252F125.0%252526browser%25253D1%252526isHuman%25253Dtrue%252526userIp%25253D189.226.196.225%252526what%25253Ddepartamento%25252Biztapalapa%252526search_terms%25253Ddepartamento%25252Biztapalapa%252526origin%25253D2%252526t_or%25253D2%252526splitTestId%25253D0%252526clickin%25253Dfalse,nuroa,130.0
18000.0,departamento,Magdalena Contreras,Ciudad de México,70.0,1.0,1.0,,https://www.nuroa.com.mx/adform/1130000780339372472?click_type=1&pos=2&listingId=1130000780339372472&siteStrategyKey=https%3A%2F%2Fwww.nuroa.com.mx&url=https%253A%252F%252Fwww.icasas.mx%252FaggregatorDetail%253FadId%253D019d2113-19fb-7229-9d6c-a36a9d41d218%2526aggregator%253Dmitula%2526utm_content%253D019d2113-19fb-7229-9d6c-a36a9d41d218_payment&searchType=2&page=1&section=26&t_sec=26&sectionType=2&pageViewId=ee936521-1230-4496-b505-4df461ec684b&t_pvid=ee936521-1230-4496-b505-4df461ec684b&userAgent=Mozilla%2F5.0+%28X11%3B+Linux+x86_64%3B+rv%3A125.0%29+Gecko%2F20100101+Firefox%2F125.0&browser=1&isHuman=true&userIp=189.226.196.225&what=departamento+magdalena+contreras&search_terms=departamento+magdalena+contreras&origin=2&t_or=2&splitTestId=0,nuroa,257.14285714285717
6100.0,departamento,Magdalena Contreras,Ciudad de México,34.0,1.0,1.0,,https://www.nuroa.com.mx/adform/7180000780058464207?click_type=0&pos=2&listingId=7180000780058464207&siteStrategyKey=https%3A%2F%2Fwww.nuroa.com.mx&url=https%253A%252F%252Fwww.icasas.mx%252FaggregatorDetail%253FadId%253D019e71a8-340e-77f2-94cf-a960af9af203%2526aggregator%253Dmitula%2526utm_content%253D019e71a8-340e-77f2-94cf-a960af9af203_payment&searchType=2&page=1&section=1&t_sec=1&sectionType=1&pageViewId=ee936521-1230-4496-b505-4df461ec684b&t_pvid=ee936521-1230-4496-b505-4df461ec684b&userAgent=Mozilla%2F5.0+%28X11%3B+Linux+x86_64%3B+rv%3A125.0%29+Gecko%2F20100101+Firefox%2F125.0&browser=1&isHuman=true&userIp=189.226.196.225&what=departamento+magdalena+contreras&search_terms=departamento+magdalena+contreras&origin=2&t_or=2&splitTestId=0,nuroa,179.41176470588235
26000.0,departamento,Magdalena Contreras,Ciudad de México,200.0,2.0,2.0,,https://www.nuroa.com.mx/adform/1540000779798982613?click_type=0&pos=3&listingId=1540000779798982613&siteStrategyKey=https%3A%2F%2Fwww.nuroa.com.mx&url=https%253A%252F%252Fwww.icasas.mx%252FaggregatorDetail%253FadId%253D019e61d8-3997-7330-8cb0-dc2f00e423bf%2526aggregator%253Dmitula%2526utm_content%253D019e61d8-3997-7330-8cb0-dc2f00e423bf_payment&searchType=2&page=1&section=1&t_sec=1&sectionType=1&pageViewId=ee936521-1230-4496-b505-4df461ec684b&t_pvid=ee936521-1230-4496-b505-4df461ec684b&userAgent=Mozilla%2F5.0+%28X11%3B+Linux+x86_64%3B+rv%3A125.0%29+Gecko%2F20100101+Firefox%2F125.0&browser=1&isHuman=true&userIp=189.226.196.225&what=departamento+magdalena+contreras&search_terms=departamento+magdalena+contreras&origin=2&t_or=2&splitTestId=0,nuroa,130.0
5000.0,departamento,Magdalena Contreras,Ciudad de México,40.0,1.0,1.0,,https://www.nuroa.com.mx/adform/7540000776861658460?click_type=0&pos=4&listingId=7540000776861658460&siteStrategyKey=https%3A%2F%2Fwww.nuroa.com.mx&url=https%253A%252F%252Fwww.icasas.mx%252FaggregatorDetail%253FadId%253D019db31c-cfbf-722c-b501-0109a16cdd95%2526aggregator%253Dmitula%2526utm_content%253D019db31c-cfbf-722c-b501-0109a16cdd95_payment&searchType=2&page=1&section=1&t_sec=1&sectionType=1&pageViewId=ee936521-1230-4496-b505-4df461ec684b&t_pvid=ee936521-1230-4496-b505-4df461ec684b&userAgent=Mozilla%2F5.0+%28X11%3B+Linux+x86_64%3B+rv%3A125.0%29+Gecko%2F20100101+Firefox%2F125.0&browser=1&isHuman=true&userIp=189.226.196.225&what=departamento+magdalena+contreras&search_terms=departamento+magdalena+contreras&origin=2&t_or=2&splitTestId=0,nuroa,125.0
35000.0,departamento,Magdalena Contreras,Ciudad de México,91.0,2.0,1.0,,https://www.nuroa.com.mx/adform/4600000777034533838?click_type=0&pos=5&listingId=4600000777034533838&siteStrategyKey=https%3A%2F%2Fwww.nuroa.com.mx&url=https%253A%252F%252Fwww.icasas.mx%252FaggregatorDetail%253FadId%253D019dbc51-fced-717d-a4b1-71271899e524%2526aggregator%253Dmitula%2526utm_content%253D019dbc51-fced-717d-a4b1-71271899e524_payment&searchType=2&page=1&section=1&t_sec=1&sectionType=1&pageViewId=ee936521-1230-4496-b505-4df461ec684b&t_pvid=ee936521-1230-4496-b505-4df461ec684b&userAgent=Mozilla%2F5.0+%28X11%3B+Linux+x86_64%3B+rv%3A125.0%29+Gecko%2F20100101+Firefox%2F125.0&browser=1&isHuman=true&userIp=189.226.196.225&what=departamento+magdalena+contreras&search_terms=departamento+magdalena+contreras&origin=2&t_or=2&splitTestId=0,nuroa,384.61538461538464
9500.0,departamento,Magdalena Contreras,Ciudad de México,60.0,1.0,1.0,1.0,https://www.nuroa.com.mx/conversion/organic/departamento-magdalena-contreras/1/7/rentumo?siteId=411993&clickType=organic&redirectUrl=https%3A%2F%2Fwww.nuroa.com.mx%2Fproperty%2F9100003781202891674%3Fclick_type%3D0%26pos%3D7%26listingId%3D9100003781202891674%26siteStrategyKey%3Dnuroa.com.mx%26url%3Dhttps%25253A%25252F%25252Frentumo.mx%25252Flistados%25252Fdepartamento-en-renta-67582%26searchType%3D2%26page%3D1%26section%3D1%26t_sec%3D1%26sectionType%3D1%26pageViewId%3Dee936521-1230-4496-b505-4df461ec684b%26t_pvid%3Dee936521-1230-4496-b505-4df461ec684b%26userAgent%3DMozilla%252F5.0%2B%2528X11%253B%2BLinux%2Bx86_64%253B%2Brv%253A125.0%2529%2BGecko%252F20100101%2BFirefox%252F125.0%26browser%3D1%26isHuman%3Dtrue%26userIp%3D189.226.196.225%26what%3Ddepartamento%2Bmagdalena%2Bcontreras%26search_terms%3Ddepartamento%2Bmagdalena%2Bcontreras%26origin%3D2%26t_or%3D2%26splitTestId%3D0%26detailPageUrl%3Dhttps%25253A%25252F%25252Fwww.nuroa.com.mx%25252Fadclickdetail%25252F9100003781202891674%25253Fclick_type%25253D0%252526pos%25253D7%252526listingId%25253D9100003781202891674%252526siteStrategyKey%25253Dhttps%2525253A%2525252F%2525252Fwww.nuroa.com.mx%252526url%25253Dhttps%252525253A%252525252F%252525252Frentumo.mx%252525252Flistados%252525252Fdepartamento-en-renta-67582%252526searchType%25253D2%252526page%25253D1%252526section%25253D1%252526t_sec%25253D1%252526sectionType%25253D1%252526pageViewId%25253Dee936521-1230-4496-b505-4df461ec684b%252526t_pvid%25253Dee936521-1230-4496-b505-4df461ec684b%252526userAgent%25253DMozilla%2525252F5.0%25252B%25252528X11%2525253B%25252BLinux%25252Bx86_64%2525253B%25252Brv%2525253A125.0%25252529%25252BGecko%2525252F20100101%25252BFirefox%2525252F125.0%252526browser%25253D1%252526isHuman%25253Dtrue%252526userIp%25253D189.226.196.225%252526what%25253Ddepartamento%25252Bmagdalena%25252Bcontreras%252526search_terms%25253Ddepartamento%25252Bmagdalena%25252Bcontreras%252526origin%25253D2%252526t_or%25253D2%252526splitTestId%25253D0%252526clickin%25253Dfalse,nuroa,158.33333333333334
6000.0,departamento,Magdalena Contreras,Ciudad de México,357.0,1.0,,,https://www.nuroa.com.mx/conversion/organic/departamento-magdalena-contreras/1/9/Rentola?siteId=411941&clickType=organic&redirectUrl=https%3A%2F%2Fwww.nuroa.com.mx%2Fproperty%2F1730002780857358456%3Fclick_type%3D0%26pos%3D9%26listingId%3D1730002780857358456%26siteStrategyKey%3Dnuroa.com.mx%26url%3Dhttps%25253A%25252F%25252Frentola.mx%25252Flistings%25252Fdepartamento-en-renta-san-jeronimo-lidice-la-magdalena-contreras-pda57f5%26searchType%3D2%26page%3D1%26section%3D1%26t_sec%3D1%26sectionType%3D1%26pageViewId%3Dee936521-1230-4496-b505-4df461ec684b%26t_pvid%3Dee936521-1230-4496-b505-4df461ec684b%26userAgent%3DMozilla%252F5.0%2B%2528X11%253B%2BLinux%2Bx86_64%253B%2Brv%253A125.0%2529%2BGecko%252F20100101%2BFirefox%252F125.0%26browser%3D1%26isHuman%3Dtrue%26userIp%3D189.226.196.225%26what%3Ddepartamento%2Bmagdalena%2Bcontreras%26search_terms%3Ddepartamento%2Bmagdalena%2Bcontreras%26origin%3D2%26t_or%3D2%26splitTestId%3D0%26detailPageUrl%3Dhttps%25253A%25252F%25252Fwww.nuroa.com.mx%25252Fadclickdetail%25252F1730002780857358456%25253Fclick_type%25253D0%252526pos%25253D9%252526listingId%25253D1730002780857358456%252526siteStrategyKey%25253Dhttps%2525253A%2525252F%2525252Fwww.nuroa.com.mx%252526url%25253Dhttps%252525253A%252525252F%252525252Frentola.mx%252525252Flistings%252525252Fdepartamento-en-renta-san-jeronimo-lidice-la-magdalena-contreras-pda57f5%252526searchType%25253D2%252526page%25253D1%252526section%25253D1%252526t_sec%25253D1%252526sectionType%25253D1%252526pageViewId%25253Dee936521-1230-4496-b505-4df461ec684b%252526t_pvid%25253Dee936521-1230-4496-b505-4df461ec684b%252526userAgent%25253DMozilla%2525252F5.0%25252B%25252528X11%2525253B%25252BLinux%25252Bx86_64%2525253B%25252Brv%2525253A125.0%25252529%25252BGecko%2525252F20100101%25252BFirefox%2525252F125.0%252526browser%25253D1%252526isHuman%25253Dtrue%252526userIp%25253D189.226.196.225%252526what%25253Ddepartamento%25252Bmagdalena%25252Bcontreras%252526search_terms%25253Ddepartamento%25252Bmagdalena%25252Bcontreras%252526origin%25253D2%252526t_or%25253D2%252526splitTestId%25253D0%252526clickin%25253Dfalse,nuroa,16.80672268907563
25000.0,departamento,Magdalena Contreras,Ciudad de México,120.0,3.0,2.0,1.0,https://www.nuroa.com.mx/conversion/organic/departamento-magdalena-contreras/1/10/rentumo?siteId=411993&clickType=organic&redirectUrl=https%3A%2F%2Fwww.nuroa.com.mx%2Fproperty%2F3710003778783686312%3Fclick_type%3D0%26pos%3D10%26listingId%3D3710003778783686312%26siteStrategyKey%3Dnuroa.com.mx%26url%3Dhttps%25253A%25252F%25252Frentumo.mx%25252Flistados%25252Fheroes-de-padierna-tlalpan-46985%26searchType%3D2%26page%3D1%26section%3D1%26t_sec%3D1%26sectionType%3D1%26pageViewId%3Dee936521-1230-4496-b505-4df461ec684b%26t_pvid%3Dee936521-1230-4496-b505-4df461ec684b%26userAgent%3DMozilla%252F5.0%2B%2528X11%253B%2BLinux%2Bx86_64%253B%2Brv%253A125.0%2529%2BGecko%252F20100101%2BFirefox%252F125.0%26browser%3D1%26isHuman%3Dtrue%26userIp%3D189.226.196.225%26what%3Ddepartamento%2Bmagdalena%2Bcontreras%26search_terms%3Ddepartamento%2Bmagdalena%2Bcontreras%26origin%3D2%26t_or%3D2%26splitTestId%3D0%26detailPageUrl%3Dhttps%25253A%25252F%25252Fwww.nuroa.com.mx%25252Fadclickdetail%25252F3710003778783686312%25253Fclick_type%25253D0%252526pos%25253D10%252526listingId%25253D3710003778783686312%252526siteStrategyKey%25253Dhttps%2525253A%2525252F%2525252Fwww.nuroa.com.mx%252526url%25253Dhttps%252525253A%252525252F%252525252Frentumo.mx%252525252Flistados%252525252Fheroes-de-padierna-tlalpan-46985%252526searchType%25253D2%252526page%25253D1%252526section%25253D1%252526t_sec%25253D1%252526sectionType%25253D1%252526pageViewId%25253Dee936521-1230-4496-b505-4df461ec684b%252526t_pvid%25253Dee936521-1230-4496-b505-4df461ec684b%252526userAgent%25253DMozilla%2525252F5.0%25252B%25252528X11%2525253B%25252BLinux%25252Bx86_64%2525253B%25252Brv%2525253A125.0%25252529%25252BGecko%2525252F20100101%25252BFirefox%2525252F125.0%252526browser%25253D1%252526isHuman%25253Dtrue%252526userIp%25253D189.226.196.225%252526what%25253Ddepartamento%25252Bmagdalena%25252Bcontreras%252526search_terms%25253Ddepartamento%25252Bmagdalena%25252Bcontreras%252526origin%25253D2%252526t_or%25253D2%252526splitTestId%25253D0%252526clickin%25253Dfalse,nuroa,208.33333333333334
35000.0,departamento,Magdalena Contreras,Ciudad de México,140.0,3.0,,,https://www.nuroa.com.mx/conversion/organic/departamento-magdalena-contreras/1/11/Rentola?siteId=411941&clickType=organic&redirectUrl=https%3A%2F%2Fwww.nuroa.com.mx%2Fproperty%2F7330002780598180818%3Fclick_type%3D0%26pos%3D11%26listingId%3D7330002780598180818%26siteStrategyKey%3Dnuroa.com.mx%26url%3Dhttps%25253A%25252F%25252Frentola.mx%25252Flistings%25252Fdepartamento-en-renta-san-jeronimo-lidice-la-magdalena-contreras-p0d71f9%26searchType%3D2%26page%3D1%26section%3D1%26t_sec%3D1%26sectionType%3D1%26pageViewId%3Dee936521-1230-4496-b505-4df461ec684b%26t_pvid%3Dee936521-1230-4496-b505-4df461ec684b%26userAgent%3DMozilla%252F5.0%2B%2528X11%253B%2BLinux%2Bx86_64%253B%2Brv%253A125.0%2529%2BGecko%252F20100101%2BFirefox%252F125.0%26browser%3D1%26isHuman%3Dtrue%26userIp%3D189.226.196.225%26what%3Ddepartamento%2Bmagdalena%2Bcontreras%26search_terms%3Ddepartamento%2Bmagdalena%2Bcontreras%26origin%3D2%26t_or%3D2%26splitTestId%3D0%26detailPageUrl%3Dhttps%25253A%25252F%25252Fwww.nuroa.com.mx%25252Fadclickdetail%25252F7330002780598180818%25253Fclick_type%25253D0%252526pos%25253D11%252526listingId%25253D7330002780598180818%252526siteStrategyKey%25253Dhttps%2525253A%2525252F%2525252Fwww.nuroa.com.mx%252526url%25253Dhttps%252525253A%252525252F%252525252Frentola.mx%252525252Flistings%252525252Fdepartamento-en-renta-san-jeronimo-lidice-la-magdalena-contreras-p0d71f9%252526searchType%25253D2%252526page%25253D1%252526section%25253D1%252526t_sec%25253D1%252526sectionType%25253D1%252526pageViewId%25253Dee936521-1230-4496-b505-4df461ec684b%252526t_pvid%25253Dee936521-1230-4496-b505-4df461ec684b%252526userAgent%25253DMozilla%2525252F5.0%25252B%25252528X11%2525253B%25252BLinux%25252Bx86_64%2525253B%25252Brv%2525253A125.0%25252529%25252BGecko%2525252F20100101%25252BFirefox%2525252F125.0%252526browser%25253D1%252526isHuman%25253Dtrue%252526userIp%25253D189.226.196.225%252526what%25253Ddepartamento%25252Bmagdalena%25252Bcontreras%252526search_terms%25253Ddepartamento%25252Bmagdalena%25252Bcontreras%252526origin%25253D2%252526t_or%25253D2%252526splitTestId%25253D0%252526clickin%25253Dfalse,nuroa,250.0
5000.0,departamento,Magdalena Contreras,Ciudad de México,273.0,1.0,,,https://www.nuroa.com.mx/conversion/organic/departamento-magdalena-contreras/1/12/Rentola?siteId=411941&clickType=organic&redirectUrl=https%3A%2F%2Fwww.nuroa.com.mx%2Fproperty%2F8110002780338987238%3Fclick_type%3D0%26pos%3D12%26listingId%3D8110002780338987238%26siteStrategyKey%3Dnuroa.com.mx%26url%3Dhttps%25253A%25252F%25252Frentola.mx%25252Flistings%25252Fdepartamento-en-renta-san-jeronimo-lidice-la-magdalena-contreras-pe2ce46%26searchType%3D2%26page%3D1%26section%3D1%26t_sec%3D1%26sectionType%3D1%26pageViewId%3Dee936521-1230-4496-b505-4df461ec684b%26t_pvid%3Dee936521-1230-4496-b505-4df461ec684b%26userAgent%3DMozilla%252F5.0%2B%2528X11%253B%2BLinux%2Bx86_64%253B%2Brv%253A125.0%2529%2BGecko%252F20100101%2BFirefox%252F125.0%26browser%3D1%26isHuman%3Dtrue%26userIp%3D189.226.196.225%26what%3Ddepartamento%2Bmagdalena%2Bcontreras%26search_terms%3Ddepartamento%2Bmagdalena%2Bcontreras%26origin%3D2%26t_or%3D2%26splitTestId%3D0%26detailPageUrl%3Dhttps%25253A%25252F%25252Fwww.nuroa.com.mx%25252Fadclickdetail%25252F8110002780338987238%25253Fclick_type%25253D0%252526pos%25253D12%252526listingId%25253D8110002780338987238%252526siteStrategyKey%25253Dhttps%2525253A%2525252F%2525252Fwww.nuroa.com.mx%252526url%25253Dhttps%252525253A%252525252F%252525252Frentola.mx%252525252Flistings%252525252Fdepartamento-en-renta-san-jeronimo-lidice-la-magdalena-contreras-pe2ce46%252526searchType%25253D2%252526page%25253D1%252526section%25253D1%252526t_sec%25253D1%252526sectionType%25253D1%252526pageViewId%25253Dee936521-1230-4496-b505-4df461ec684b%252526t_pvid%25253Dee936521-1230-4496-b505-4df461ec684b%252526userAgent%25253DMozilla%2525252F5.0%25252B%25252528X11%2525253B%25252BLinux%25252Bx86_64%2525253B%25252Brv%2525253A125.0%25252529%25252BGecko%2525252F20100101%25252BFirefox%2525252F125.0%252526browser%25253D1%252526isHuman%25253Dtrue%252526userIp%25253D189.226.196.225%252526what%25253Ddepartamento%25252Bmagdalena%25252Bcontreras%252526search_terms%25253Ddepartamento%25252Bmagdalena%25252Bcontreras%252526origin%25253D2%252526t_or%25253D2%252526splitTestId%25253D0%252526clickin%25253Dfalse,nuroa,18.315018315018314
17000.0,departamento,Magdalena Contreras,Ciudad de México,52.0,3.0,,1.0,https://www.nuroa.com.mx/conversion/organic/departamento-magdalena-contreras/1/14/Rentola?siteId=411941&clickType=organic&redirectUrl=https%3A%2F%2Fwww.nuroa.com.mx%2Fproperty%2F3740002780252616375%3Fclick_type%3D0%26pos%3D14%26listingId%3D3740002780252616375%26siteStrategyKey%3Dnuroa.com.mx%26url%3Dhttps%25253A%25252F%25252Frentola.mx%25252Flistings%25252Fdepartamento-en-renta-san-jeronimo-lidice-la-magdalena-contreras-p6a9390%26searchType%3D2%26page%3D1%26section%3D1%26t_sec%3D1%26sectionType%3D1%26pageViewId%3Dee936521-1230-4496-b505-4df461ec684b%26t_pvid%3Dee936521-1230-4496-b505-4df461ec684b%26userAgent%3DMozilla%252F5.0%2B%2528X11%253B%2BLinux%2Bx86_64%253B%2Brv%253A125.0%2529%2BGecko%252F20100101%2BFirefox%252F125.0%26browser%3D1%26isHuman%3Dtrue%26userIp%3D189.226.196.225%26what%3Ddepartamento%2Bmagdalena%2Bcontreras%26search_terms%3Ddepartamento%2Bmagdalena%2Bcontreras%26origin%3D2%26t_or%3D2%26splitTestId%3D0%26detailPageUrl%3Dhttps%25253A%25252F%25252Fwww.nuroa.com.mx%25252Fadclickdetail%25252F3740002780252616375%25253Fclick_type%25253D0%252526pos%25253D14%252526listingId%25253D3740002780252616375%252526siteStrategyKey%25253Dhttps%2525253A%2525252F%2525252Fwww.nuroa.com.mx%252526url%25253Dhttps%252525253A%252525252F%252525252Frentola.mx%252525252Flistings%252525252Fdepartamento-en-renta-san-jeronimo-lidice-la-magdalena-contreras-p6a9390%252526searchType%25253D2%252526page%25253D1%252526section%25253D1%252526t_sec%25253D1%252526sectionType%25253D1%252526pageViewId%25253Dee936521-1230-4496-b505-4df461ec684b%252526t_pvid%25253Dee936521-1230-4496-b505-4df461ec684b%252526userAgent%25253DMozilla%2525252F5.0%25252B%25252528X11%2525253B%25252BLinux%25252Bx86_64%2525253B%25252Brv%2525253A125.0%25252529%25252BGecko%2525252F20100101%25252BFirefox%2525252F125.0%252526browser%25253D1%252526isHuman%25253Dtrue%252526userIp%25253D189.226.196.225%252526what%25253Ddepartamento%25252Bmagdalena%25252Bcontreras%252526search_terms%25253Ddepartamento%25252Bmagdalena%25252Bcontreras%252526origin%25253D2%252526t_or%25253D2%252526splitTestId%25253D0%252526clickin%25253Dfalse,nuroa,326.9230769230769
25000.0,departamento,Magdalena Contreras,Ciudad de México,142.0,3.0,2.0,1.0,https://www.nuroa.com.mx/conversion/organic/departamento-magdalena-contreras/1/17/rentumo?siteId=411993&clickType=organic&redirectUrl=https%3A%2F%2Fwww.nuroa.com.mx%2Fproperty%2F7710003774528570805%3Fclick_type%3D0%26pos%3D17%26listingId%3D7710003774528570805%26siteStrategyKey%3Dnuroa.com.mx%26url%3Dhttps%25253A%25252F%25252Frentumo.mx%25252Flistados%25252Fdepartamento-en-san-bernabe-cdmx-a-pasos-de-la-bandera-de-san-jeronimo-13576%26searchType%3D2%26page%3D1%26section%3D1%26t_sec%3D1%26sectionType%3D1%26pageViewId%3Dee936521-1230-4496-b505-4df461ec684b%26t_pvid%3Dee936521-1230-4496-b505-4df461ec684b%26userAgent%3DMozilla%252F5.0%2B%2528X11%253B%2BLinux%2Bx86_64%253B%2Brv%253A125.0%2529%2BGecko%252F20100101%2BFirefox%252F125.0%26browser%3D1%26isHuman%3Dtrue%26userIp%3D189.226.196.225%26what%3Ddepartamento%2Bmagdalena%2Bcontreras%26search_terms%3Ddepartamento%2Bmagdalena%2Bcontreras%26origin%3D2%26t_or%3D2%26splitTestId%3D0%26detailPageUrl%3Dhttps%25253A%25252F%25252Fwww.nuroa.com.mx%25252Fadclickdetail%25252F7710003774528570805%25253Fclick_type%25253D0%252526pos%25253D17%252526listingId%25253D7710003774528570805%252526siteStrategyKey%25253Dhttps%2525253A%2525252F%2525252Fwww.nuroa.com.mx%252526url%25253Dhttps%252525253A%252525252F%252525252Frentumo.mx%252525252Flistados%252525252Fdepartamento-en-san-bernabe-cdmx-a-pasos-de-la-bandera-de-san-jeronimo-13576%252526searchType%25253D2%252526page%25253D1%252526section%25253D1%252526t_sec%25253D1%252526sectionType%25253D1%252526pageViewId%25253Dee936521-1230-4496-b505-4df461ec684b%252526t_pvid%25253Dee936521-1230-4496-b505-4df461ec684b%252526userAgent%25253DMozilla%2525252F5.0%25252B%25252528X11%2525253B%25252BLinux%25252Bx86_64%2525253B%25252Brv%2525253A125.0%25252529%25252BGecko%2525252F20100101%25252BFirefox%2525252F125.0%252526browser%25253D1%252526isHuman%25253Dtrue%252526userIp%25253D189.226.196.225%252526what%25253Ddepartamento%25252Bmagdalena%25252Bcontreras%252526search_terms%25253Ddepartamento%25252Bmagdalena%25252Bcontreras%252526origin%25253D2%252526t_or%25253D2%252526splitTestId%25253D0%252526clickin%25253Dfalse,nuroa,176.05633802816902
27000.0,departamento,Magdalena Contreras,Ciudad de México,53.0,1.0,,1.0,https://www.nuroa.com.mx/conversion/organic/departamento-magdalena-contreras/1/18/Rentola?siteId=411941&clickType=organic&redirectUrl=https%3A%2F%2Fwww.nuroa.com.mx%2Fproperty%2F1630002778783806894%3Fclick_type%3D0%26pos%3D18%26listingId%3D1630002778783806894%26siteStrategyKey%3Dnuroa.com.mx%26url%3Dhttps%25253A%25252F%25252Frentola.mx%25252Flistings%25252Fdepartamento-en-renta-autopista-urbana-s-san-jeronimo-aculco-la-magdalena-contreras-ciudad-de-mexico-10400-mex-pc9defd%26searchType%3D2%26page%3D1%26section%3D1%26t_sec%3D1%26sectionType%3D1%26pageViewId%3Dee936521-1230-4496-b505-4df461ec684b%26t_pvid%3Dee936521-1230-4496-b505-4df461ec684b%26userAgent%3DMozilla%252F5.0%2B%2528X11%253B%2BLinux%2Bx86_64%253B%2Brv%253A125.0%2529%2BGecko%252F20100101%2BFirefox%252F125.0%26browser%3D1%26isHuman%3Dtrue%26userIp%3D189.226.196.225%26what%3Ddepartamento%2Bmagdalena%2Bcontreras%26search_terms%3Ddepartamento%2Bmagdalena%2Bcontreras%26origin%3D2%26t_or%3D2%26splitTestId%3D0%26detailPageUrl%3Dhttps%25253A%25252F%25252Fwww.nuroa.com.mx%25252Fadclickdetail%25252F1630002778783806894%25253Fclick_type%25253D0%252526pos%25253D18%252526listingId%25253D1630002778783806894%252526siteStrategyKey%25253Dhttps%2525253A%2525252F%2525252Fwww.nuroa.com.mx%252526url%25253Dhttps%252525253A%252525252F%252525252Frentola.mx%252525252Flistings%252525252Fdepartamento-en-renta-autopista-urbana-s-san-jeronimo-aculco-la-magdalena-contreras-ciudad-de-mexico-10400-mex-pc9defd%252526searchType%25253D2%252526page%25253D1%252526section%25253D1%252526t_sec%25253D1%252526sectionType%25253D1%252526pageViewId%25253Dee936521-1230-4496-b505-4df461ec684b%252526t_pvid%25253Dee936521-1230-4496-b505-4df461ec684b%252526userAgent%25253DMozilla%2525252F5.0%25252B%25252528X11%2525253B%25252BLinux%25252Bx86_64%2525253B%25252Brv%2525253A125.0%25252529%25252BGecko%2525252F20100101%25252BFirefox%2525252F125.0%252526browser%25253D1%252526isHuman%25253Dtrue%252526userIp%25253D189.226.196.225%252526what%25253Ddepartamento%25252Bmagdalena%25252Bcontreras%252526search_terms%25253Ddepartamento%25252Bmagdalena%25252Bcontreras%252526origin%25253D2%252526t_or%25253D2%252526splitTestId%25253D0%252526clickin%25253Dfalse,nuroa,509.4339622641509
34100.0,departamento,Magdalena Contreras,Ciudad de México,232.0,3.0,,,https://www.nuroa.com.mx/conversion/organic/departamento-magdalena-contreras/1/19/Rentola?siteId=411941&clickType=organic&redirectUrl=https%3A%2F%2Fwww.nuroa.com.mx%2Fproperty%2F2840003778589562779%3Fclick_type%3D0%26pos%3D19%26listingId%3D2840003778589562779%26siteStrategyKey%3Dnuroa.com.mx%26url%3Dhttps%25253A%25252F%25252Frentola.mx%25252Flistings%25252Fdepartamento-en-renta-ok-dental-san-jeronimo-lidice-la-magdalena-contreras-ciudad-de-mexico-10200-mex-pdf2d5e%26searchType%3D2%26page%3D1%26section%3D1%26t_sec%3D1%26sectionType%3D1%26pageViewId%3Dee936521-1230-4496-b505-4df461ec684b%26t_pvid%3Dee936521-1230-4496-b505-4df461ec684b%26userAgent%3DMozilla%252F5.0%2B%2528X11%253B%2BLinux%2Bx86_64%253B%2Brv%253A125.0%2529%2BGecko%252F20100101%2BFirefox%252F125.0%26browser%3D1%26isHuman%3Dtrue%26userIp%3D189.226.196.225%26what%3Ddepartamento%2Bmagdalena%2Bcontreras%26search_terms%3Ddepartamento%2Bmagdalena%2Bcontreras%26origin%3D2%26t_or%3D2%26splitTestId%3D0%26detailPageUrl%3Dhttps%25253A%25252F%25252Fwww.nuroa.com.mx%25252Fadclickdetail%25252F2840003778589562779%25253Fclick_type%25253D0%252526pos%25253D19%252526listingId%25253D2840003778589562779%252526siteStrategyKey%25253Dhttps%2525253A%2525252F%2525252Fwww.nuroa.com.mx%252526url%25253Dhttps%252525253A%252525252F%252525252Frentola.mx%252525252Flistings%252525252Fdepartamento-en-renta-ok-dental-san-jeronimo-lidice-la-magdalena-contreras-ciudad-de-mexico-10200-mex-pdf2d5e%252526searchType%25253D2%252526page%25253D1%252526section%25253D1%252526t_sec%25253D1%252526sectionType%25253D1%252526pageViewId%25253Dee936521-1230-4496-b505-4df461ec684b%252526t_pvid%25253Dee936521-1230-4496-b505-4df461ec684b%252526userAgent%25253DMozilla%2525252F5.0%25252B%25252528X11%2525253B%25252BLinux%25252Bx86_64%2525253B%25252Brv%2525253A125.0%25252529%25252BGecko%2525252F20100101%25252BFirefox%2525252F125.0%252526browser%25253D1%252526isHuman%25253Dtrue%252526userIp%25253D189.226.196.225%252526what%25253Ddepartamento%25252Bmagdalena%25252Bcontreras%252526search_terms%25253Ddepartamento%25252Bmagdalena%25252Bcontreras%252526origin%25253D2%252526t_or%25253D2%252526splitTestId%25253D0%252526clickin%25253Dfalse,nuroa,146.98275862068965
29000.0,departamento,Magdalena Contreras,Ciudad de México,133.0,3.0,,,https://www.nuroa.com.mx/conversion/organic/departamento-magdalena-contreras/1/20/Rentola?siteId=411941&clickType=organic&redirectUrl=https%3A%2F%2Fwww.nuroa.com.mx%2Fproperty%2F8810003778589552626%3Fclick_type%3D0%26pos%3D20%26listingId%3D8810003778589552626%26siteStrategyKey%3Dnuroa.com.mx%26url%3Dhttps%25253A%25252F%25252Frentola.mx%25252Flistings%25252Fdepartamento-en-renta-ampliacion-lomas-de-san-bernabe-la-magdalena-contreras-p4a732e%26searchType%3D2%26page%3D1%26section%3D1%26t_sec%3D1%26sectionType%3D1%26pageViewId%3Dee936521-1230-4496-b505-4df461ec684b%26t_pvid%3Dee936521-1230-4496-b505-4df461ec684b%26userAgent%3DMozilla%252F5.0%2B%2528X11%253B%2BLinux%2Bx86_64%253B%2Brv%253A125.0%2529%2BGecko%252F20100101%2BFirefox%252F125.0%26browser%3D1%26isHuman%3Dtrue%26userIp%3D189.226.196.225%26what%3Ddepartamento%2Bmagdalena%2Bcontreras%26search_terms%3Ddepartamento%2Bmagdalena%2Bcontreras%26origin%3D2%26t_or%3D2%26splitTestId%3D0%26detailPageUrl%3Dhttps%25253A%25252F%25252Fwww.nuroa.com.mx%25252Fadclickdetail%25252F8810003778589552626%25253Fclick_type%25253D0%252526pos%25253D20%252526listingId%25253D8810003778589552626%252526siteStrategyKey%25253Dhttps%2525253A%2525252F%2525252Fwww.nuroa.com.mx%252526url%25253Dhttps%252525253A%252525252F%252525252Frentola.mx%252525252Flistings%252525252Fdepartamento-en-renta-ampliacion-lomas-de-san-bernabe-la-magdalena-contreras-p4a732e%252526searchType%25253D2%252526page%25253D1%252526section%25253D1%252526t_sec%25253D1%252526sectionType%25253D1%252526pageViewId%25253Dee936521-1230-4496-b505-4df461ec684b%252526t_pvid%25253Dee936521-1230-4496-b505-4df461ec684b%252526userAgent%25253DMozilla%2525252F5.0%25252B%25252528X11%2525253B%25252BLinux%25252Bx86_64%2525253B%25252Brv%2525253A125.0%25252529%25252BGecko%2525252F20100101%25252BFirefox%2525252F125.0%252526browser%25253D1%252526isHuman%25253Dtrue%252526userIp%25253D189.226.196.225%252526what%25253Ddepartamento%25252Bmagdalena%25252Bcontreras%252526search_terms%25253Ddepartamento%25252Bmagdalena%25252Bcontreras%252526origin%25253D2%252526t_or%25253D2%252526splitTestId%25253D0%252526clickin%25253Dfalse,nuroa,218.04511278195488
40000.0,departamento,Magdalena Contreras,Ciudad de México,240.0,1.0,,1.0,https://www.nuroa.com.mx/conversion/organic/departamento-magdalena-contreras/1/21/Rentola?siteId=411941&clickType=organic&redirectUrl=https%3A%2F%2Fwww.nuroa.com.mx%2Fproperty%2F8920003778589537289%3Fclick_type%3D0%26pos%3D21%26listingId%3D8920003778589537289%26siteStrategyKey%3Dnuroa.com.mx%26url%3Dhttps%25253A%25252F%25252Frentola.mx%25252Flistings%25252Fdepartamento-en-renta-calle-guillermo-prieto-14-28-lomas-quebradas-la-magdalena-contreras-ciudad-de-mexico-10000-mex-p614cef%26searchType%3D2%26page%3D1%26section%3D1%26t_sec%3D1%26sectionType%3D1%26pageViewId%3Dee936521-1230-4496-b505-4df461ec684b%26t_pvid%3Dee936521-1230-4496-b505-4df461ec684b%26userAgent%3DMozilla%252F5.0%2B%2528X11%253B%2BLinux%2Bx86_64%253B%2Brv%253A125.0%2529%2BGecko%252F20100101%2BFirefox%252F125.0%26browser%3D1%26isHuman%3Dtrue%26userIp%3D189.226.196.225%26what%3Ddepartamento%2Bmagdalena%2Bcontreras%26search_terms%3Ddepartamento%2Bmagdalena%2Bcontreras%26origin%3D2%26t_or%3D2%26splitTestId%3D0%26detailPageUrl%3Dhttps%25253A%25252F%25252Fwww.nuroa.com.mx%25252Fadclickdetail%25252F8920003778589537289%25253Fclick_type%25253D0%252526pos%25253D21%252526listingId%25253D8920003778589537289%252526siteStrategyKey%25253Dhttps%2525253A%2525252F%2525252Fwww.nuroa.com.mx%252526url%25253Dhttps%252525253A%252525252F%252525252Frentola.mx%252525252Flistings%252525252Fdepartamento-en-renta-calle-guillermo-prieto-14-28-lomas-quebradas-la-magdalena-contreras-ciudad-de-mexico-10000-mex-p614cef%252526searchType%25253D2%252526page%25253D1%252526section%25253D1%252526t_sec%25253D1%252526sectionType%25253D1%252526pageViewId%25253Dee936521-1230-4496-b505-4df461ec684b%252526t_pvid%25253Dee936521-1230-4496-b505-4df461ec684b%252526userAgent%25253DMozilla%2525252F5.0%25252B%25252528X11%2525253B%25252BLinux%25252Bx86_64%2525253B%25252Brv%2525253A125.0%25252529%25252BGecko%2525252F20100101%25252BFirefox%2525252F125.0%252526browser%25253D1%252526isHuman%25253Dtrue%252526userIp%25253D189.226.196.225%252526what%25253Ddepartamento%25252Bmagdalena%25252Bcontreras%252526search_terms%25253Ddepartamento%25252Bmagdalena%25252Bcontreras%252526origin%25253D2%252526t_or%25253D2%252526splitTestId%25253D0%252526clickin%25253Dfalse,nuroa,166.66666666666666
7200.0,departamento,Magdalena Contreras,Ciudad de México,30.0,1.0,,,https://www.nuroa.com.mx/conversion/organic/departamento-magdalena-contreras/1/22/Rentola?siteId=411941&clickType=organic&redirectUrl=https%3A%2F%2Fwww.nuroa.com.mx%2Fproperty%2F2320003778589566869%3Fclick_type%3D0%26pos%3D22%26listingId%3D2320003778589566869%26siteStrategyKey%3Dnuroa.com.mx%26url%3Dhttps%25253A%25252F%25252Frentola.mx%25252Flistings%25252Fdepartamento-en-renta-teocelo-39-a-san-jeronimo-aculco-la-magdalena-contreras-ciudad-de-mexico-san-jeronimo-aculco-ciudad-d-pbed9fc%26searchType%3D2%26page%3D1%26section%3D1%26t_sec%3D1%26sectionType%3D1%26pageViewId%3Dee936521-1230-4496-b505-4df461ec684b%26t_pvid%3Dee936521-1230-4496-b505-4df461ec684b%26userAgent%3DMozilla%252F5.0%2B%2528X11%253B%2BLinux%2Bx86_64%253B%2Brv%253A125.0%2529%2BGecko%252F20100101%2BFirefox%252F125.0%26browser%3D1%26isHuman%3Dtrue%26userIp%3D189.226.196.225%26what%3Ddepartamento%2Bmagdalena%2Bcontreras%26search_terms%3Ddepartamento%2Bmagdalena%2Bcontreras%26origin%3D2%26t_or%3D2%26splitTestId%3D0%26detailPageUrl%3Dhttps%25253A%25252F%25252Fwww.nuroa.com.mx%25252Fadclickdetail%25252F2320003778589566869%25253Fclick_type%25253D0%252526pos%25253D22%252526listingId%25253D2320003778589566869%252526siteStrategyKey%25253Dhttps%2525253A%2525252F%2525252Fwww.nuroa.com.mx%252526url%25253Dhttps%252525253A%252525252F%252525252Frentola.mx%252525252Flistings%252525252Fdepartamento-en-renta-teocelo-39-a-san-jeronimo-aculco-la-magdalena-contreras-ciudad-de-mexico-san-jeronimo-aculco-ciudad-d-pbed9fc%252526searchType%25253D2%252526page%25253D1%252526section%25253D1%252526t_sec%25253D1%252526sectionType%25253D1%252526pageViewId%25253Dee936521-1230-4496-b505-4df461ec684b%252526t_pvid%25253Dee936521-1230-4496-b505-4df461ec684b%252526userAgent%25253DMozilla%2525252F5.0%25252B%25252528X11%2525253B%25252BLinux%25252Bx86_64%2525253B%25252Brv%2525253A125.0%25252529%25252BGecko%2525252F20100101%25252BFirefox%2525252F125.0%252526browser%25253D1%252526isHuman%25253Dtrue%252526userIp%25253D189.226.196.225%252526what%25253Ddepartamento%25252Bmagdalena%25252Bcontreras%252526search_terms%25253Ddepartamento%25252Bmagdalena%25252Bcontreras%252526origin%25253D2%252526t_or%25253D2%252526splitTestId%25253D0%252526clickin%25253Dfalse,nuroa,240.0
9900.0,departamento,Magdalena Contreras,Ciudad de México,50.0,1.0,2.0,1.0,https://www.nuroa.com.mx/conversion/organic/departamento-magdalena-contreras/1/24/casacompara-com-mx?siteId=407109&clickType=organic&redirectUrl=https%3A%2F%2Fwww.nuroa.com.mx%2Fproperty%2F5980001781354102905%3Fclick_type%3D0%26pos%3D24%26listingId%3D5980001781354102905%26siteStrategyKey%3Dnuroa.com.mx%26url%3Dhttps%25253A%25252F%25252Finmuebles.nocnok.com%25252Fpropiedad%25252Fdepartamento-en-renta%25252Fciudad-de-mexico%25252Fla-magdalena-contreras%25252Fpueblo-nuevo-alto-id-nn-gzd322%25253Fcsid%25253Dtrovit-mx%26searchType%3D2%26page%3D1%26section%3D1%26t_sec%3D1%26sectionType%3D1%26pageViewId%3Dee936521-1230-4496-b505-4df461ec684b%26t_pvid%3Dee936521-1230-4496-b505-4df461ec684b%26userAgent%3DMozilla%252F5.0%2B%2528X11%253B%2BLinux%2Bx86_64%253B%2Brv%253A125.0%2529%2BGecko%252F20100101%2BFirefox%252F125.0%26browser%3D1%26isHuman%3Dtrue%26userIp%3D189.226.196.225%26what%3Ddepartamento%2Bmagdalena%2Bcontreras%26search_terms%3Ddepartamento%2Bmagdalena%2Bcontreras%26origin%3D2%26t_or%3D2%26splitTestId%3D0%26detailPageUrl%3Dhttps%25253A%25252F%25252Fwww.nuroa.com.mx%25252Fadclickdetail%25252F5980001781354102905%25253Fclick_type%25253D0%252526pos%25253D24%252526listingId%25253D5980001781354102905%252526siteStrategyKey%25253Dhttps%2525253A%2525252F%2525252Fwww.nuroa.com.mx%252526url%25253Dhttps%252525253A%252525252F%252525252Finmuebles.nocnok.com%252525252Fpropiedad%252525252Fdepartamento-en-renta%252525252Fciudad-de-mexico%252525252Fla-magdalena-contreras%252525252Fpueblo-nuevo-alto-id-nn-gzd322%252525253Fcsid%252525253Dtrovit-mx%252526searchType%25253D2%252526page%25253D1%252526section%25253D1%252526t_sec%25253D1%252526sectionType%25253D1%252526pageViewId%25253Dee936521-1230-4496-b505-4df461ec684b%252526t_pvid%25253Dee936521-1230-4496-b505-4df461ec684b%252526userAgent%25253DMozilla%2525252F5.0%25252B%25252528X11%2525253B%25252BLinux%25252Bx86_64%2525253B%25252Brv%2525253A125.0%25252529%25252BGecko%2525252F20100101%25252BFirefox%2525252F125.0%252526browser%25253D1%252526isHuman%25253Dtrue%252526userIp%25253D189.226.196.225%252526what%25253Ddepartamento%25252Bmagdalena%25252Bcontreras%252526search_terms%25253Ddepartamento%25252Bmagdalena%25252Bcontreras%252526origin%25253D2%252526t_or%25253D2%252526splitTestId%25253D0%252526clickin%25253Dfalse,nuroa,198.0
29000.0,loft,Magdalena Contreras,Ciudad de México,60.0,1.0,1.0,,https://www.nuroa.com.mx/conversion/organic/departamento-magdalena-contreras/1/25/universoInmuebles?siteId=409913&clickType=organic&redirectUrl=https%3A%2F%2Fwww.nuroa.com.mx%2Fproperty%2F1180002781268163186%3Fclick_type%3D0%26pos%3D25%26listingId%3D1180002781268163186%26siteStrategyKey%3Dnuroa.com.mx%26url%3Dhttps%25253A%25252F%25252Fwww.universoinmuebles.com%25252Fpropiedad%25252Fdepartamento-en-renta-en-san-jeronimo-lidice-con-1-recamara-2_36_106970561_8163545%26searchType%3D2%26page%3D1%26section%3D1%26t_sec%3D1%26sectionType%3D1%26pageViewId%3Dee936521-1230-4496-b505-4df461ec684b%26t_pvid%3Dee936521-1230-4496-b505-4df461ec684b%26userAgent%3DMozilla%252F5.0%2B%2528X11%253B%2BLinux%2Bx86_64%253B%2Brv%253A125.0%2529%2BGecko%252F20100101%2BFirefox%252F125.0%26browser%3D1%26isHuman%3Dtrue%26userIp%3D189.226.196.225%26what%3Ddepartamento%2Bmagdalena%2Bcontreras%26search_terms%3Ddepartamento%2Bmagdalena%2Bcontreras%26origin%3D2%26t_or%3D2%26splitTestId%3D0%26detailPageUrl%3Dhttps%25253A%25252F%25252Fwww.nuroa.com.mx%25252Fadclickdetail%25252F1180002781268163186%25253Fclick_type%25253D0%252526pos%25253D25%252526listingId%25253D1180002781268163186%252526siteStrategyKey%25253Dhttps%2525253A%2525252F%2525252Fwww.nuroa.com.mx%252526url%25253Dhttps%252525253A%252525252F%252525252Fwww.universoinmuebles.com%252525252Fpropiedad%252525252Fdepartamento-en-renta-en-san-jeronimo-lidice-con-1-recamara-2_36_106970561_8163545%252526searchType%25253D2%252526page%25253D1%252526section%25253D1%252526t_sec%25253D1%252526sectionType%25253D1%252526pageViewId%25253Dee936521-1230-4496-b505-4df461ec684b%252526t_pvid%25253Dee936521-1230-4496-b505-4df461ec684b%252526userAgent%25253DMozilla%2525252F5.0%25252B%25252528X11%2525253B%25252BLinux%25252Bx86_64%2525253B%25252Brv%2525253A125.0%25252529%25252BGecko%2525252F20100101%25252BFirefox%2525252F125.0%252526browser%25253D1%252526isHuman%25253Dtrue%252526userIp%25253D189.226.196.225%252526what%25253Ddepartamento%25252Bmagdalena%25252Bcontreras%252526search_terms%25253Ddepartamento%25252Bmagdalena%25252Bcontreras%252526origin%25253D2%252526t_or%25253D2%252526splitTestId%25253D0%252526clickin%25253Dfalse,nuroa,483.3333333333333
17500.0,departamento,Magdalena Contreras,Ciudad de México,98.0,2.0,2.0,1.0,https://www.nuroa.com.mx/adform/1150000772368727284?click_type=1&pos=3&listingId=1150000772368727284&siteStrategyKey=https%3A%2F%2Fwww.nuroa.com.mx&url=https%253A%252F%252Fwww.icasas.mx%252FaggregatorDetail%253FadId%253D0194b49d-f230-7664-9cd6-15d3d77855de%2526aggregator%253Dmitula%2526utm_content%253D0194b49d-f230-7664-9cd6-15d3d77855de_payment&searchType=2&page=1&section=27&t_sec=27&sectionType=2&pageViewId=ee936521-1230-4496-b505-4df461ec684b&t_pvid=ee936521-1230-4496-b505-4df461ec684b&userAgent=Mozilla%2F5.0+%28X11%3B+Linux+x86_64%3B+rv%3A125.0%29+Gecko%2F20100101+Firefox%2F125.0&browser=1&isHuman=true&userIp=189.226.196.225&what=departamento+magdalena+contreras&search_terms=departamento+magdalena+contreras&origin=2&t_or=2&splitTestId=0,nuroa,178.57142857142858
43000.0,departamento,Magdalena Contreras,Ciudad de México,160.0,2.0,2.0,,https://www.nuroa.com.mx/conversion/organic/departamento-magdalena-contreras/2/1/tuportalonline-com?siteId=406267&clickType=organic&redirectUrl=https%3A%2F%2Fwww.nuroa.com.mx%2Fproperty%2F5340001781268227893%3Fclick_type%3D0%26pos%3D1%26listingId%3D5340001781268227893%26siteStrategyKey%3Dnuroa.com.mx%26url%3Dhttps%25253A%25252F%25252Fwww.tuportalonline.com%25252Finmueble%25252Fla-magdalena-contreras-san-jeronimo-lidice-alquiler-departamento-2-recamaras-2_36_106970020_8157333%26searchType%3D2%26page%3D2%26section%3D1%26t_sec%3D1%26sectionType%3D1%26pageViewId%3D156f87f0-6e28-4a58-b62f-7c4462f4b059%26t_pvid%3D156f87f0-6e28-4a58-b62f-7c4462f4b059%26userAgent%3DMozilla%252F5.0%2B%2528Macintosh%253B%2BIntel%2BMac%2BOS%2BX%2B10_15_7%2529%2BAppleWebKit%252F605.1.15%2B%2528KHTML%252C%2Blike%2BGecko%2529%2BVersion%252F17.4%2BSafari%252F605.1.15%26browser%3D1%26isHuman%3Dtrue%26userIp%3D189.226.196.225%26what%3Ddepartamento%2Bmagdalena%2Bcontreras%26search_terms%3Ddepartamento%2Bmagdalena%2Bcontreras%26origin%3D2%26t_or%3D2%26splitTestId%3D0%26detailPageUrl%3Dhttps%25253A%25252F%25252Fwww.nuroa.com.mx%25252Fadclickdetail%25252F5340001781268227893%25253Fclick_type%25253D0%252526pos%25253D1%252526listingId%25253D5340001781268227893%252526siteStrategyKey%25253Dhttps%2525253A%2525252F%2525252Fwww.nuroa.com.mx%252526url%25253Dhttps%252525253A%252525252F%252525252Fwww.tuportalonline.com%252525252Finmueble%252525252Fla-magdalena-contreras-san-jeronimo-lidice-alquiler-departamento-2-recamaras-2_36_106970020_8157333%252526searchType%25253D2%252526page%25253D2%252526section%25253D1%252526t_sec%25253D1%252526sectionType%25253D1%252526pageViewId%25253D156f87f0-6e28-4a58-b62f-7c4462f4b059%252526t_pvid%25253D156f87f0-6e28-4a58-b62f-7c4462f4b059%252526userAgent%25253DMozilla%2525252F5.0%25252B%25252528Macintosh%2525253B%25252BIntel%25252BMac%25252BOS%25252BX%25252B10_15_7%25252529%25252BAppleWebKit%2525252F605.1.15%25252B%25252528KHTML%2525252C%25252Blike%25252BGecko%25252529%25252BVersion%2525252F17.4%25252BSafari%2525252F605.1.15%252526browser%25253D1%252526isHuman%25253Dtrue%252526userIp%25253D189.226.196.225%252526what%25253Ddepartamento%25252Bmagdalena%25252Bcontreras%252526search_terms%25253Ddepartamento%25252Bmagdalena%25252Bcontreras%252526origin%25253D2%252526t_or%25253D2%252526splitTestId%25253D0%252526clickin%25253Dfalse,nuroa,268.75
25000.0,loft,Magdalena Contreras,Ciudad de México,170.0,1.0,2.0,1.0,https://www.nuroa.com.mx/conversion/organic/departamento-magdalena-contreras/2/3/casacompara-com-mx?siteId=407109&clickType=organic&redirectUrl=https%3A%2F%2Fwww.nuroa.com.mx%2Fproperty%2F9040003780576515087%3Fclick_type%3D0%26pos%3D3%26listingId%3D9040003780576515087%26siteStrategyKey%3Dnuroa.com.mx%26url%3Dhttps%25253A%25252F%25252Finmuebles.nocnok.com%25252Fpropiedad%25252Fdepartamento-en-renta%25252Fciudad-de-mexico%25252Fla-magdalena-contreras%25252Fsan-jeronimo-lidice-id-nn-gzz842%25253Fcsid%25253Dtrovit-mx%26searchType%3D2%26page%3D2%26section%3D1%26t_sec%3D1%26sectionType%3D1%26pageViewId%3D156f87f0-6e28-4a58-b62f-7c4462f4b059%26t_pvid%3D156f87f0-6e28-4a58-b62f-7c4462f4b059%26userAgent%3DMozilla%252F5.0%2B%2528Macintosh%253B%2BIntel%2BMac%2BOS%2BX%2B10_15_7%2529%2BAppleWebKit%252F605.1.15%2B%2528KHTML%252C%2Blike%2BGecko%2529%2BVersion%252F17.4%2BSafari%252F605.1.15%26browser%3D1%26isHuman%3Dtrue%26userIp%3D189.226.196.225%26what%3Ddepartamento%2Bmagdalena%2Bcontreras%26search_terms%3Ddepartamento%2Bmagdalena%2Bcontreras%26origin%3D2%26t_or%3D2%26splitTestId%3D0%26detailPageUrl%3Dhttps%25253A%25252F%25252Fwww.nuroa.com.mx%25252Fadclickdetail%25252F9040003780576515087%25253Fclick_type%25253D0%252526pos%25253D3%252526listingId%25253D9040003780576515087%252526siteStrategyKey%25253Dhttps%2525253A%2525252F%2525252Fwww.nuroa.com.mx%252526url%25253Dhttps%252525253A%252525252F%252525252Finmuebles.nocnok.com%252525252Fpropiedad%252525252Fdepartamento-en-renta%252525252Fciudad-de-mexico%252525252Fla-magdalena-contreras%252525252Fsan-jeronimo-lidice-id-nn-gzz842%252525253Fcsid%252525253Dtrovit-mx%252526searchType%25253D2%252526page%25253D2%252526section%25253D1%252526t_sec%25253D1%252526sectionType%25253D1%252526pageViewId%25253D156f87f0-6e28-4a58-b62f-7c4462f4b059%252526t_pvid%25253D156f87f0-6e28-4a58-b62f-7c4462f4b059%252526userAgent%25253DMozilla%2525252F5.0%25252B%25252528Macintosh%2525253B%25252BIntel%25252BMac%25252BOS%25252BX%25252B10_15_7%25252529%25252BAppleWebKit%2525252F605.1.15%25252B%25252528KHTML%2525252C%25252Blike%25252BGecko%25252529%25252BVersion%2525252F17.4%25252BSafari%2525252F605.1.15%252526browser%25253D1%252526isHuman%25253Dtrue%252526userIp%25253D189.226.196.225%252526what%25253Ddepartamento%25252Bmagdalena%25252Bcontreras%252526search_terms%25253Ddepartamento%25252Bmagdalena%25252Bcontreras%252526origin%25253D2%252526t_or%25253D2%252526splitTestId%25253D0%252526clickin%25253Dfalse,nuroa,147.05882352941177
35000.0,departamento,Magdalena Contreras,Ciudad de México,65.0,1.0,1.0,,https://www.nuroa.com.mx/conversion/organic/departamento-magdalena-contreras/2/4/casacompara-com-mx?siteId=407109&clickType=organic&redirectUrl=https%3A%2F%2Fwww.nuroa.com.mx%2Fproperty%2F2100003774355717123%3Fclick_type%3D0%26pos%3D4%26listingId%3D2100003774355717123%26siteStrategyKey%3Dnuroa.com.mx%26url%3Dhttps%25253A%25252F%25252Finmuebles.nocnok.com%25252Fpropiedad%25252Fdepartamento-en-renta%25252Fciudad-de-mexico%25252Fla-magdalena-contreras%25252Fsan-jeronimo-lidice-id-nn-gwk139%25253Fcsid%25253Dtrovit-mx%26searchType%3D2%26page%3D2%26section%3D1%26t_sec%3D1%26sectionType%3D1%26pageViewId%3D156f87f0-6e28-4a58-b62f-7c4462f4b059%26t_pvid%3D156f87f0-6e28-4a58-b62f-7c4462f4b059%26userAgent%3DMozilla%252F5.0%2B%2528Macintosh%253B%2BIntel%2BMac%2BOS%2BX%2B10_15_7%2529%2BAppleWebKit%252F605.1.15%2B%2528KHTML%252C%2Blike%2BGecko%2529%2BVersion%252F17.4%2BSafari%252F605.1.15%26browser%3D1%26isHuman%3Dtrue%26userIp%3D189.226.196.225%26what%3Ddepartamento%2Bmagdalena%2Bcontreras%26search_terms%3Ddepartamento%2Bmagdalena%2Bcontreras%26origin%3D2%26t_or%3D2%26splitTestId%3D0%26detailPageUrl%3Dhttps%25253A%25252F%25252Fwww.nuroa.com.mx%25252Fadclickdetail%25252F2100003774355717123%25253Fclick_type%25253D0%252526pos%25253D4%252526listingId%25253D2100003774355717123%252526siteStrategyKey%25253Dhttps%2525253A%2525252F%2525252Fwww.nuroa.com.mx%252526url%25253Dhttps%252525253A%252525252F%252525252Finmuebles.nocnok.com%252525252Fpropiedad%252525252Fdepartamento-en-renta%252525252Fciudad-de-mexico%252525252Fla-magdalena-contreras%252525252Fsan-jeronimo-lidice-id-nn-gwk139%252525253Fcsid%252525253Dtrovit-mx%252526searchType%25253D2%252526page%25253D2%252526section%25253D1%252526t_sec%25253D1%252526sectionType%25253D1%252526pageViewId%25253D156f87f0-6e28-4a58-b62f-7c4462f4b059%252526t_pvid%25253D156f87f0-6e28-4a58-b62f-7c4462f4b059%252526userAgent%25253DMozilla%2525252F5.0%25252B%25252528Macintosh%2525253B%25252BIntel%25252BMac%25252BOS%25252BX%25252B10_15_7%25252529%25252BAppleWebKit%2525252F605.1.15%25252B%25252528KHTML%2525252C%25252Blike%25252BGecko%25252529%25252BVersion%2525252F17.4%25252BSafari%2525252F605.1.15%252526browser%25253D1%252526isHuman%25253Dtrue%252526userIp%25253D189.226.196.225%252526what%25253Ddepartamento%25252Bmagdalena%25252Bcontreras%252526search_terms%25253Ddepartamento%25252Bmagdalena%25252Bcontreras%252526origin%25253D2%252526t_or%25253D2%252526splitTestId%25253D0%252526clickin%25253Dfalse,nuroa,538.4615384615385
21000.0,departamento,Magdalena Contreras,Ciudad de México,81.0,2.0,2.0,,https://www.nuroa.com.mx/adform/7860000780317677376?click_type=0&pos=7&listingId=7860000780317677376&siteStrategyKey=https%3A%2F%2Fwww.nuroa.com.mx&url=https%253A%252F%252Fwww.icasas.mx%252FaggregatorDetail%253FadId%253D019e80bc-b19d-75a9-b1cd-f5fc23991577%2526aggregator%253Dmitula%2526utm_content%253D019e80bc-b19d-75a9-b1cd-f5fc23991577_payment&searchType=2&page=2&section=1&t_sec=1&sectionType=1&pageViewId=156f87f0-6e28-4a58-b62f-7c4462f4b059&t_pvid=156f87f0-6e28-4a58-b62f-7c4462f4b059&userAgent=Mozilla%2F5.0+%28Macintosh%3B+Intel+Mac+OS+X+10_15_7%29+AppleWebKit%2F605.1.15+%28KHTML%2C+like+Gecko%29+Version%2F17.4+Safari%2F605.1.15&browser=1&isHuman=true&userIp=189.226.196.225&what=departamento+magdalena+contreras&search_terms=departamento+magdalena+contreras&origin=2&t_or=2&splitTestId=0,nuroa,259.25925925925924
7000.0,departamento,Magdalena Contreras,Ciudad de México,50.0,2.0,1.0,1.0,https://www.nuroa.com.mx/adform/1460000779280919186?click_type=0&pos=13&listingId=1460000779280919186&siteStrategyKey=https%3A%2F%2Fwww.nuroa.com.mx&url=https%253A%252F%252Fwww.icasas.mx%252FaggregatorDetail%253FadId%253D019e428e-cb0f-7eb5-8fe4-66642e72d3a6%2526aggregator%253Dmitula%2526utm_content%253D019e428e-cb0f-7eb5-8fe4-66642e72d3a6_payment&searchType=2&page=2&section=1&t_sec=1&sectionType=1&pageViewId=156f87f0-6e28-4a58-b62f-7c4462f4b059&t_pvid=156f87f0-6e28-4a58-b62f-7c4462f4b059&userAgent=Mozilla%2F5.0+%28Macintosh%3B+Intel+Mac+OS+X+10_15_7%29+AppleWebKit%2F605.1.15+%28KHTML%2C+like+Gecko%29+Version%2F17.4+Safari%2F605.1.15&browser=1&isHuman=true&userIp=189.226.196.225&what=departamento+magdalena+contreras&search_terms=departamento+magdalena+contreras&origin=2&t_or=2&splitTestId=0,nuroa,140.0
7000.0,departamento,Magdalena Contreras,Ciudad de México,68.0,3.0,2.0,1.0,https://www.nuroa.com.mx/adform/9140000779280830460?click_type=0&pos=14&listingId=9140000779280830460&siteStrategyKey=https%3A%2F%2Fwww.nuroa.com.mx&url=https%253A%252F%252Fwww.icasas.mx%252FaggregatorDetail%253FadId%253D019e4288-de75-7697-b3d4-40c2854f7b11%2526aggregator%253Dmitula%2526utm_content%253D019e4288-de75-7697-b3d4-40c2854f7b11_payment&searchType=2&page=2&section=1&t_sec=1&sectionType=1&pageViewId=156f87f0-6e28-4a58-b62f-7c4462f4b059&t_pvid=156f87f0-6e28-4a58-b62f-7c4462f4b059&userAgent=Mozilla%2F5.0+%28Macintosh%3B+Intel+Mac+OS+X+10_15_7%29+AppleWebKit%2F605.1.15+%28KHTML%2C+like+Gecko%29+Version%2F17.4+Safari%2F605.1.15&browser=1&isHuman=true&userIp=189.226.196.225&what=departamento+magdalena+contreras&search_terms=departamento+magdalena+contreras&origin=2&t_or=2&splitTestId=0,nuroa,102.94117647058823
15500.0,departamento,Magdalena Contreras,Ciudad de México,60.0,2.0,,,https://www.nuroa.com.mx/conversion/organic/departamento-magdalena-contreras/2/15/universoInmuebles?siteId=409913&clickType=organic&redirectUrl=https%3A%2F%2Fwww.nuroa.com.mx%2Fproperty%2F1550002774701665891%3Fclick_type%3D0%26pos%3D15%26listingId%3D1550002774701665891%26siteStrategyKey%3Dnuroa.com.mx%26url%3Dhttps%25253A%25252F%25252Fwww.universoinmuebles.com%25252Fpropiedad%25252Fdepartamento-en-renta-en-san-jeronimo-lidice-con-2-recamaras-2_36_105652247_7881026%26searchType%3D2%26page%3D2%26section%3D1%26t_sec%3D1%26sectionType%3D1%26pageViewId%3D156f87f0-6e28-4a58-b62f-7c4462f4b059%26t_pvid%3D156f87f0-6e28-4a58-b62f-7c4462f4b059%26userAgent%3DMozilla%252F5.0%2B%2528Macintosh%253B%2BIntel%2BMac%2BOS%2BX%2B10_15_7%2529%2BAppleWebKit%252F605.1.15%2B%2528KHTML%252C%2Blike%2BGecko%2529%2BVersion%252F17.4%2BSafari%252F605.1.15%26browser%3D1%26isHuman%3Dtrue%26userIp%3D189.226.196.225%26what%3Ddepartamento%2Bmagdalena%2Bcontreras%26search_terms%3Ddepartamento%2Bmagdalena%2Bcontreras%26origin%3D2%26t_or%3D2%26splitTestId%3D0%26detailPageUrl%3Dhttps%25253A%25252F%25252Fwww.nuroa.com.mx%25252Fadclickdetail%25252F1550002774701665891%25253Fclick_type%25253D0%252526pos%25253D15%252526listingId%25253D1550002774701665891%252526siteStrategyKey%25253Dhttps%2525253A%2525252F%2525252Fwww.nuroa.com.mx%252526url%25253Dhttps%252525253A%252525252F%252525252Fwww.universoinmuebles.com%252525252Fpropiedad%252525252Fdepartamento-en-renta-en-san-jeronimo-lidice-con-2-recamaras-2_36_105652247_7881026%252526searchType%25253D2%252526page%25253D2%252526section%25253D1%252526t_sec%25253D1%252526sectionType%25253D1%252526pageViewId%25253D156f87f0-6e28-4a58-b62f-7c4462f4b059%252526t_pvid%25253D156f87f0-6e28-4a58-b62f-7c4462f4b059%252526userAgent%25253DMozilla%2525252F5.0%25252B%25252528Macintosh%2525253B%25252BIntel%25252BMac%25252BOS%25252BX%25252B10_15_7%25252529%25252BAppleWebKit%2525252F605.1.15%25252B%25252528KHTML%2525252C%25252Blike%25252BGecko%25252529%25252BVersion%2525252F17.4%25252BSafari%2525252F605.1.15%252526browser%25253D1%252526isHuman%25253Dtrue%252526userIp%25253D189.226.196.225%252526what%25253Ddepartamento%25252Bmagdalena%25252Bcontreras%252526search_terms%25253Ddepartamento%25252Bmagdalena%25252Bcontreras%252526origin%25253D2%252526t_or%25253D2%252526splitTestId%25253D0%252526clickin%25253Dfalse,nuroa,258.3333333333333
42000.0,departamento,Miguel Hidalgo,Ciudad de México,77.0,2.0,2.0,,https://www.nuroa.com.mx/adform/2480000779540091449?click_type=1&pos=1&listingId=2480000779540091449&siteStrategyKey=https%3A%2F%2Fwww.nuroa.com.mx&url=https%253A%252F%252Fwww.icasas.mx%252FaggregatorDetail%253FadId%253D019e5115-eba9-740e-977d-effe17316a85%2526aggregator%253Dmitula%2526utm_content%253D019e5115-eba9-740e-977d-effe17316a85_payment&searchType=2&page=1&seo_link_id=1406135211&section=26&t_sec=26&sectionType=2&pageViewId=36d0fe68-2368-4eea-b6f8-a9eb348b3764&t_pvid=36d0fe68-2368-4eea-b6f8-a9eb348b3764&userAgent=Mozilla%2F5.0+%28Macintosh%3B+Intel+Mac+OS+X+10_15_7%29+AppleWebKit%2F605.1.15+%28KHTML%2C+like+Gecko%29+Version%2F17.4+Safari%2F605.1.15&browser=1&isHuman=true&userIp=189.226.196.225&what=departamento+miguel+hidalgo&search_terms=departamento+miguel+hidalgo&origin=2&t_or=2&splitTestId=0,nuroa,545.4545454545455
33000.0,departamento,Miguel Hidalgo,Ciudad de México,110.0,2.0,1.0,,https://www.nuroa.com.mx/adform/6270000771504546659?click_type=1&pos=2&listingId=6270000771504546659&siteStrategyKey=https%3A%2F%2Fwww.nuroa.com.mx&url=https%253A%252F%252Fwww.icasas.mx%252FaggregatorDetail%253FadId%253D01935096-317e-7bbb-8df7-fe4ee5fbf292%2526aggregator%253Dmitula%2526utm_content%253D01935096-317e-7bbb-8df7-fe4ee5fbf292_payment&searchType=2&page=1&seo_link_id=1406135211&section=26&t_sec=26&sectionType=2&pageViewId=36d0fe68-2368-4eea-b6f8-a9eb348b3764&t_pvid=36d0fe68-2368-4eea-b6f8-a9eb348b3764&userAgent=Mozilla%2F5.0+%28Macintosh%3B+Intel+Mac+OS+X+10_15_7%29+AppleWebKit%2F605.1.15+%28KHTML%2C+like+Gecko%29+Version%2F17.4+Safari%2F605.1.15&browser=1&isHuman=true&userIp=189.226.196.225&what=departamento+miguel+hidalgo&search_terms=departamento+miguel+hidalgo&origin=2&t_or=2&splitTestId=0,nuroa,300.0
48000.0,departamento,Miguel Hidalgo,Ciudad de México,150.0,3.0,3.0,,https://www.nuroa.com.mx/adform/8720000781181767060?click_type=0&pos=1&listingId=8720000781181767060&siteStrategyKey=https%3A%2F%2Fwww.nuroa.com.mx&url=https%253A%252F%252Fwww.icasas.mx%252FaggregatorDetail%253FadId%253D019eb442-660e-72a9-a57e-5f0459aeb30c%2526aggregator%253Dmitula%2526utm_content%253D019eb442-660e-72a9-a57e-5f0459aeb30c_payment&searchType=2&page=1&seo_link_id=1406135211&section=1&t_sec=1&sectionType=1&pageViewId=36d0fe68-2368-4eea-b6f8-a9eb348b3764&t_pvid=36d0fe68-2368-4eea-b6f8-a9eb348b3764&userAgent=Mozilla%2F5.0+%28Macintosh%3B+Intel+Mac+OS+X+10_15_7%29+AppleWebKit%2F605.1.15+%28KHTML%2C+like+Gecko%29+Version%2F17.4+Safari%2F605.1.15&browser=1&isHuman=true&userIp=189.226.196.225&what=departamento+miguel+hidalgo&search_terms=departamento+miguel+hidalgo&origin=2&t_or=2&splitTestId=0,nuroa,320.0
24000.0,departamento,Miguel Hidalgo,Ciudad de México,63.0,1.0,1.0,,https://www.nuroa.com.mx/adform/8960000781354306580?click_type=0&pos=2&listingId=8960000781354306580&siteStrategyKey=https%3A%2F%2Fwww.nuroa.com.mx&url=https%253A%252F%252Fwww.icasas.mx%252FaggregatorDetail%253FadId%253D019e950b-8189-7010-be7a-fa12884db9c5%2526aggregator%253Dmitula%2526utm_content%253D019e950b-8189-7010-be7a-fa12884db9c5_payment&searchType=2&page=1&seo_link_id=1406135211&section=1&t_sec=1&sectionType=1&pageViewId=36d0fe68-2368-4eea-b6f8-a9eb348b3764&t_pvid=36d0fe68-2368-4eea-b6f8-a9eb348b3764&userAgent=Mozilla%2F5.0+%28Macintosh%3B+Intel+Mac+OS+X+10_15_7%29+AppleWebKit%2F605.1.15+%28KHTML%2C+like+Gecko%29+Version%2F17.4+Safari%2F605.1.15&browser=1&isHuman=true&userIp=189.226.196.225&what=departamento+miguel+hidalgo&search_terms=departamento+miguel+hidalgo&origin=2&t_or=2&splitTestId=0,nuroa,380.95238095238096
33000.0,departamento,Miguel Hidalgo,Ciudad de México,88.0,2.0,2.0,1.0,https://www.nuroa.com.mx/adform/4450000781095166324?click_type=0&pos=3&listingId=4450000781095166324&siteStrategyKey=https%3A%2F%2Fwww.nuroa.com.mx&url=https%253A%252F%252Fwww.icasas.mx%252FaggregatorDetail%253FadId%253D019e85d5-ba08-79be-a30d-c18c8ffc9fe9%2526aggregator%253Dmitula%2526utm_content%253D019e85d5-ba08-79be-a30d-c18c8ffc9fe9_payment&searchType=2&page=1&seo_link_id=1406135211&section=1&t_sec=1&sectionType=1&pageViewId=36d0fe68-2368-4eea-b6f8-a9eb348b3764&t_pvid=36d0fe68-2368-4eea-b6f8-a9eb348b3764&userAgent=Mozilla%2F5.0+%28Macintosh%3B+Intel+Mac+OS+X+10_15_7%29+AppleWebKit%2F605.1.15+%28KHTML%2C+like+Gecko%29+Version%2F17.4+Safari%2F605.1.15&browser=1&isHuman=true&userIp=189.226.196.225&what=departamento+miguel+hidalgo&search_terms=departamento+miguel+hidalgo&origin=2&t_or=2&splitTestId=0,nuroa,375.0
74000.0,departamento,Miguel Hidalgo,Ciudad de México,144.0,3.0,3.0,,https://www.nuroa.com.mx/adform/5280000779799172409?click_type=0&pos=4&listingId=5280000779799172409&siteStrategyKey=https%3A%2F%2Fwww.nuroa.com.mx&url=https%253A%252F%252Fwww.icasas.mx%252FaggregatorDetail%253FadId%253D019e60e3-890e-74ba-96e1-5754b5f2448d%2526aggregator%253Dmitula%2526utm_content%253D019e60e3-890e-74ba-96e1-5754b5f2448d_payment&searchType=2&page=1&seo_link_id=1406135211&section=1&t_sec=1&sectionType=1&pageViewId=36d0fe68-2368-4eea-b6f8-a9eb348b3764&t_pvid=36d0fe68-2368-4eea-b6f8-a9eb348b3764&userAgent=Mozilla%2F5.0+%28Macintosh%3B+Intel+Mac+OS+X+10_15_7%29+AppleWebKit%2F605.1.15+%28KHTML%2C+like+Gecko%29+Version%2F17.4+Safari%2F605.1.15&browser=1&isHuman=true&userIp=189.226.196.225&what=departamento+miguel+hidalgo&search_terms=departamento+miguel+hidalgo&origin=2&t_or=2&splitTestId=0,nuroa,513.8888888888889
35000.0,departamento,Miguel Hidalgo,Ciudad de México,96.0,2.0,2.0,,https://www.nuroa.com.mx/adform/2090000781095205338?click_type=0&pos=5&listingId=2090000781095205338&siteStrategyKey=https%3A%2F%2Fwww.nuroa.com.mx&url=https%253A%252F%252Fwww.icasas.mx%252FaggregatorDetail%253FadId%253D019eae5f-4750-73c9-96da-032b8a96ffa9%2526aggregator%253Dmitula%2526utm_content%253D019eae5f-4750-73c9-96da-032b8a96ffa9_payment&searchType=2&page=1&seo_link_id=1406135211&section=1&t_sec=1&sectionType=1&pageViewId=36d0fe68-2368-4eea-b6f8-a9eb348b3764&t_pvid=36d0fe68-2368-4eea-b6f8-a9eb348b3764&userAgent=Mozilla%2F5.0+%28Macintosh%3B+Intel+Mac+OS+X+10_15_7%29+AppleWebKit%2F605.1.15+%28KHTML%2C+like+Gecko%29+Version%2F17.4+Safari%2F605.1.15&browser=1&isHuman=true&userIp=189.226.196.225&what=departamento+miguel+hidalgo&search_terms=departamento+miguel+hidalgo&origin=2&t_or=2&splitTestId=0,nuroa,364.5833333333333
35000.0,departamento,Miguel Hidalgo,Ciudad de México,80.0,1.0,1.0,1.0,https://www.nuroa.com.mx/adform/5790000777379801280?click_type=0&pos=6&listingId=5790000777379801280&siteStrategyKey=https%3A%2F%2Fwww.nuroa.com.mx&url=https%253A%252F%252Fwww.icasas.mx%252FaggregatorDetail%253FadId%253D019dd175-1343-732b-a187-7f8338f19ddd%2526aggregator%253Dmitula%2526utm_content%253D019dd175-1343-732b-a187-7f8338f19ddd_payment&searchType=2&page=1&seo_link_id=1406135211&section=1&t_sec=1&sectionType=1&pageViewId=36d0fe68-2368-4eea-b6f8-a9eb348b3764&t_pvid=36d0fe68-2368-4eea-b6f8-a9eb348b3764&userAgent=Mozilla%2F5.0+%28Macintosh%3B+Intel+Mac+OS+X+10_15_7%29+AppleWebKit%2F605.1.15+%28KHTML%2C+like+Gecko%29+Version%2F17.4+Safari%2F605.1.15&browser=1&isHuman=true&userIp=189.226.196.225&what=departamento+miguel+hidalgo&search_terms=departamento+miguel+hidalgo&origin=2&t_or=2&splitTestId=0,nuroa,437.5
38500.0,departamento,Miguel Hidalgo,Ciudad de México,109.0,3.0,2.0,1.0,https://www.nuroa.com.mx/adform/7490000780404048528?click_type=0&pos=7&listingId=7490000780404048528&siteStrategyKey=https%3A%2F%2Fwww.nuroa.com.mx&url=https%253A%252F%252Fwww.icasas.mx%252FaggregatorDetail%253FadId%253D019d651e-11b9-76cf-89f5-aedaedf6e633%2526aggregator%253Dmitula%2526utm_content%253D019d651e-11b9-76cf-89f5-aedaedf6e633_payment&searchType=2&page=1&seo_link_id=1406135211&section=1&t_sec=1&sectionType=1&pageViewId=36d0fe68-2368-4eea-b6f8-a9eb348b3764&t_pvid=36d0fe68-2368-4eea-b6f8-a9eb348b3764&userAgent=Mozilla%2F5.0+%28Macintosh%3B+Intel+Mac+OS+X+10_15_7%29+AppleWebKit%2F605.1.15+%28KHTML%2C+like+Gecko%29+Version%2F17.4+Safari%2F605.1.15&browser=1&isHuman=true&userIp=189.226.196.225&what=departamento+miguel+hidalgo&search_terms=departamento+miguel+hidalgo&origin=2&t_or=2&splitTestId=0,nuroa,353.2110091743119
43600.0,departamento,Miguel Hidalgo,Ciudad de México,120.0,2.0,2.0,,https://www.nuroa.com.mx/adform/5060000780663438869?click_type=0&pos=8&listingId=5060000780663438869&siteStrategyKey=https%3A%2F%2Fwww.nuroa.com.mx&url=https%253A%252F%252Fwww.icasas.mx%252FaggregatorDetail%253FadId%253D019e9555-b87d-730d-a28f-57c382e00663%2526aggregator%253Dmitula%2526utm_content%253D019e9555-b87d-730d-a28f-57c382e00663_payment&searchType=2&page=1&seo_link_id=1406135211&section=1&t_sec=1&sectionType=1&pageViewId=36d0fe68-2368-4eea-b6f8-a9eb348b3764&t_pvid=36d0fe68-2368-4eea-b6f8-a9eb348b3764&userAgent=Mozilla%2F5.0+%28Macintosh%3B+Intel+Mac+OS+X+10_15_7%29+AppleWebKit%2F605.1.15+%28KHTML%2C+like+Gecko%29+Version%2F17.4+Safari%2F605.1.15&browser=1&isHuman=true&userIp=189.226.196.225&what=departamento+miguel+hidalgo&search_terms=departamento+miguel+hidalgo&origin=2&t_or=2&splitTestId=0,nuroa,363.3333333333333
74990.0,departamento,Miguel Hidalgo,Ciudad de México,144.0,3.0,3.0,,https://www.nuroa.com.mx/adform/7040002780749485239?click_type=0&pos=10&listingId=7040002780749485239&siteStrategyKey=https%3A%2F%2Fwww.nuroa.com.mx&url=https%253A%252F%252Fwww.icasas.mx%252FaggregatorDetail%253FadId%253D019db37b-0e4f-720b-a49c-010fe07f4f7f%2526aggregator%253Dmitula%2526utm_content%253D019db37b-0e4f-720b-a49c-010fe07f4f7f_payment&searchType=2&page=1&seo_link_id=1406135211&section=1&t_sec=1&sectionType=1&pageViewId=36d0fe68-2368-4eea-b6f8-a9eb348b3764&t_pvid=36d0fe68-2368-4eea-b6f8-a9eb348b3764&userAgent=Mozilla%2F5.0+%28Macintosh%3B+Intel+Mac+OS+X+10_15_7%29+AppleWebKit%2F605.1.15+%28KHTML%2C+like+Gecko%29+Version%2F17.4+Safari%2F605.1.15&browser=1&isHuman=true&userIp=189.226.196.225&what=departamento+miguel+hidalgo&search_terms=departamento+miguel+hidalgo&origin=2&t_or=2&splitTestId=0,nuroa,520.7638888888889
25000.0,loft,Miguel Hidalgo,Ciudad de México,60.0,,1.0,,https://www.nuroa.com.mx/adform/2170000779734590184?click_type=0&pos=11&listingId=2170000779734590184&siteStrategyKey=https%3A%2F%2Fwww.nuroa.com.mx&url=https%253A%252F%252Fwww.icasas.mx%252FaggregatorDetail%253FadId%253D0198ed6e-93a5-7585-b363-0b2cd459f754%2526aggregator%253Dmitula%2526utm_content%253D0198ed6e-93a5-7585-b363-0b2cd459f754_payment&searchType=2&page=1&seo_link_id=1406135211&section=1&t_sec=1&sectionType=1&pageViewId=36d0fe68-2368-4eea-b6f8-a9eb348b3764&t_pvid=36d0fe68-2368-4eea-b6f8-a9eb348b3764&userAgent=Mozilla%2F5.0+%28Macintosh%3B+Intel+Mac+OS+X+10_15_7%29+AppleWebKit%2F605.1.15+%28KHTML%2C+like+Gecko%29+Version%2F17.4+Safari%2F605.1.15&browser=1&isHuman=true&userIp=189.226.196.225&what=departamento+miguel+hidalgo&search_terms=departamento+miguel+hidalgo&origin=2&t_or=2&splitTestId=0,nuroa,416.6666666666667
17500.0,departamento,Miguel Hidalgo,Ciudad de México,90.0,1.0,1.0,,https://www.nuroa.com.mx/adform/4030000780663068826?click_type=0&pos=13&listingId=4030000780663068826&siteStrategyKey=https%3A%2F%2Fwww.nuroa.com.mx&url=https%253A%252F%252Fwww.icasas.mx%252FaggregatorDetail%253FadId%253D019e94b5-4df0-7786-af33-f7d0d2516117%2526aggregator%253Dmitula%2526utm_content%253D019e94b5-4df0-7786-af33-f7d0d2516117_payment&searchType=2&page=1&seo_link_id=1406135211&section=1&t_sec=1&sectionType=1&pageViewId=36d0fe68-2368-4eea-b6f8-a9eb348b3764&t_pvid=36d0fe68-2368-4eea-b6f8-a9eb348b3764&userAgent=Mozilla%2F5.0+%28Macintosh%3B+Intel+Mac+OS+X+10_15_7%29+AppleWebKit%2F605.1.15+%28KHTML%2C+like+Gecko%29+Version%2F17.4+Safari%2F605.1.15&browser=1&isHuman=true&userIp=189.226.196.225&what=departamento+miguel+hidalgo&search_terms=departamento+miguel+hidalgo&origin=2&t_or=2&splitTestId=0,nuroa,194.44444444444446
28000.0,estudio,Miguel Hidalgo,Ciudad de México,43.0,,1.0,,https://www.nuroa.com.mx/adform/7800000780663308946?click_type=0&pos=14&listingId=7800000780663308946&siteStrategyKey=https%3A%2F%2Fwww.nuroa.com.mx&url=https%253A%252F%252Fwww.icasas.mx%252FaggregatorDetail%253FadId%253D019475f1-9d3c-7f61-b91f-65b95739719f%2526aggregator%253Dmitula%2526utm_content%253D019475f1-9d3c-7f61-b91f-65b95739719f_payment&searchType=2&page=1&seo_link_id=1406135211&section=1&t_sec=1&sectionType=1&pageViewId=36d0fe68-2368-4eea-b6f8-a9eb348b3764&t_pvid=36d0fe68-2368-4eea-b6f8-a9eb348b3764&userAgent=Mozilla%2F5.0+%28Macintosh%3B+Intel+Mac+OS+X+10_15_7%29+AppleWebKit%2F605.1.15+%28KHTML%2C+like+Gecko%29+Version%2F17.4+Safari%2F605.1.15&browser=1&isHuman=true&userIp=189.226.196.225&what=departamento+miguel+hidalgo&search_terms=departamento+miguel+hidalgo&origin=2&t_or=2&splitTestId=0,nuroa,651.1627906976744
31000.0,departamento,Miguel Hidalgo,Ciudad de México,100.0,3.0,2.0,,https://www.nuroa.com.mx/adform/6460000780425702174?click_type=0&pos=15&listingId=6460000780425702174&siteStrategyKey=https%3A%2F%2Fwww.nuroa.com.mx&url=https%253A%252F%252Fwww.icasas.mx%252FaggregatorDetail%253FadId%253D019e8859-2664-74c0-911a-32db8825e157%2526aggregator%253Dmitula%2526utm_content%253D019e8859-2664-74c0-911a-32db8825e157_payment&searchType=2&page=1&seo_link_id=1406135211&section=1&t_sec=1&sectionType=1&pageViewId=36d0fe68-2368-4eea-b6f8-a9eb348b3764&t_pvid=36d0fe68-2368-4eea-b6f8-a9eb348b3764&userAgent=Mozilla%2F5.0+%28Macintosh%3B+Intel+Mac+OS+X+10_15_7%29+AppleWebKit%2F605.1.15+%28KHTML%2C+like+Gecko%29+Version%2F17.4+Safari%2F605.1.15&browser=1&isHuman=true&userIp=189.226.196.225&what=departamento+miguel+hidalgo&search_terms=departamento+miguel+hidalgo&origin=2&t_or=2&splitTestId=0,nuroa,310.0
22600.0,departamento,Miguel Hidalgo,Ciudad de México,58.0,1.0,1.0,1.0,https://www.nuroa.com.mx/adform/5750000780576863415?click_type=0&pos=16&listingId=5750000780576863415&siteStrategyKey=https%3A%2F%2Fwww.nuroa.com.mx&url=https%253A%252F%252Fwww.icasas.mx%252FaggregatorDetail%253FadId%253D019e905e-c066-758c-96cc-af73fc3182b4%2526aggregator%253Dmitula%2526utm_content%253D019e905e-c066-758c-96cc-af73fc3182b4_payment&searchType=2&page=1&seo_link_id=1406135211&section=1&t_sec=1&sectionType=1&pageViewId=36d0fe68-2368-4eea-b6f8-a9eb348b3764&t_pvid=36d0fe68-2368-4eea-b6f8-a9eb348b3764&userAgent=Mozilla%2F5.0+%28Macintosh%3B+Intel+Mac+OS+X+10_15_7%29+AppleWebKit%2F605.1.15+%28KHTML%2C+like+Gecko%29+Version%2F17.4+Safari%2F605.1.15&browser=1&isHuman=true&userIp=189.226.196.225&what=departamento+miguel+hidalgo&search_terms=departamento+miguel+hidalgo&origin=2&t_or=2&splitTestId=0,nuroa,389.6551724137931
33800.0,departamento,Miguel Hidalgo,Ciudad de México,67.0,1.0,1.0,,https://www.nuroa.com.mx/adform/6170000777466291294?click_type=0&pos=17&listingId=6170000777466291294&siteStrategyKey=https%3A%2F%2Fwww.nuroa.com.mx&url=https%253A%252F%252Fwww.icasas.mx%252FaggregatorDetail%253FadId%253D019dd6cb-44fe-7539-ad46-3fbc5f1090dc%2526aggregator%253Dmitula%2526utm_content%253D019dd6cb-44fe-7539-ad46-3fbc5f1090dc_payment&searchType=2&page=1&seo_link_id=1406135211&section=1&t_sec=1&sectionType=1&pageViewId=36d0fe68-2368-4eea-b6f8-a9eb348b3764&t_pvid=36d0fe68-2368-4eea-b6f8-a9eb348b3764&userAgent=Mozilla%2F5.0+%28Macintosh%3B+Intel+Mac+OS+X+10_15_7%29+AppleWebKit%2F605.1.15+%28KHTML%2C+like+Gecko%29+Version%2F17.4+Safari%2F605.1.15&browser=1&isHuman=true&userIp=189.226.196.225&what=departamento+miguel+hidalgo&search_terms=departamento+miguel+hidalgo&origin=2&t_or=2&splitTestId=0,nuroa,504.4776119402985
48000.0,departamento,Miguel Hidalgo,Ciudad de México,130.0,2.0,2.0,,https://www.nuroa.com.mx/adform/1510000779539725417?click_type=0&pos=19&listingId=1510000779539725417&siteStrategyKey=https%3A%2F%2Fwww.nuroa.com.mx&url=https%253A%252F%252Fwww.icasas.mx%252FaggregatorDetail%253FadId%253D019e51da-3770-716c-b3bc-67d5dda3c0d1%2526aggregator%253Dmitula%2526utm_content%253D019e51da-3770-716c-b3bc-67d5dda3c0d1_payment&searchType=2&page=1&seo_link_id=1406135211&section=1&t_sec=1&sectionType=1&pageViewId=36d0fe68-2368-4eea-b6f8-a9eb348b3764&t_pvid=36d0fe68-2368-4eea-b6f8-a9eb348b3764&userAgent=Mozilla%2F5.0+%28Macintosh%3B+Intel+Mac+OS+X+10_15_7%29+AppleWebKit%2F605.1.15+%28KHTML%2C+like+Gecko%29+Version%2F17.4+Safari%2F605.1.15&browser=1&isHuman=true&userIp=189.226.196.225&what=departamento+miguel+hidalgo&search_terms=departamento+miguel+hidalgo&origin=2&t_or=2&splitTestId=0,nuroa,369.2307692307692
33000.0,departamento,Miguel Hidalgo,Ciudad de México,48.0,1.0,1.0,,https://www.nuroa.com.mx/adform/7390002777725671387?click_type=0&pos=20&listingId=7390002777725671387&siteStrategyKey=https%3A%2F%2Fwww.nuroa.com.mx&url=https%253A%252F%252Fwww.icasas.mx%252FaggregatorDetail%253FadId%253D019475fe-8191-7f2f-ba83-6b8f60bfe4c1%2526aggregator%253Dmitula%2526utm_content%253D019475fe-8191-7f2f-ba83-6b8f60bfe4c1_payment&searchType=2&page=1&seo_link_id=1406135211&section=1&t_sec=1&sectionType=1&pageViewId=36d0fe68-2368-4eea-b6f8-a9eb348b3764&t_pvid=36d0fe68-2368-4eea-b6f8-a9eb348b3764&userAgent=Mozilla%2F5.0+%28Macintosh%3B+Intel+Mac+OS+X+10_15_7%29+AppleWebKit%2F605.1.15+%28KHTML%2C+like+Gecko%29+Version%2F17.4+Safari%2F605.1.15&browser=1&isHuman=true&userIp=189.226.196.225&what=departamento+miguel+hidalgo&search_terms=departamento+miguel+hidalgo&origin=2&t_or=2&splitTestId=0,nuroa,687.5
65000.0,departamento,Miguel Hidalgo,Ciudad de México,200.0,3.0,2.0,1.0,https://www.nuroa.com.mx/adform/1760001779971786159?click_type=0&pos=21&listingId=1760001779971786159&siteStrategyKey=https%3A%2F%2Fwww.nuroa.com.mx&url=https%253A%252F%252Fwww.icasas.mx%252FaggregatorDetail%253FadId%253D58fbe2c6-74a6-4171-b46a-f1a1d1e57fc9%2526aggregator%253Dmitula%2526utm_content%253D58fbe2c6-74a6-4171-b46a-f1a1d1e57fc9_payment&searchType=2&page=1&seo_link_id=1406135211&section=1&t_sec=1&sectionType=1&pageViewId=36d0fe68-2368-4eea-b6f8-a9eb348b3764&t_pvid=36d0fe68-2368-4eea-b6f8-a9eb348b3764&userAgent=Mozilla%2F5.0+%28Macintosh%3B+Intel+Mac+OS+X+10_15_7%29+AppleWebKit%2F605.1.15+%28KHTML%2C+like+Gecko%29+Version%2F17.4+Safari%2F605.1.15&browser=1&isHuman=true&userIp=189.226.196.225&what=departamento+miguel+hidalgo&search_terms=departamento+miguel+hidalgo&origin=2&t_or=2&splitTestId=0,nuroa,325.0
43000.0,departamento,Miguel Hidalgo,Ciudad de México,112.0,2.0,2.0,,https://www.nuroa.com.mx/adform/5570001779972146962?click_type=0&pos=22&listingId=5570001779972146962&siteStrategyKey=https%3A%2F%2Fwww.nuroa.com.mx&url=https%253A%252F%252Fwww.icasas.mx%252FaggregatorDetail%253FadId%253D019cc471-b9b7-7cb5-b022-38f03267f8b6%2526aggregator%253Dmitula%2526utm_content%253D019cc471-b9b7-7cb5-b022-38f03267f8b6_payment&searchType=2&page=1&seo_link_id=1406135211&section=1&t_sec=1&sectionType=1&pageViewId=36d0fe68-2368-4eea-b6f8-a9eb348b3764&t_pvid=36d0fe68-2368-4eea-b6f8-a9eb348b3764&userAgent=Mozilla%2F5.0+%28Macintosh%3B+Intel+Mac+OS+X+10_15_7%29+AppleWebKit%2F605.1.15+%28KHTML%2C+like+Gecko%29+Version%2F17.4+Safari%2F605.1.15&browser=1&isHuman=true&userIp=189.226.196.225&what=departamento+miguel+hidalgo&search_terms=departamento+miguel+hidalgo&origin=2&t_or=2&splitTestId=0,nuroa,383.92857142857144
36000.0,departamento,Miguel Hidalgo,Ciudad de México,70.0,1.0,1.0,1.0,https://www.nuroa.com.mx/adform/6760000779280518495?click_type=0&pos=23&listingId=6760000779280518495&siteStrategyKey=https%3A%2F%2Fwww.nuroa.com.mx&url=https%253A%252F%252Fwww.icasas.mx%252FaggregatorDetail%253FadId%253D019e427b-0157-76c6-a7ba-16391c7b4e08%2526aggregator%253Dmitula%2526utm_content%253D019e427b-0157-76c6-a7ba-16391c7b4e08_payment&searchType=2&page=1&seo_link_id=1406135211&section=1&t_sec=1&sectionType=1&pageViewId=36d0fe68-2368-4eea-b6f8-a9eb348b3764&t_pvid=36d0fe68-2368-4eea-b6f8-a9eb348b3764&userAgent=Mozilla%2F5.0+%28Macintosh%3B+Intel+Mac+OS+X+10_15_7%29+AppleWebKit%2F605.1.15+%28KHTML%2C+like+Gecko%29+Version%2F17.4+Safari%2F605.1.15&browser=1&isHuman=true&userIp=189.226.196.225&what=departamento+miguel+hidalgo&search_terms=departamento+miguel+hidalgo&origin=2&t_or=2&splitTestId=0,nuroa,514.2857142857143
13000.0,departamento,Miguel Hidalgo,Ciudad de México,30.0,1.0,1.0,1.0,https://www.nuroa.com.mx/adform/3130000779540091527?click_type=0&pos=24&listingId=3130000779540091527&siteStrategyKey=https%3A%2F%2Fwww.nuroa.com.mx&url=https%253A%252F%252Fwww.icasas.mx%252FaggregatorDetail%253FadId%253D019e51c0-83ff-704e-86ca-701d8a5277c2%2526aggregator%253Dmitula%2526utm_content%253D019e51c0-83ff-704e-86ca-701d8a5277c2_payment&searchType=2&page=1&seo_link_id=1406135211&section=1&t_sec=1&sectionType=1&pageViewId=36d0fe68-2368-4eea-b6f8-a9eb348b3764&t_pvid=36d0fe68-2368-4eea-b6f8-a9eb348b3764&userAgent=Mozilla%2F5.0+%28Macintosh%3B+Intel+Mac+OS+X+10_15_7%29+AppleWebKit%2F605.1.15+%28KHTML%2C+like+Gecko%29+Version%2F17.4+Safari%2F605.1.15&browser=1&isHuman=true&userIp=189.226.196.225&what=departamento+miguel+hidalgo&search_terms=departamento+miguel+hidalgo&origin=2&t_or=2&splitTestId=0,nuroa,433.3333333333333
20000.0,loft,Miguel Hidalgo,Ciudad de México,34.0,,1.0,,https://www.nuroa.com.mx/adform/1590000779194228624?click_type=0&pos=25&listingId=1590000779194228624&siteStrategyKey=https%3A%2F%2Fwww.nuroa.com.mx&url=https%253A%252F%252Fwww.icasas.mx%252FaggregatorDetail%253FadId%253D0198ed66-cd70-7779-a9ea-e00e05f35ced%2526aggregator%253Dmitula%2526utm_content%253D0198ed66-cd70-7779-a9ea-e00e05f35ced_payment&searchType=2&page=1&seo_link_id=1406135211&section=1&t_sec=1&sectionType=1&pageViewId=36d0fe68-2368-4eea-b6f8-a9eb348b3764&t_pvid=36d0fe68-2368-4eea-b6f8-a9eb348b3764&userAgent=Mozilla%2F5.0+%28Macintosh%3B+Intel+Mac+OS+X+10_15_7%29+AppleWebKit%2F605.1.15+%28KHTML%2C+like+Gecko%29+Version%2F17.4+Safari%2F605.1.15&browser=1&isHuman=true&userIp=189.226.196.225&what=departamento+miguel+hidalgo&search_terms=departamento+miguel+hidalgo&origin=2&t_or=2&splitTestId=0,nuroa,588.2352941176471
60000.0,departamento,Miguel Hidalgo,Ciudad de México,120.0,2.0,3.0,,https://www.nuroa.com.mx/adform/4390000780576959179?click_type=1&pos=3&listingId=4390000780576959179&siteStrategyKey=https%3A%2F%2Fwww.nuroa.com.mx&url=https%253A%252F%252Fwww.icasas.mx%252FaggregatorDetail%253FadId%253D019e9047-a437-7293-9e99-e3ee368caa45%2526aggregator%253Dmitula%2526utm_content%253D019e9047-a437-7293-9e99-e3ee368caa45_payment&searchType=2&page=1&seo_link_id=1406135211&section=27&t_sec=27&sectionType=2&pageViewId=36d0fe68-2368-4eea-b6f8-a9eb348b3764&t_pvid=36d0fe68-2368-4eea-b6f8-a9eb348b3764&userAgent=Mozilla%2F5.0+%28Macintosh%3B+Intel+Mac+OS+X+10_15_7%29+AppleWebKit%2F605.1.15+%28KHTML%2C+like+Gecko%29+Version%2F17.4+Safari%2F605.1.15&browser=1&isHuman=true&userIp=189.226.196.225&what=departamento+miguel+hidalgo&search_terms=departamento+miguel+hidalgo&origin=2&t_or=2&splitTestId=0,nuroa,500.0
70000.0,departamento,Miguel Hidalgo,Ciudad de México,142.0,3.0,2.0,,https://www.nuroa.com.mx/adform/5430000771936850289?click_type=1&pos=4&listingId=5430000771936850289&siteStrategyKey=https%3A%2F%2Fwww.nuroa.com.mx&url=https%253A%252F%252Fwww.icasas.mx%252FaggregatorDetail%253FadId%253D019c8d1a-28f2-74c4-828d-cc4a55346ddc%2526aggregator%253Dmitula%2526utm_content%253D019c8d1a-28f2-74c4-828d-cc4a55346ddc_payment&searchType=2&page=1&seo_link_id=1406135211&section=27&t_sec=27&sectionType=2&pageViewId=36d0fe68-2368-4eea-b6f8-a9eb348b3764&t_pvid=36d0fe68-2368-4eea-b6f8-a9eb348b3764&userAgent=Mozilla%2F5.0+%28Macintosh%3B+Intel+Mac+OS+X+10_15_7%29+AppleWebKit%2F605.1.15+%28KHTML%2C+like+Gecko%29+Version%2F17.4+Safari%2F605.1.15&browser=1&isHuman=true&userIp=189.226.196.225&what=departamento+miguel+hidalgo&search_terms=departamento+miguel+hidalgo&origin=2&t_or=2&splitTestId=0,nuroa,492.9577464788732
69900.0,departamento,Miguel Hidalgo,Ciudad de México,130.0,3.0,3.0,,https://www.nuroa.com.mx/adform/3180000779367018164?click_type=0&pos=1&listingId=3180000779367018164&siteStrategyKey=https%3A%2F%2Fwww.nuroa.com.mx&url=https%253A%252F%252Fwww.icasas.mx%252FaggregatorDetail%253FadId%253D019e46d7-d7f2-71bb-b2d7-c3c8244a32a5%2526aggregator%253Dmitula%2526utm_content%253D019e46d7-d7f2-71bb-b2d7-c3c8244a32a5_payment&searchType=2&page=2&seo_link_id=1406135211&section=1&t_sec=1&sectionType=1&pageViewId=dbfda7aa-cd26-4ec3-8683-9f6e1d616630&t_pvid=dbfda7aa-cd26-4ec3-8683-9f6e1d616630&userAgent=Mozilla%2F5.0+%28X11%3B+Linux+x86_64%3B+rv%3A125.0%29+Gecko%2F20100101+Firefox%2F125.0&browser=1&isHuman=true&userIp=189.226.196.225&what=departamento+miguel+hidalgo&search_terms=departamento+miguel+hidalgo&origin=2&t_or=2&splitTestId=0,nuroa,537.6923076923077
95000.0,departamento,Miguel Hidalgo,Ciudad de México,170.0,2.0,2.0,,https://www.nuroa.com.mx/adform/8380001779216143638?click_type=0&pos=2&listingId=8380001779216143638&siteStrategyKey=https%3A%2F%2Fwww.nuroa.com.mx&url=https%253A%252F%252Fwww.icasas.mx%252FaggregatorDetail%253FadId%253D019b9e2b-d812-761b-8b71-dbc08181def8%2526aggregator%253Dmitula%2526utm_content%253D019b9e2b-d812-761b-8b71-dbc08181def8_payment&searchType=2&page=2&seo_link_id=1406135211&section=1&t_sec=1&sectionType=1&pageViewId=dbfda7aa-cd26-4ec3-8683-9f6e1d616630&t_pvid=dbfda7aa-cd26-4ec3-8683-9f6e1d616630&userAgent=Mozilla%2F5.0+%28X11%3B+Linux+x86_64%3B+rv%3A125.0%29+Gecko%2F20100101+Firefox%2F125.0&browser=1&isHuman=true&userIp=189.226.196.225&what=departamento+miguel+hidalgo&search_terms=departamento+miguel+hidalgo&origin=2&t_or=2&splitTestId=0,nuroa,558.8235294117648
39000.0,departamento,Miguel Hidalgo,Ciudad de México,84.0,2.0,2.0,,https://www.nuroa.com.mx/adform/2020000779021489419?click_type=0&pos=3&listingId=2020000779021489419&siteStrategyKey=https%3A%2F%2Fwww.nuroa.com.mx&url=https%253A%252F%252Fwww.icasas.mx%252FaggregatorDetail%253FadId%253D019cddf5-2ebd-7b0d-86fc-03d0a2cff022%2526aggregator%253Dmitula%2526utm_content%253D019cddf5-2ebd-7b0d-86fc-03d0a2cff022_payment&searchType=2&page=2&seo_link_id=1406135211&section=1&t_sec=1&sectionType=1&pageViewId=dbfda7aa-cd26-4ec3-8683-9f6e1d616630&t_pvid=dbfda7aa-cd26-4ec3-8683-9f6e1d616630&userAgent=Mozilla%2F5.0+%28X11%3B+Linux+x86_64%3B+rv%3A125.0%29+Gecko%2F20100101+Firefox%2F125.0&browser=1&isHuman=true&userIp=189.226.196.225&what=departamento+miguel+hidalgo&search_terms=departamento+miguel+hidalgo&origin=2&t_or=2&splitTestId=0,nuroa,464.2857142857143
62000.0,departamento,Miguel Hidalgo,Ciudad de México,160.0,3.0,3.0,,https://www.nuroa.com.mx/adform/8740000779107939475?click_type=0&pos=4&listingId=8740000779107939475&siteStrategyKey=https%3A%2F%2Fwww.nuroa.com.mx&url=https%253A%252F%252Fwww.icasas.mx%252FaggregatorDetail%253FadId%253D019e2d4e-dc12-73fd-92c7-9e7eef0a39e8%2526aggregator%253Dmitula%2526utm_content%253D019e2d4e-dc12-73fd-92c7-9e7eef0a39e8_payment&searchType=2&page=2&seo_link_id=1406135211&section=1&t_sec=1&sectionType=1&pageViewId=dbfda7aa-cd26-4ec3-8683-9f6e1d616630&t_pvid=dbfda7aa-cd26-4ec3-8683-9f6e1d616630&userAgent=Mozilla%2F5.0+%28X11%3B+Linux+x86_64%3B+rv%3A125.0%29+Gecko%2F20100101+Firefox%2F125.0&browser=1&isHuman=true&userIp=189.226.196.225&what=departamento+miguel+hidalgo&search_terms=departamento+miguel+hidalgo&origin=2&t_or=2&splitTestId=0,nuroa,387.5
43000.0,departamento,Miguel Hidalgo,Ciudad de México,140.0,3.0,2.0,,https://www.nuroa.com.mx/adform/8720000778071192160?click_type=0&pos=5&listingId=8720000778071192160&siteStrategyKey=https%3A%2F%2Fwww.nuroa.com.mx&url=https%253A%252F%252Fwww.icasas.mx%252FaggregatorDetail%253FadId%253D019dd6c2-ff29-71f4-92d8-7422049bb8d6%2526aggregator%253Dmitula%2526utm_content%253D019dd6c2-ff29-71f4-92d8-7422049bb8d6_payment&searchType=2&page=2&seo_link_id=1406135211&section=1&t_sec=1&sectionType=1&pageViewId=dbfda7aa-cd26-4ec3-8683-9f6e1d616630&t_pvid=dbfda7aa-cd26-4ec3-8683-9f6e1d616630&userAgent=Mozilla%2F5.0+%28X11%3B+Linux+x86_64%3B+rv%3A125.0%29+Gecko%2F20100101+Firefox%2F125.0&browser=1&isHuman=true&userIp=189.226.196.225&what=departamento+miguel+hidalgo&search_terms=departamento+miguel+hidalgo&origin=2&t_or=2&splitTestId=0,nuroa,307.14285714285717
88000.0,departamento,Miguel Hidalgo,Ciudad de México,150.0,2.0,2.0,,https://www.nuroa.com.mx/adform/8080002777725472881?click_type=0&pos=6&listingId=8080002777725472881&siteStrategyKey=https%3A%2F%2Fwww.nuroa.com.mx&url=https%253A%252F%252Fwww.icasas.mx%252FaggregatorDetail%253FadId%253D019de636-3a20-7826-9517-348e7a4ec17c%2526aggregator%253Dmitula%2526utm_content%253D019de636-3a20-7826-9517-348e7a4ec17c_payment&searchType=2&page=2&seo_link_id=1406135211&section=1&t_sec=1&sectionType=1&pageViewId=dbfda7aa-cd26-4ec3-8683-9f6e1d616630&t_pvid=dbfda7aa-cd26-4ec3-8683-9f6e1d616630&userAgent=Mozilla%2F5.0+%28X11%3B+Linux+x86_64%3B+rv%3A125.0%29+Gecko%2F20100101+Firefox%2F125.0&browser=1&isHuman=true&userIp=189.226.196.225&what=departamento+miguel+hidalgo&search_terms=departamento+miguel+hidalgo&origin=2&t_or=2&splitTestId=0,nuroa,586.6666666666666
67997.0,departamento,Miguel Hidalgo,Ciudad de México,142.0,2.0,2.0,,https://www.nuroa.com.mx/adform/3200000777120685374?click_type=0&pos=7&listingId=3200000777120685374&siteStrategyKey=https%3A%2F%2Fwww.nuroa.com.mx&url=https%253A%252F%252Fwww.icasas.mx%252FaggregatorDetail%253FadId%253D019c913c-567f-79b3-958d-acd054928bae%2526aggregator%253Dmitula%2526utm_content%253D019c913c-567f-79b3-958d-acd054928bae_payment&searchType=2&page=2&seo_link_id=1406135211&section=1&t_sec=1&sectionType=1&pageViewId=dbfda7aa-cd26-4ec3-8683-9f6e1d616630&t_pvid=dbfda7aa-cd26-4ec3-8683-9f6e1d616630&userAgent=Mozilla%2F5.0+%28X11%3B+Linux+x86_64%3B+rv%3A125.0%29+Gecko%2F20100101+Firefox%2F125.0&browser=1&isHuman=true&userIp=189.226.196.225&what=departamento+miguel+hidalgo&search_terms=departamento+miguel+hidalgo&origin=2&t_or=2&splitTestId=0,nuroa,478.8521126760563
25000.0,departamento,Miguel Hidalgo,Ciudad de México,60.0,1.0,1.0,1.0,https://www.nuroa.com.mx/adform/7050000776775427705?click_type=0&pos=8&listingId=7050000776775427705&siteStrategyKey=https%3A%2F%2Fwww.nuroa.com.mx&url=https%253A%252F%252Fwww.icasas.mx%252FaggregatorDetail%253FadId%253D019a9f69-31ea-705d-9cfc-48b6d8ce9637%2526aggregator%253Dmitula%2526utm_content%253D019a9f69-31ea-705d-9cfc-48b6d8ce9637_payment&searchType=2&page=2&seo_link_id=1406135211&section=1&t_sec=1&sectionType=1&pageViewId=dbfda7aa-cd26-4ec3-8683-9f6e1d616630&t_pvid=dbfda7aa-cd26-4ec3-8683-9f6e1d616630&userAgent=Mozilla%2F5.0+%28X11%3B+Linux+x86_64%3B+rv%3A125.0%29+Gecko%2F20100101+Firefox%2F125.0&browser=1&isHuman=true&userIp=189.226.196.225&what=departamento+miguel+hidalgo&search_terms=departamento+miguel+hidalgo&origin=2&t_or=2&splitTestId=0,nuroa,416.6666666666667
15500.0,departamento,Miguel Hidalgo,Ciudad de México,51.0,2.0,1.0,1.0,https://www.nuroa.com.mx/adform/1520000776429429409?click_type=0&pos=9&listingId=1520000776429429409&siteStrategyKey=https%3A%2F%2Fwww.nuroa.com.mx&url=https%253A%252F%252Fwww.icasas.mx%252FaggregatorDetail%253FadId%253D019d98de-3b7e-74f6-94e0-bf03d506c54a%2526aggregator%253Dmitula%2526utm_content%253D019d98de-3b7e-74f6-94e0-bf03d506c54a_payment&searchType=2&page=2&seo_link_id=1406135211&section=1&t_sec=1&sectionType=1&pageViewId=dbfda7aa-cd26-4ec3-8683-9f6e1d616630&t_pvid=dbfda7aa-cd26-4ec3-8683-9f6e1d616630&userAgent=Mozilla%2F5.0+%28X11%3B+Linux+x86_64%3B+rv%3A125.0%29+Gecko%2F20100101+Firefox%2F125.0&browser=1&isHuman=true&userIp=189.226.196.225&what=departamento+miguel+hidalgo&search_terms=departamento+miguel+hidalgo&origin=2&t_or=2&splitTestId=0,nuroa,303.921568627451
11000.0,departamento,Miguel Hidalgo,Ciudad de México,39.0,1.0,1.0,,https://www.nuroa.com.mx/adform/4670000776429393427?click_type=0&pos=10&listingId=4670000776429393427&siteStrategyKey=https%3A%2F%2Fwww.nuroa.com.mx&url=https%253A%252F%252Fwww.icasas.mx%252FaggregatorDetail%253FadId%253D019d9267-d5e9-72b5-b72e-7b35e42500d4%2526aggregator%253Dmitula%2526utm_content%253D019d9267-d5e9-72b5-b72e-7b35e42500d4_payment&searchType=2&page=2&seo_link_id=1406135211&section=1&t_sec=1&sectionType=1&pageViewId=dbfda7aa-cd26-4ec3-8683-9f6e1d616630&t_pvid=dbfda7aa-cd26-4ec3-8683-9f6e1d616630&userAgent=Mozilla%2F5.0+%28X11%3B+Linux+x86_64%3B+rv%3A125.0%29+Gecko%2F20100101+Firefox%2F125.0&browser=1&isHuman=true&userIp=189.226.196.225&what=departamento+miguel+hidalgo&search_terms=departamento+miguel+hidalgo&origin=2&t_or=2&splitTestId=0,nuroa,282.05128205128204
14000.0,departamento,Miguel Hidalgo,Ciudad de México,66.0,2.0,1.0,,https://www.nuroa.com.mx/adform/5390000776429465238?click_type=0&pos=11&listingId=5390000776429465238&siteStrategyKey=https%3A%2F%2Fwww.nuroa.com.mx&url=https%253A%252F%252Fwww.icasas.mx%252FaggregatorDetail%253FadId%253D019d99d1-322e-718f-8f9a-bbba9a8c8ad1%2526aggregator%253Dmitula%2526utm_content%253D019d99d1-322e-718f-8f9a-bbba9a8c8ad1_payment&searchType=2&page=2&seo_link_id=1406135211&section=1&t_sec=1&sectionType=1&pageViewId=dbfda7aa-cd26-4ec3-8683-9f6e1d616630&t_pvid=dbfda7aa-cd26-4ec3-8683-9f6e1d616630&userAgent=Mozilla%2F5.0+%28X11%3B+Linux+x86_64%3B+rv%3A125.0%29+Gecko%2F20100101+Firefox%2F125.0&browser=1&isHuman=true&userIp=189.226.196.225&what=departamento+miguel+hidalgo&search_terms=departamento+miguel+hidalgo&origin=2&t_or=2&splitTestId=0,nuroa,212.12121212121212
16500.0,departamento,Miguel Hidalgo,Ciudad de México,73.0,2.0,2.0,,https://www.nuroa.com.mx/adform/9180000781440577431?click_type=0&pos=12&listingId=9180000781440577431&siteStrategyKey=https%3A%2F%2Fwww.nuroa.com.mx&url=https%253A%252F%252Fwww.icasas.mx%252FaggregatorDetail%253FadId%253D019ec38e-566c-78a1-8940-aacb545ca9ed%2526aggregator%253Dmitula%2526utm_content%253D019ec38e-566c-78a1-8940-aacb545ca9ed_payment&searchType=2&page=2&seo_link_id=1406135211&section=1&t_sec=1&sectionType=1&pageViewId=dbfda7aa-cd26-4ec3-8683-9f6e1d616630&t_pvid=dbfda7aa-cd26-4ec3-8683-9f6e1d616630&userAgent=Mozilla%2F5.0+%28X11%3B+Linux+x86_64%3B+rv%3A125.0%29+Gecko%2F20100101+Firefox%2F125.0&browser=1&isHuman=true&userIp=189.226.196.225&what=departamento+miguel+hidalgo&search_terms=departamento+miguel+hidalgo&origin=2&t_or=2&splitTestId=0,nuroa,226.02739726027397
35000.0,departamento,Miguel Hidalgo,Ciudad de México,80.0,2.0,1.0,1.0,https://www.nuroa.com.mx/adform/1940000777293462169?click_type=0&pos=13&listingId=1940000777293462169&siteStrategyKey=https%3A%2F%2Fwww.nuroa.com.mx&url=https%253A%252F%252Fwww.icasas.mx%252FaggregatorDetail%253FadId%253D019dcc63-9520-7349-8ef7-f213e92f0777%2526aggregator%253Dmitula%2526utm_content%253D019dcc63-9520-7349-8ef7-f213e92f0777_payment&searchType=2&page=2&seo_link_id=1406135211&section=1&t_sec=1&sectionType=1&pageViewId=dbfda7aa-cd26-4ec3-8683-9f6e1d616630&t_pvid=dbfda7aa-cd26-4ec3-8683-9f6e1d616630&userAgent=Mozilla%2F5.0+%28X11%3B+Linux+x86_64%3B+rv%3A125.0%29+Gecko%2F20100101+Firefox%2F125.0&browser=1&isHuman=true&userIp=189.226.196.225&what=departamento+miguel+hidalgo&search_terms=departamento+miguel+hidalgo&origin=2&t_or=2&splitTestId=0,nuroa,437.5
85000.0,departamento,Miguel Hidalgo,Ciudad de México,297.0,3.0,3.0,1.0,https://www.nuroa.com.mx/adform/3460000778935197442?click_type=0&pos=14&listingId=3460000778935197442&siteStrategyKey=https%3A%2F%2Fwww.nuroa.com.mx&url=https%253A%252F%252Fwww.icasas.mx%252FaggregatorDetail%253FadId%253D019e2d65-da94-711f-8567-322e9ce417e1%2526aggregator%253Dmitula%2526utm_content%253D019e2d65-da94-711f-8567-322e9ce417e1_payment&searchType=2&page=2&seo_link_id=1406135211&section=1&t_sec=1&sectionType=1&pageViewId=dbfda7aa-cd26-4ec3-8683-9f6e1d616630&t_pvid=dbfda7aa-cd26-4ec3-8683-9f6e1d616630&userAgent=Mozilla%2F5.0+%28X11%3B+Linux+x86_64%3B+rv%3A125.0%29+Gecko%2F20100101+Firefox%2F125.0&browser=1&isHuman=true&userIp=189.226.196.225&what=departamento+miguel+hidalgo&search_terms=departamento+miguel+hidalgo&origin=2&t_or=2&splitTestId=0,nuroa,286.1952861952862
34000.0,departamento,Miguel Hidalgo,Ciudad de México,70.0,1.0,1.0,,https://www.nuroa.com.mx/adform/6810000780577007129?click_type=0&pos=15&listingId=6810000780577007129&siteStrategyKey=https%3A%2F%2Fwww.nuroa.com.mx&url=https%253A%252F%252Fwww.icasas.mx%252FaggregatorDetail%253FadId%253D1a90fd97-7bda-4156-93be-dfce1ff85e04%2526aggregator%253Dmitula%2526utm_content%253D1a90fd97-7bda-4156-93be-dfce1ff85e04_payment&searchType=2&page=2&seo_link_id=1406135211&section=1&t_sec=1&sectionType=1&pageViewId=dbfda7aa-cd26-4ec3-8683-9f6e1d616630&t_pvid=dbfda7aa-cd26-4ec3-8683-9f6e1d616630&userAgent=Mozilla%2F5.0+%28X11%3B+Linux+x86_64%3B+rv%3A125.0%29+Gecko%2F20100101+Firefox%2F125.0&browser=1&isHuman=true&userIp=189.226.196.225&what=departamento+miguel+hidalgo&search_terms=departamento+miguel+hidalgo&origin=2&t_or=2&splitTestId=0,nuroa,485.7142857142857
21000.0,departamento,Miguel Hidalgo,Ciudad de México,90.0,2.0,1.0,1.0,https://www.nuroa.com.mx/adform/5520000780403903473?click_type=0&pos=16&listingId=5520000780403903473&siteStrategyKey=https%3A%2F%2Fwww.nuroa.com.mx&url=https%253A%252F%252Fwww.icasas.mx%252FaggregatorDetail%253FadId%253D019d1ca1-e088-76ec-a080-0f207b20da41%2526aggregator%253Dmitula%2526utm_content%253D019d1ca1-e088-76ec-a080-0f207b20da41_payment&searchType=2&page=2&seo_link_id=1406135211&section=1&t_sec=1&sectionType=1&pageViewId=dbfda7aa-cd26-4ec3-8683-9f6e1d616630&t_pvid=dbfda7aa-cd26-4ec3-8683-9f6e1d616630&userAgent=Mozilla%2F5.0+%28X11%3B+Linux+x86_64%3B+rv%3A125.0%29+Gecko%2F20100101+Firefox%2F125.0&browser=1&isHuman=true&userIp=189.226.196.225&what=departamento+miguel+hidalgo&search_terms=departamento+miguel+hidalgo&origin=2&t_or=2&splitTestId=0,nuroa,233.33333333333334
65000.0,departamento,Miguel Hidalgo,Ciudad de México,208.0,2.0,2.0,1.0,https://www.nuroa.com.mx/adform/1590000779798982623?click_type=0&pos=18&listingId=1590000779798982623&siteStrategyKey=https%3A%2F%2Fwww.nuroa.com.mx&url=https%253A%252F%252Fwww.icasas.mx%252FaggregatorDetail%253FadId%253D019e61e2-4de9-71cb-85c7-713c1a64b521%2526aggregator%253Dmitula%2526utm_content%253D019e61e2-4de9-71cb-85c7-713c1a64b521_payment&searchType=2&page=2&seo_link_id=1406135211&section=1&t_sec=1&sectionType=1&pageViewId=dbfda7aa-cd26-4ec3-8683-9f6e1d616630&t_pvid=dbfda7aa-cd26-4ec3-8683-9f6e1d616630&userAgent=Mozilla%2F5.0+%28X11%3B+Linux+x86_64%3B+rv%3A125.0%29+Gecko%2F20100101+Firefox%2F125.0&browser=1&isHuman=true&userIp=189.226.196.225&what=departamento+miguel+hidalgo&search_terms=departamento+miguel+hidalgo&origin=2&t_or=2&splitTestId=0,nuroa,312.5
102393.0,departamento,Miguel Hidalgo,Ciudad de México,180.0,3.0,3.0,,https://www.nuroa.com.mx/adform/4820000778848537269?click_type=0&pos=19&listingId=4820000778848537269&siteStrategyKey=https%3A%2F%2Fwww.nuroa.com.mx&url=https%253A%252F%252Fwww.icasas.mx%252FaggregatorDetail%253FadId%253D019e291e-53ef-7481-babd-b4f536919a4a%2526aggregator%253Dmitula%2526utm_content%253D019e291e-53ef-7481-babd-b4f536919a4a_payment&searchType=2&page=2&seo_link_id=1406135211&section=1&t_sec=1&sectionType=1&pageViewId=dbfda7aa-cd26-4ec3-8683-9f6e1d616630&t_pvid=dbfda7aa-cd26-4ec3-8683-9f6e1d616630&userAgent=Mozilla%2F5.0+%28X11%3B+Linux+x86_64%3B+rv%3A125.0%29+Gecko%2F20100101+Firefox%2F125.0&browser=1&isHuman=true&userIp=189.226.196.225&what=departamento+miguel+hidalgo&search_terms=departamento+miguel+hidalgo&origin=2&t_or=2&splitTestId=0,nuroa,568.85
45000.0,departamento,Miguel Hidalgo,Ciudad de México,70.0,1.0,1.0,,https://www.nuroa.com.mx/adform/9140000778848908100?click_type=0&pos=20&listingId=9140000778848908100&siteStrategyKey=https%3A%2F%2Fwww.nuroa.com.mx&url=https%253A%252F%252Fwww.icasas.mx%252FaggregatorDetail%253FadId%253D019e291e-629a-78da-b3ac-54db58274f6b%2526aggregator%253Dmitula%2526utm_content%253D019e291e-629a-78da-b3ac-54db58274f6b_payment&searchType=2&page=2&seo_link_id=1406135211&section=1&t_sec=1&sectionType=1&pageViewId=dbfda7aa-cd26-4ec3-8683-9f6e1d616630&t_pvid=dbfda7aa-cd26-4ec3-8683-9f6e1d616630&userAgent=Mozilla%2F5.0+%28X11%3B+Linux+x86_64%3B+rv%3A125.0%29+Gecko%2F20100101+Firefox%2F125.0&browser=1&isHuman=true&userIp=189.226.196.225&what=departamento+miguel+hidalgo&search_terms=departamento+miguel+hidalgo&origin=2&t_or=2&splitTestId=0,nuroa,642.8571428571429
55000.0,departamento,Miguel Hidalgo,Ciudad de México,103.0,3.0,2.0,,https://www.nuroa.com.mx/adform/2140000772736070098?click_type=0&pos=22&listingId=2140000772736070098&siteStrategyKey=https%3A%2F%2Fwww.nuroa.com.mx&url=https%253A%252F%252Fwww.icasas.mx%252FaggregatorDetail%253FadId%253D019cbe98-eec8-7e0f-890c-b98f12091f7e%2526aggregator%253Dmitula%2526utm_content%253D019cbe98-eec8-7e0f-890c-b98f12091f7e_payment&searchType=2&page=2&seo_link_id=1406135211&section=1&t_sec=1&sectionType=1&pageViewId=dbfda7aa-cd26-4ec3-8683-9f6e1d616630&t_pvid=dbfda7aa-cd26-4ec3-8683-9f6e1d616630&userAgent=Mozilla%2F5.0+%28X11%3B+Linux+x86_64%3B+rv%3A125.0%29+Gecko%2F20100101+Firefox%2F125.0&browser=1&isHuman=true&userIp=189.226.196.225&what=departamento+miguel+hidalgo&search_terms=departamento+miguel+hidalgo&origin=2&t_or=2&splitTestId=0,nuroa,533.9805825242719
33000.0,departamento,Miguel Hidalgo,Ciudad de México,76.0,2.0,1.0,,https://www.nuroa.com.mx/adform/5690000771850236960?click_type=0&pos=23&listingId=5690000771850236960&siteStrategyKey=https%3A%2F%2Fwww.nuroa.com.mx&url=https%253A%252F%252Fwww.icasas.mx%252FaggregatorDetail%253FadId%253D019c86e9-d330-7189-bccd-7c097d19196c%2526aggregator%253Dmitula%2526utm_content%253D019c86e9-d330-7189-bccd-7c097d19196c_payment&searchType=2&page=2&seo_link_id=1406135211&section=1&t_sec=1&sectionType=1&pageViewId=dbfda7aa-cd26-4ec3-8683-9f6e1d616630&t_pvid=dbfda7aa-cd26-4ec3-8683-9f6e1d616630&userAgent=Mozilla%2F5.0+%28X11%3B+Linux+x86_64%3B+rv%3A125.0%29+Gecko%2F20100101+Firefox%2F125.0&browser=1&isHuman=true&userIp=189.226.196.225&what=departamento+miguel+hidalgo&search_terms=departamento+miguel+hidalgo&origin=2&t_or=2&splitTestId=0,nuroa,434.2105263157895
55000.0,departamento,Miguel Hidalgo,Ciudad de México,165.0,2.0,2.0,,https://www.nuroa.com.mx/adform/1760000781008709800?click_type=0&pos=25&listingId=1760000781008709800&siteStrategyKey=https%3A%2F%2Fwww.nuroa.com.mx&url=https%253A%252F%252Fwww.icasas.mx%252FaggregatorDetail%253FadId%253D019eaa29-3cf9-7129-ab85-1364354511f2%2526aggregator%253Dmitula%2526utm_content%253D019eaa29-3cf9-7129-ab85-1364354511f2_payment&searchType=2&page=2&seo_link_id=1406135211&section=1&t_sec=1&sectionType=1&pageViewId=dbfda7aa-cd26-4ec3-8683-9f6e1d616630&t_pvid=dbfda7aa-cd26-4ec3-8683-9f6e1d616630&userAgent=Mozilla%2F5.0+%28X11%3B+Linux+x86_64%3B+rv%3A125.0%29+Gecko%2F20100101+Firefox%2F125.0&browser=1&isHuman=true&userIp=189.226.196.225&what=departamento+miguel+hidalgo&search_terms=departamento+miguel+hidalgo&origin=2&t_or=2&splitTestId=0,nuroa,333.3333333333333
65000.0,departamento,Miguel Hidalgo,Ciudad de México,150.0,2.0,2.0,,https://www.nuroa.com.mx/adform/3850000781181718331?click_type=0&pos=1&listingId=3850000781181718331&siteStrategyKey=https%3A%2F%2Fwww.nuroa.com.mx&url=https%253A%252F%252Fwww.icasas.mx%252FaggregatorDetail%253FadId%253D019eb44e-e24f-7284-8d76-5132c7da366a%2526aggregator%253Dmitula%2526utm_content%253D019eb44e-e24f-7284-8d76-5132c7da366a_payment&searchType=2&page=3&seo_link_id=1406135211&section=1&t_sec=1&sectionType=1&pageViewId=b8584739-4621-4070-80c3-add7175dc28b&t_pvid=b8584739-4621-4070-80c3-add7175dc28b&userAgent=Mozilla%2F5.0+%28Windows+NT+10.0%3B+Win64%3B+x64%29+AppleWebKit%2F537.36+%28KHTML%2C+like+Gecko%29+Chrome%2F124.0.0.0+Safari%2F537.36&browser=1&isHuman=true&userIp=189.226.196.225&what=departamento+miguel+hidalgo&search_terms=departamento+miguel+hidalgo&origin=2&t_or=2&splitTestId=0,nuroa,433.3333333333333
28000.0,departamento,Miguel Hidalgo,Ciudad de México,38.0,1.0,1.0,,https://www.nuroa.com.mx/adform/5170000781181584779?click_type=0&pos=2&listingId=5170000781181584779&siteStrategyKey=https%3A%2F%2Fwww.nuroa.com.mx&url=https%253A%252F%252Fwww.icasas.mx%252FaggregatorDetail%253FadId%253D019eb5ee-ed3e-76b0-9347-e4fe9076dee6%2526aggregator%253Dmitula%2526utm_content%253D019eb5ee-ed3e-76b0-9347-e4fe9076dee6_payment&searchType=2&page=3&seo_link_id=1406135211&section=1&t_sec=1&sectionType=1&pageViewId=b8584739-4621-4070-80c3-add7175dc28b&t_pvid=b8584739-4621-4070-80c3-add7175dc28b&userAgent=Mozilla%2F5.0+%28Windows+NT+10.0%3B+Win64%3B+x64%29+AppleWebKit%2F537.36+%28KHTML%2C+like+Gecko%29+Chrome%2F124.0.0.0+Safari%2F537.36&browser=1&isHuman=true&userIp=189.226.196.225&what=departamento+miguel+hidalgo&search_terms=departamento+miguel+hidalgo&origin=2&t_or=2&splitTestId=0,nuroa,736.8421052631579
15000.0,departamento,Miguel Hidalgo,Ciudad de México,37.0,1.0,1.0,1.0,https://www.nuroa.com.mx/adform/9210000781376017791?click_type=0&pos=3&listingId=9210000781376017791&siteStrategyKey=https%3A%2F%2Fwww.nuroa.com.mx&url=https%253A%252F%252Fwww.icasas.mx%252FaggregatorDetail%253FadId%253D019ec19a-9549-7522-bdbb-f8e41e341279%2526aggregator%253Dmitula%2526utm_content%253D019ec19a-9549-7522-bdbb-f8e41e341279_payment&searchType=2&page=3&seo_link_id=1406135211&section=1&t_sec=1&sectionType=1&pageViewId=b8584739-4621-4070-80c3-add7175dc28b&t_pvid=b8584739-4621-4070-80c3-add7175dc28b&userAgent=Mozilla%2F5.0+%28Windows+NT+10.0%3B+Win64%3B+x64%29+AppleWebKit%2F537.36+%28KHTML%2C+like+Gecko%29+Chrome%2F124.0.0.0+Safari%2F537.36&browser=1&isHuman=true&userIp=189.226.196.225&what=departamento+miguel+hidalgo&search_terms=departamento+miguel+hidalgo&origin=2&t_or=2&splitTestId=0,nuroa,405.4054054054054
44000.0,departamento,Miguel Hidalgo,Ciudad de México,120.0,2.0,2.0,,https://www.nuroa.com.mx/adform/9150000781289465640?click_type=0&pos=4&listingId=9150000781289465640&siteStrategyKey=https%3A%2F%2Fwww.nuroa.com.mx&url=https%253A%252F%252Fwww.icasas.mx%252FaggregatorDetail%253FadId%253D019ebbdf-591e-7666-b620-ad1ccfbb1a71%2526aggregator%253Dmitula%2526utm_content%253D019ebbdf-591e-7666-b620-ad1ccfbb1a71_payment&searchType=2&page=3&seo_link_id=1406135211&section=1&t_sec=1&sectionType=1&pageViewId=b8584739-4621-4070-80c3-add7175dc28b&t_pvid=b8584739-4621-4070-80c3-add7175dc28b&userAgent=Mozilla%2F5.0+%28Windows+NT+10.0%3B+Win64%3B+x64%29+AppleWebKit%2F537.36+%28KHTML%2C+like+Gecko%29+Chrome%2F124.0.0.0+Safari%2F537.36&browser=1&isHuman=true&userIp=189.226.196.225&what=departamento+miguel+hidalgo&search_terms=departamento+miguel+hidalgo&origin=2&t_or=2&splitTestId=0,nuroa,366.6666666666667
95000.0,departamento,Miguel Hidalgo,Ciudad de México,350.0,3.0,3.0,,https://www.nuroa.com.mx/adform/5030000779561550644?click_type=0&pos=5&listingId=5030000779561550644&siteStrategyKey=https%3A%2F%2Fwww.nuroa.com.mx&url=https%253A%252F%252Fwww.icasas.mx%252FaggregatorDetail%253FadId%253D019eb5eb-c731-774d-b5db-2c4e161758cb%2526aggregator%253Dmitula%2526utm_content%253D019eb5eb-c731-774d-b5db-2c4e161758cb_payment&searchType=2&page=3&seo_link_id=1406135211&section=1&t_sec=1&sectionType=1&pageViewId=b8584739-4621-4070-80c3-add7175dc28b&t_pvid=b8584739-4621-4070-80c3-add7175dc28b&userAgent=Mozilla%2F5.0+%28Windows+NT+10.0%3B+Win64%3B+x64%29+AppleWebKit%2F537.36+%28KHTML%2C+like+Gecko%29+Chrome%2F124.0.0.0+Safari%2F537.36&browser=1&isHuman=true&userIp=189.226.196.225&what=departamento+miguel+hidalgo&search_terms=departamento+miguel+hidalgo&origin=2&t_or=2&splitTestId=0,nuroa,271.42857142857144
39000.0,departamento,Miguel Hidalgo,Ciudad de México,85.0,2.0,2.0,1.0,https://www.nuroa.com.mx/adform/8620000781095131099?click_type=0&pos=6&listingId=8620000781095131099&siteStrategyKey=https%3A%2F%2Fwww.nuroa.com.mx&url=https%253A%252F%252Fwww.icasas.mx%252FaggregatorDetail%253FadId%253D019eaf15-c562-7829-b4f3-2306af6672fe%2526aggregator%253Dmitula%2526utm_content%253D019eaf15-c562-7829-b4f3-2306af6672fe_payment&searchType=2&page=3&seo_link_id=1406135211&section=1&t_sec=1&sectionType=1&pageViewId=b8584739-4621-4070-80c3-add7175dc28b&t_pvid=b8584739-4621-4070-80c3-add7175dc28b&userAgent=Mozilla%2F5.0+%28Windows+NT+10.0%3B+Win64%3B+x64%29+AppleWebKit%2F537.36+%28KHTML%2C+like+Gecko%29+Chrome%2F124.0.0.0+Safari%2F537.36&browser=1&isHuman=true&userIp=189.226.196.225&what=departamento+miguel+hidalgo&search_terms=departamento+miguel+hidalgo&origin=2&t_or=2&splitTestId=0,nuroa,458.8235294117647
65000.0,departamento,Miguel Hidalgo,Ciudad de México,120.0,2.0,2.0,1.0,https://www.nuroa.com.mx/adform/1660000780576580486?click_type=0&pos=8&listingId=1660000780576580486&siteStrategyKey=https%3A%2F%2Fwww.nuroa.com.mx&url=https%253A%252F%252Fwww.icasas.mx%252FaggregatorDetail%253FadId%253D019e9017-45d3-76a9-9015-2434d79f41b9%2526aggregator%253Dmitula%2526utm_content%253D019e9017-45d3-76a9-9015-2434d79f41b9_payment&searchType=2&page=3&seo_link_id=1406135211&section=1&t_sec=1&sectionType=1&pageViewId=b8584739-4621-4070-80c3-add7175dc28b&t_pvid=b8584739-4621-4070-80c3-add7175dc28b&userAgent=Mozilla%2F5.0+%28Windows+NT+10.0%3B+Win64%3B+x64%29+AppleWebKit%2F537.36+%28KHTML%2C+like+Gecko%29+Chrome%2F124.0.0.0+Safari%2F537.36&browser=1&isHuman=true&userIp=189.226.196.225&what=departamento+miguel+hidalgo&search_terms=departamento+miguel+hidalgo&origin=2&t_or=2&splitTestId=0,nuroa,541.6666666666666
42000.0,departamento,Miguel Hidalgo,Ciudad de México,100.0,2.0,1.0,1.0,https://www.nuroa.com.mx/adform/5300000780230987721?click_type=0&pos=9&listingId=5300000780230987721&siteStrategyKey=https%3A%2F%2Fwww.nuroa.com.mx&url=https%253A%252F%252Fwww.icasas.mx%252FaggregatorDetail%253FadId%253D019e7b84-8299-7d39-90ba-7a3cebc605ef%2526aggregator%253Dmitula%2526utm_content%253D019e7b84-8299-7d39-90ba-7a3cebc605ef_payment&searchType=2&page=3&seo_link_id=1406135211&section=1&t_sec=1&sectionType=1&pageViewId=b8584739-4621-4070-80c3-add7175dc28b&t_pvid=b8584739-4621-4070-80c3-add7175dc28b&userAgent=Mozilla%2F5.0+%28Windows+NT+10.0%3B+Win64%3B+x64%29+AppleWebKit%2F537.36+%28KHTML%2C+like+Gecko%29+Chrome%2F124.0.0.0+Safari%2F537.36&browser=1&isHuman=true&userIp=189.226.196.225&what=departamento+miguel+hidalgo&search_terms=departamento+miguel+hidalgo&origin=2&t_or=2&splitTestId=0,nuroa,420.0
80000.0,departamento,Miguel Hidalgo,Ciudad de México,280.0,2.0,2.0,1.0,https://www.nuroa.com.mx/adform/4950000775047116581?click_type=0&pos=10&listingId=4950000775047116581&siteStrategyKey=https%3A%2F%2Fwww.nuroa.com.mx&url=https%253A%252F%252Fwww.icasas.mx%252FaggregatorDetail%253FadId%253D019c2113-ae26-72ae-8c9c-3184da823628%2526aggregator%253Dmitula%2526utm_content%253D019c2113-ae26-72ae-8c9c-3184da823628_payment&searchType=2&page=3&seo_link_id=1406135211&section=1&t_sec=1&sectionType=1&pageViewId=b8584739-4621-4070-80c3-add7175dc28b&t_pvid=b8584739-4621-4070-80c3-add7175dc28b&userAgent=Mozilla%2F5.0+%28Windows+NT+10.0%3B+Win64%3B+x64%29+AppleWebKit%2F537.36+%28KHTML%2C+like+Gecko%29+Chrome%2F124.0.0.0+Safari%2F537.36&browser=1&isHuman=true&userIp=189.226.196.225&what=departamento+miguel+hidalgo&search_terms=departamento+miguel+hidalgo&origin=2&t_or=2&splitTestId=0,nuroa,285.7142857142857
53000.0,departamento,Miguel Hidalgo,Ciudad de México,136.0,2.0,2.0,1.0,https://www.nuroa.com.mx/adform/8270000778092878898?click_type=0&pos=13&listingId=8270000778092878898&siteStrategyKey=https%3A%2F%2Fwww.nuroa.com.mx&url=https%253A%252F%252Fwww.icasas.mx%252FaggregatorDetail%253FadId%253D019dfd58-c69d-78da-bce2-a5aa1ccecb07%2526aggregator%253Dmitula%2526utm_content%253D019dfd58-c69d-78da-bce2-a5aa1ccecb07_payment&searchType=2&page=3&seo_link_id=1406135211&section=1&t_sec=1&sectionType=1&pageViewId=b8584739-4621-4070-80c3-add7175dc28b&t_pvid=b8584739-4621-4070-80c3-add7175dc28b&userAgent=Mozilla%2F5.0+%28Windows+NT+10.0%3B+Win64%3B+x64%29+AppleWebKit%2F537.36+%28KHTML%2C+like+Gecko%29+Chrome%2F124.0.0.0+Safari%2F537.36&browser=1&isHuman=true&userIp=189.226.196.225&what=departamento+miguel+hidalgo&search_terms=departamento+miguel+hidalgo&origin=2&t_or=2&splitTestId=0,nuroa,389.70588235294116
80000.0,departamento,Miguel Hidalgo,Ciudad de México,163.0,2.0,2.0,,https://www.nuroa.com.mx/adform/4630000779453346000?click_type=0&pos=14&listingId=4630000779453346000&siteStrategyKey=https%3A%2F%2Fwww.nuroa.com.mx&url=https%253A%252F%252Fwww.icasas.mx%252FaggregatorDetail%253FadId%253D019b8179-c520-76e3-a9e6-73905da6c2a0%2526aggregator%253Dmitula%2526utm_content%253D019b8179-c520-76e3-a9e6-73905da6c2a0_payment&searchType=2&page=3&seo_link_id=1406135211&section=1&t_sec=1&sectionType=1&pageViewId=b8584739-4621-4070-80c3-add7175dc28b&t_pvid=b8584739-4621-4070-80c3-add7175dc28b&userAgent=Mozilla%2F5.0+%28Windows+NT+10.0%3B+Win64%3B+x64%29+AppleWebKit%2F537.36+%28KHTML%2C+like+Gecko%29+Chrome%2F124.0.0.0+Safari%2F537.36&browser=1&isHuman=true&userIp=189.226.196.225&what=departamento+miguel+hidalgo&search_terms=departamento+miguel+hidalgo&origin=2&t_or=2&splitTestId=0,nuroa,490.79754601226995
85000.0,departamento,Miguel Hidalgo,Ciudad de México,305.0,2.0,2.0,,https://www.nuroa.com.mx/adform/6630000779280518478?click_type=0&pos=15&listingId=6630000779280518478&siteStrategyKey=https%3A%2F%2Fwww.nuroa.com.mx&url=https%253A%252F%252Fwww.icasas.mx%252FaggregatorDetail%253FadId%253D019e4215-4162-72bd-9e68-f2834f200e07%2526aggregator%253Dmitula%2526utm_content%253D019e4215-4162-72bd-9e68-f2834f200e07_payment&searchType=2&page=3&seo_link_id=1406135211&section=1&t_sec=1&sectionType=1&pageViewId=b8584739-4621-4070-80c3-add7175dc28b&t_pvid=b8584739-4621-4070-80c3-add7175dc28b&userAgent=Mozilla%2F5.0+%28Windows+NT+10.0%3B+Win64%3B+x64%29+AppleWebKit%2F537.36+%28KHTML%2C+like+Gecko%29+Chrome%2F124.0.0.0+Safari%2F537.36&browser=1&isHuman=true&userIp=189.226.196.225&what=departamento+miguel+hidalgo&search_terms=departamento+miguel+hidalgo&origin=2&t_or=2&splitTestId=0,nuroa,278.6885245901639
22000.0,departamento,Miguel Hidalgo,Ciudad de México,110.0,2.0,2.0,,https://www.nuroa.com.mx/adform/7390000779280740870?click_type=0&pos=17&listingId=7390000779280740870&siteStrategyKey=https%3A%2F%2Fwww.nuroa.com.mx&url=https%253A%252F%252Fwww.icasas.mx%252FaggregatorDetail%253FadId%253D019e41d3-3673-727f-8315-423d1990ab49%2526aggregator%253Dmitula%2526utm_content%253D019e41d3-3673-727f-8315-423d1990ab49_payment&searchType=2&page=3&seo_link_id=1406135211&section=1&t_sec=1&sectionType=1&pageViewId=b8584739-4621-4070-80c3-add7175dc28b&t_pvid=b8584739-4621-4070-80c3-add7175dc28b&userAgent=Mozilla%2F5.0+%28Windows+NT+10.0%3B+Win64%3B+x64%29+AppleWebKit%2F537.36+%28KHTML%2C+like+Gecko%29+Chrome%2F124.0.0.0+Safari%2F537.36&browser=1&isHuman=true&userIp=189.226.196.225&what=departamento+miguel+hidalgo&search_terms=departamento+miguel+hidalgo&origin=2&t_or=2&splitTestId=0,nuroa,200.0
90000.0,departamento,Miguel Hidalgo,Ciudad de México,297.0,3.0,3.0,1.0,https://www.nuroa.com.mx/adform/6100000778762230031?click_type=0&pos=18&listingId=6100000778762230031&siteStrategyKey=https%3A%2F%2Fwww.nuroa.com.mx&url=https%253A%252F%252Fwww.icasas.mx%252FaggregatorDetail%253FadId%253D019e2389-9cc7-7fa5-ae20-a4c35ff07a59%2526aggregator%253Dmitula%2526utm_content%253D019e2389-9cc7-7fa5-ae20-a4c35ff07a59_payment&searchType=2&page=3&seo_link_id=1406135211&section=1&t_sec=1&sectionType=1&pageViewId=b8584739-4621-4070-80c3-add7175dc28b&t_pvid=b8584739-4621-4070-80c3-add7175dc28b&userAgent=Mozilla%2F5.0+%28Windows+NT+10.0%3B+Win64%3B+x64%29+AppleWebKit%2F537.36+%28KHTML%2C+like+Gecko%29+Chrome%2F124.0.0.0+Safari%2F537.36&browser=1&isHuman=true&userIp=189.226.196.225&what=departamento+miguel+hidalgo&search_terms=departamento+miguel+hidalgo&origin=2&t_or=2&splitTestId=0,nuroa,303.030303030303
45000.0,departamento,Miguel Hidalgo,Ciudad de México,120.0,3.0,2.0,1.0,https://www.nuroa.com.mx/adform/1260000777984490629?click_type=0&pos=19&listingId=1260000777984490629&siteStrategyKey=https%3A%2F%2Fwww.nuroa.com.mx&url=https%253A%252F%252Fwww.icasas.mx%252FaggregatorDetail%253FadId%253D019df5c3-bdc3-7d36-953b-820ecfef0eb1%2526aggregator%253Dmitula%2526utm_content%253D019df5c3-bdc3-7d36-953b-820ecfef0eb1_payment&searchType=2&page=3&seo_link_id=1406135211&section=1&t_sec=1&sectionType=1&pageViewId=b8584739-4621-4070-80c3-add7175dc28b&t_pvid=b8584739-4621-4070-80c3-add7175dc28b&userAgent=Mozilla%2F5.0+%28Windows+NT+10.0%3B+Win64%3B+x64%29+AppleWebKit%2F537.36+%28KHTML%2C+like+Gecko%29+Chrome%2F124.0.0.0+Safari%2F537.36&browser=1&isHuman=true&userIp=189.226.196.225&what=departamento+miguel+hidalgo&search_terms=departamento+miguel+hidalgo&origin=2&t_or=2&splitTestId=0,nuroa,375.0
80000.0,departamento,Miguel Hidalgo,Ciudad de México,296.0,2.0,2.0,,https://www.nuroa.com.mx/adform/4150000773232614167?click_type=0&pos=20&listingId=4150000773232614167&siteStrategyKey=https%3A%2F%2Fwww.nuroa.com.mx&url=https%253A%252F%252Fwww.icasas.mx%252FaggregatorDetail%253FadId%253D019cda0a-73d4-74dc-8804-4a377b8e6151%2526aggregator%253Dmitula%2526utm_content%253D019cda0a-73d4-74dc-8804-4a377b8e6151_payment&searchType=2&page=3&seo_link_id=1406135211&section=1&t_sec=1&sectionType=1&pageViewId=b8584739-4621-4070-80c3-add7175dc28b&t_pvid=b8584739-4621-4070-80c3-add7175dc28b&userAgent=Mozilla%2F5.0+%28Windows+NT+10.0%3B+Win64%3B+x64%29+AppleWebKit%2F537.36+%28KHTML%2C+like+Gecko%29+Chrome%2F124.0.0.0+Safari%2F537.36&browser=1&isHuman=true&userIp=189.226.196.225&what=departamento+miguel+hidalgo&search_terms=departamento+miguel+hidalgo&origin=2&t_or=2&splitTestId=0,nuroa,270.27027027027026
60000.0,departamento,Miguel Hidalgo,Ciudad de México,90.0,1.0,1.0,,https://www.nuroa.com.mx/adform/8620000776515939937?click_type=0&pos=22&listingId=8620000776515939937&siteStrategyKey=https%3A%2F%2Fwww.nuroa.com.mx&url=https%253A%252F%252Fwww.icasas.mx%252FaggregatorDetail%253FadId%253D019d9cca-2fd3-7145-be20-10c67525c3c0%2526aggregator%253Dmitula%2526utm_content%253D019d9cca-2fd3-7145-be20-10c67525c3c0_payment&searchType=2&page=3&seo_link_id=1406135211&section=1&t_sec=1&sectionType=1&pageViewId=b8584739-4621-4070-80c3-add7175dc28b&t_pvid=b8584739-4621-4070-80c3-add7175dc28b&userAgent=Mozilla%2F5.0+%28Windows+NT+10.0%3B+Win64%3B+x64%29+AppleWebKit%2F537.36+%28KHTML%2C+like+Gecko%29+Chrome%2F124.0.0.0+Safari%2F537.36&browser=1&isHuman=true&userIp=189.226.196.225&what=departamento+miguel+hidalgo&search_terms=departamento+miguel+hidalgo&origin=2&t_or=2&splitTestId=0,nuroa,666.6666666666666
31000.0,departamento,Miguel Hidalgo,Ciudad de México,83.0,2.0,2.0,,https://www.nuroa.com.mx/adform/1680000781181449148?click_type=0&pos=23&listingId=1680000781181449148&siteStrategyKey=https%3A%2F%2Fwww.nuroa.com.mx&url=https%253A%252F%252Fwww.icasas.mx%252FaggregatorDetail%253FadId%253D019eb394-2129-7472-9159-93db7caec001%2526aggregator%253Dmitula%2526utm_content%253D019eb394-2129-7472-9159-93db7caec001_payment&searchType=2&page=3&seo_link_id=1406135211&section=1&t_sec=1&sectionType=1&pageViewId=b8584739-4621-4070-80c3-add7175dc28b&t_pvid=b8584739-4621-4070-80c3-add7175dc28b&userAgent=Mozilla%2F5.0+%28Windows+NT+10.0%3B+Win64%3B+x64%29+AppleWebKit%2F537.36+%28KHTML%2C+like+Gecko%29+Chrome%2F124.0.0.0+Safari%2F537.36&browser=1&isHuman=true&userIp=189.226.196.225&what=departamento+miguel+hidalgo&search_terms=departamento+miguel+hidalgo&origin=2&t_or=2&splitTestId=0,nuroa,373.49397590361446
90000.0,departamento,Miguel Hidalgo,Ciudad de México,300.0,3.0,2.0,,https://www.nuroa.com.mx/adform/7150000768999321010?click_type=0&pos=24&listingId=7150000768999321010&siteStrategyKey=https%3A%2F%2Fwww.nuroa.com.mx&url=https%253A%252F%252Fwww.icasas.mx%252FaggregatorDetail%253FadId%253D019bdc7a-de78-7eea-b722-30f2f120e7c0%2526aggregator%253Dmitula%2526utm_content%253D019bdc7a-de78-7eea-b722-30f2f120e7c0_payment&searchType=2&page=3&seo_link_id=1406135211&section=1&t_sec=1&sectionType=1&pageViewId=b8584739-4621-4070-80c3-add7175dc28b&t_pvid=b8584739-4621-4070-80c3-add7175dc28b&userAgent=Mozilla%2F5.0+%28Windows+NT+10.0%3B+Win64%3B+x64%29+AppleWebKit%2F537.36+%28KHTML%2C+like+Gecko%29+Chrome%2F124.0.0.0+Safari%2F537.36&browser=1&isHuman=true&userIp=189.226.196.225&what=departamento+miguel+hidalgo&search_terms=departamento+miguel+hidalgo&origin=2&t_or=2&splitTestId=0,nuroa,300.0
18000.0,departamento,Milpa Alta,Ciudad de México,70.0,1.0,1.0,,https://www.nuroa.com.mx/adform/1130000780339372472?click_type=1&pos=2&listingId=1130000780339372472&siteStrategyKey=https%3A%2F%2Fwww.nuroa.com.mx&url=https%253A%252F%252Fwww.icasas.mx%252FaggregatorDetail%253FadId%253D019d2113-19fb-7229-9d6c-a36a9d41d218%2526aggregator%253Dmitula%2526utm_content%253D019d2113-19fb-7229-9d6c-a36a9d41d218_payment&searchType=2&page=1&section=26&t_sec=26&sectionType=2&pageViewId=93d00fe4-ca6d-47b1-80bf-bc07ce66b6d0&t_pvid=93d00fe4-ca6d-47b1-80bf-bc07ce66b6d0&userAgent=Mozilla%2F5.0+%28Macintosh%3B+Intel+Mac+OS+X+10_15_7%29+AppleWebKit%2F605.1.15+%28KHTML%2C+like+Gecko%29+Version%2F17.4+Safari%2F605.1.15&browser=1&isHuman=true&userIp=189.226.196.225&what=departamento+milpa+alta&search_terms=departamento+milpa+alta&origin=2&t_or=2&splitTestId=0,nuroa,257.14285714285717
11884.0,departamento,Milpa Alta,Ciudad de México,32.0,1.0,,,https://www.nuroa.com.mx/conversion/organic/departamento-milpa-alta/1/3/Rentola?siteId=411941&clickType=organic&redirectUrl=https%3A%2F%2Fwww.nuroa.com.mx%2Fproperty%2F4890002778783791279%3Fclick_type%3D0%26pos%3D3%26listingId%3D4890002778783791279%26siteStrategyKey%3Dnuroa.com.mx%26url%3Dhttps%25253A%25252F%25252Frentola.mx%25252Flistings%25252Fdepartamento-en-renta-cuarteles-municipio-de-chihuahua-p65710d%26searchType%3D2%26page%3D1%26section%3D1%26t_sec%3D1%26sectionType%3D1%26pageViewId%3D93d00fe4-ca6d-47b1-80bf-bc07ce66b6d0%26t_pvid%3D93d00fe4-ca6d-47b1-80bf-bc07ce66b6d0%26userAgent%3DMozilla%252F5.0%2B%2528Macintosh%253B%2BIntel%2BMac%2BOS%2BX%2B10_15_7%2529%2BAppleWebKit%252F605.1.15%2B%2528KHTML%252C%2Blike%2BGecko%2529%2BVersion%252F17.4%2BSafari%252F605.1.15%26browser%3D1%26isHuman%3Dtrue%26userIp%3D189.226.196.225%26what%3Ddepartamento%2Bmilpa%2Balta%26search_terms%3Ddepartamento%2Bmilpa%2Balta%26origin%3D2%26t_or%3D2%26splitTestId%3D0%26detailPageUrl%3Dhttps%25253A%25252F%25252Fwww.nuroa.com.mx%25252Fadclickdetail%25252F4890002778783791279%25253Fclick_type%25253D0%252526pos%25253D3%252526listingId%25253D4890002778783791279%252526siteStrategyKey%25253Dhttps%2525253A%2525252F%2525252Fwww.nuroa.com.mx%252526url%25253Dhttps%252525253A%252525252F%252525252Frentola.mx%252525252Flistings%252525252Fdepartamento-en-renta-cuarteles-municipio-de-chihuahua-p65710d%252526searchType%25253D2%252526page%25253D1%252526section%25253D1%252526t_sec%25253D1%252526sectionType%25253D1%252526pageViewId%25253D93d00fe4-ca6d-47b1-80bf-bc07ce66b6d0%252526t_pvid%25253D93d00fe4-ca6d-47b1-80bf-bc07ce66b6d0%252526userAgent%25253DMozilla%2525252F5.0%25252B%25252528Macintosh%2525253B%25252BIntel%25252BMac%25252BOS%25252BX%25252B10_15_7%25252529%25252BAppleWebKit%2525252F605.1.15%25252B%25252528KHTML%2525252C%25252Blike%25252BGecko%25252529%25252BVersion%2525252F17.4%25252BSafari%2525252F605.1.15%252526browser%25253D1%252526isHuman%25253Dtrue%252526userIp%25253D189.226.196.225%252526what%25253Ddepartamento%25252Bmilpa%25252Balta%252526search_terms%25253Ddepartamento%25252Bmilpa%25252Balta%252526origin%25253D2%252526t_or%25253D2%252526splitTestId%25253D0%252526clickin%25253Dfalse,nuroa,371.375
5500.0,departamento,Milpa Alta,Ciudad de México,60.0,2.0,1.0,1.0,https://www.nuroa.com.mx/adform/6640000781268116404?click_type=0&pos=5&listingId=6640000781268116404&siteStrategyKey=https%3A%2F%2Fwww.nuroa.com.mx&url=https%253A%252F%252Fwww.icasas.mx%252FaggregatorDetail%253FadId%253D019eb886-aa94-74f8-b149-98e480871695%2526aggregator%253Dmitula%2526utm_content%253D019eb886-aa94-74f8-b149-98e480871695_payment&searchType=2&page=1&section=1&t_sec=1&sectionType=1&pageViewId=93d00fe4-ca6d-47b1-80bf-bc07ce66b6d0&t_pvid=93d00fe4-ca6d-47b1-80bf-bc07ce66b6d0&userAgent=Mozilla%2F5.0+%28Macintosh%3B+Intel+Mac+OS+X+10_15_7%29+AppleWebKit%2F605.1.15+%28KHTML%2C+like+Gecko%29+Version%2F17.4+Safari%2F605.1.15&browser=1&isHuman=true&userIp=189.226.196.225&what=departamento+milpa+alta&search_terms=departamento+milpa+alta&origin=2&t_or=2&splitTestId=0,nuroa,91.66666666666667
17500.0,departamento,Milpa Alta,Ciudad de México,98.0,2.0,2.0,1.0,https://www.nuroa.com.mx/adform/1150000772368727284?click_type=1&pos=3&listingId=1150000772368727284&siteStrategyKey=https%3A%2F%2Fwww.nuroa.com.mx&url=https%253A%252F%252Fwww.icasas.mx%252FaggregatorDetail%253FadId%253D0194b49d-f230-7664-9cd6-15d3d77855de%2526aggregator%253Dmitula%2526utm_content%253D0194b49d-f230-7664-9cd6-15d3d77855de_payment&searchType=2&page=1&section=27&t_sec=27&sectionType=2&pageViewId=93d00fe4-ca6d-47b1-80bf-bc07ce66b6d0&t_pvid=93d00fe4-ca6d-47b1-80bf-bc07ce66b6d0&userAgent=Mozilla%2F5.0+%28Macintosh%3B+Intel+Mac+OS+X+10_15_7%29+AppleWebKit%2F605.1.15+%28KHTML%2C+like+Gecko%29+Version%2F17.4+Safari%2F605.1.15&browser=1&isHuman=true&userIp=189.226.196.225&what=departamento+milpa+alta&search_terms=departamento+milpa+alta&origin=2&t_or=2&splitTestId=0,nuroa,178.57142857142858
20000.0,departamento,Tlalpan,Ciudad de México,145.0,3.0,2.0,,https://www.nuroa.com.mx/adform/8570000781008616657?click_type=1&pos=1&listingId=8570000781008616657&siteStrategyKey=https%3A%2F%2Fwww.nuroa.com.mx&url=https%253A%252F%252Fwww.icasas.mx%252FaggregatorDetail%253FadId%253D019eaa24-e259-7e69-aebd-0d39b2dec97e%2526aggregator%253Dmitula%2526utm_content%253D019eaa24-e259-7e69-aebd-0d39b2dec97e_payment&searchType=2&page=1&seo_link_id=1406153466&section=26&t_sec=26&sectionType=2&pageViewId=e99b137c-2820-4986-b6d0-1c0fa68bc446&t_pvid=e99b137c-2820-4986-b6d0-1c0fa68bc446&userAgent=Mozilla%2F5.0+%28Windows+NT+10.0%3B+Win64%3B+x64%3B+rv%3A125.0%29+Gecko%2F20100101+Firefox%2F125.0&browser=1&isHuman=true&userIp=189.226.196.225&what=departamento+tlalpan&search_terms=departamento+tlalpan&origin=2&t_or=2&splitTestId=0,nuroa,137.93103448275863
8000.0,departamento,Tlalpan,Ciudad de México,83.0,2.0,1.0,1.0,https://www.nuroa.com.mx/adform/8540000781527210592?click_type=0&pos=1&listingId=8540000781527210592&siteStrategyKey=https%3A%2F%2Fwww.nuroa.com.mx&url=https%253A%252F%252Fwww.icasas.mx%252FaggregatorDetail%253FadId%253D019ec875-6407-72e8-ba51-96ab6a0356ea%2526aggregator%253Dmitula%2526utm_content%253D019ec875-6407-72e8-ba51-96ab6a0356ea_payment&searchType=2&page=1&seo_link_id=1406153466&section=1&t_sec=1&sectionType=1&pageViewId=e99b137c-2820-4986-b6d0-1c0fa68bc446&t_pvid=e99b137c-2820-4986-b6d0-1c0fa68bc446&userAgent=Mozilla%2F5.0+%28Windows+NT+10.0%3B+Win64%3B+x64%3B+rv%3A125.0%29+Gecko%2F20100101+Firefox%2F125.0&browser=1&isHuman=true&userIp=189.226.196.225&what=departamento+tlalpan&search_terms=departamento+tlalpan&origin=2&t_or=2&splitTestId=0,nuroa,96.3855421686747
16500.0,departamento,Tlalpan,Ciudad de México,64.0,2.0,2.0,,https://www.nuroa.com.mx/adform/4930000781181563967?click_type=0&pos=2&listingId=4930000781181563967&siteStrategyKey=https%3A%2F%2Fwww.nuroa.com.mx&url=https%253A%252F%252Fwww.icasas.mx%252FaggregatorDetail%253FadId%253D019be7d7-c647-75eb-bf97-911cef421200%2526aggregator%253Dmitula%2526utm_content%253D019be7d7-c647-75eb-bf97-911cef421200_payment&searchType=2&page=1&seo_link_id=1406153466&section=1&t_sec=1&sectionType=1&pageViewId=e99b137c-2820-4986-b6d0-1c0fa68bc446&t_pvid=e99b137c-2820-4986-b6d0-1c0fa68bc446&userAgent=Mozilla%2F5.0+%28Windows+NT+10.0%3B+Win64%3B+x64%3B+rv%3A125.0%29+Gecko%2F20100101+Firefox%2F125.0&browser=1&isHuman=true&userIp=189.226.196.225&what=departamento+tlalpan&search_terms=departamento+tlalpan&origin=2&t_or=2&splitTestId=0,nuroa,257.8125
25000.0,departamento,Tlalpan,Ciudad de México,175.0,3.0,2.0,1.0,https://www.nuroa.com.mx/adform/1520000780058177262?click_type=0&pos=3&listingId=1520000780058177262&siteStrategyKey=https%3A%2F%2Fwww.nuroa.com.mx&url=https%253A%252F%252Fwww.icasas.mx%252FaggregatorDetail%253FadId%253D019eb5e2-f497-74e2-b3e8-66f4d2cd9f8d%2526aggregator%253Dmitula%2526utm_content%253D019eb5e2-f497-74e2-b3e8-66f4d2cd9f8d_payment&searchType=2&page=1&seo_link_id=1406153466&section=1&t_sec=1&sectionType=1&pageViewId=e99b137c-2820-4986-b6d0-1c0fa68bc446&t_pvid=e99b137c-2820-4986-b6d0-1c0fa68bc446&userAgent=Mozilla%2F5.0+%28Windows+NT+10.0%3B+Win64%3B+x64%3B+rv%3A125.0%29+Gecko%2F20100101+Firefox%2F125.0&browser=1&isHuman=true&userIp=189.226.196.225&what=departamento+tlalpan&search_terms=departamento+tlalpan&origin=2&t_or=2&splitTestId=0,nuroa,142.85714285714286
13500.0,departamento,Tlalpan,Ciudad de México,80.0,2.0,1.0,1.0,https://www.nuroa.com.mx/adform/5670000780663020754?click_type=0&pos=4&listingId=5670000780663020754&siteStrategyKey=https%3A%2F%2Fwww.nuroa.com.mx&url=https%253A%252F%252Fwww.icasas.mx%252FaggregatorDetail%253FadId%253D019e953a-f23b-7335-a6dd-773f896abc69%2526aggregator%253Dmitula%2526utm_content%253D019e953a-f23b-7335-a6dd-773f896abc69_payment&searchType=2&page=1&seo_link_id=1406153466&section=1&t_sec=1&sectionType=1&pageViewId=e99b137c-2820-4986-b6d0-1c0fa68bc446&t_pvid=e99b137c-2820-4986-b6d0-1c0fa68bc446&userAgent=Mozilla%2F5.0+%28Windows+NT+10.0%3B+Win64%3B+x64%3B+rv%3A125.0%29+Gecko%2F20100101+Firefox%2F125.0&browser=1&isHuman=true&userIp=189.226.196.225&what=departamento+tlalpan&search_terms=departamento+tlalpan&origin=2&t_or=2&splitTestId=0,nuroa,168.75
20500.0,departamento,Tlalpan,Ciudad de México,71.0,2.0,2.0,,https://www.nuroa.com.mx/adform/3920000778330490098?click_type=0&pos=6&listingId=3920000778330490098&siteStrategyKey=https%3A%2F%2Fwww.nuroa.com.mx&url=https%253A%252F%252Fwww.icasas.mx%252FaggregatorDetail%253FadId%253D019e0a9e-b47d-7df7-a5ee-d8392460a036%2526aggregator%253Dmitula%2526utm_content%253D019e0a9e-b47d-7df7-a5ee-d8392460a036_payment&searchType=2&page=1&seo_link_id=1406153466&section=1&t_sec=1&sectionType=1&pageViewId=e99b137c-2820-4986-b6d0-1c0fa68bc446&t_pvid=e99b137c-2820-4986-b6d0-1c0fa68bc446&userAgent=Mozilla%2F5.0+%28Windows+NT+10.0%3B+Win64%3B+x64%3B+rv%3A125.0%29+Gecko%2F20100101+Firefox%2F125.0&browser=1&isHuman=true&userIp=189.226.196.225&what=departamento+tlalpan&search_terms=departamento+tlalpan&origin=2&t_or=2&splitTestId=0,nuroa,288.7323943661972
12800.0,departamento,Tlalpan,Ciudad de México,112.0,3.0,2.0,1.0,https://www.nuroa.com.mx/adform/1630000781267783250?click_type=0&pos=7&listingId=1630000781267783250&siteStrategyKey=https%3A%2F%2Fwww.nuroa.com.mx&url=https%253A%252F%252Fwww.icasas.mx%252FaggregatorDetail%253FadId%253D019eb9c1-5d6c-703f-85fe-58b6e183feee%2526aggregator%253Dmitula%2526utm_content%253D019eb9c1-5d6c-703f-85fe-58b6e183feee_payment&searchType=2&page=1&seo_link_id=1406153466&section=1&t_sec=1&sectionType=1&pageViewId=e99b137c-2820-4986-b6d0-1c0fa68bc446&t_pvid=e99b137c-2820-4986-b6d0-1c0fa68bc446&userAgent=Mozilla%2F5.0+%28Windows+NT+10.0%3B+Win64%3B+x64%3B+rv%3A125.0%29+Gecko%2F20100101+Firefox%2F125.0&browser=1&isHuman=true&userIp=189.226.196.225&what=departamento+tlalpan&search_terms=departamento+tlalpan&origin=2&t_or=2&splitTestId=0,nuroa,114.28571428571429
20000.0,departamento,Tlalpan,Ciudad de México,74.0,3.0,1.0,,https://www.nuroa.com.mx/adform/8300000781095281099?click_type=0&pos=8&listingId=8300000781095281099&siteStrategyKey=https%3A%2F%2Fwww.nuroa.com.mx&url=https%253A%252F%252Fwww.icasas.mx%252FaggregatorDetail%253FadId%253D019eaf74-8bc4-7a63-aaf7-686c3d930eb0%2526aggregator%253Dmitula%2526utm_content%253D019eaf74-8bc4-7a63-aaf7-686c3d930eb0_payment&searchType=2&page=1&seo_link_id=1406153466&section=1&t_sec=1&sectionType=1&pageViewId=e99b137c-2820-4986-b6d0-1c0fa68bc446&t_pvid=e99b137c-2820-4986-b6d0-1c0fa68bc446&userAgent=Mozilla%2F5.0+%28Windows+NT+10.0%3B+Win64%3B+x64%3B+rv%3A125.0%29+Gecko%2F20100101+Firefox%2F125.0&browser=1&isHuman=true&userIp=189.226.196.225&what=departamento+tlalpan&search_terms=departamento+tlalpan&origin=2&t_or=2&splitTestId=0,nuroa,270.27027027027026
24500.0,departamento,Tlalpan,Ciudad de México,120.0,3.0,2.0,1.0,https://www.nuroa.com.mx/adform/7290000780166566862?click_type=0&pos=10&listingId=7290000780166566862&siteStrategyKey=https%3A%2F%2Fwww.nuroa.com.mx&url=https%253A%252F%252Fwww.icasas.mx%252FaggregatorDetail%253FadId%253D019e7952-ffc1-74f9-9ead-9eca02dc86a8%2526aggregator%253Dmitula%2526utm_content%253D019e7952-ffc1-74f9-9ead-9eca02dc86a8_payment&searchType=2&page=1&seo_link_id=1406153466&section=1&t_sec=1&sectionType=1&pageViewId=e99b137c-2820-4986-b6d0-1c0fa68bc446&t_pvid=e99b137c-2820-4986-b6d0-1c0fa68bc446&userAgent=Mozilla%2F5.0+%28Windows+NT+10.0%3B+Win64%3B+x64%3B+rv%3A125.0%29+Gecko%2F20100101+Firefox%2F125.0&browser=1&isHuman=true&userIp=189.226.196.225&what=departamento+tlalpan&search_terms=departamento+tlalpan&origin=2&t_or=2&splitTestId=0,nuroa,204.16666666666666
5000.0,departamento,Tlalpan,Ciudad de México,50.0,1.0,1.0,,https://www.nuroa.com.mx/adform/7340000772195883431?click_type=0&pos=11&listingId=7340000772195883431&siteStrategyKey=https%3A%2F%2Fwww.nuroa.com.mx&url=https%253A%252F%252Fwww.icasas.mx%252FaggregatorDetail%253FadId%253D019e2eb5-72e7-7729-aee8-37585ca18444%2526aggregator%253Dmitula%2526utm_content%253D019e2eb5-72e7-7729-aee8-37585ca18444_payment&searchType=2&page=1&seo_link_id=1406153466&section=1&t_sec=1&sectionType=1&pageViewId=e99b137c-2820-4986-b6d0-1c0fa68bc446&t_pvid=e99b137c-2820-4986-b6d0-1c0fa68bc446&userAgent=Mozilla%2F5.0+%28Windows+NT+10.0%3B+Win64%3B+x64%3B+rv%3A125.0%29+Gecko%2F20100101+Firefox%2F125.0&browser=1&isHuman=true&userIp=189.226.196.225&what=departamento+tlalpan&search_terms=departamento+tlalpan&origin=2&t_or=2&splitTestId=0,nuroa,100.0
70000.0,loft,Tlalpan,Ciudad de México,90.0,1.0,1.0,,https://www.nuroa.com.mx/adform/2890000769711843748?click_type=0&pos=13&listingId=2890000769711843748&siteStrategyKey=https%3A%2F%2Fwww.nuroa.com.mx&url=https%253A%252F%252Fwww.icasas.mx%252FaggregatorDetail%253FadId%253D0193e425-1f13-70f1-bfd0-bde5a8a1c399%2526aggregator%253Dmitula%2526utm_content%253D0193e425-1f13-70f1-bfd0-bde5a8a1c399_payment&searchType=2&page=1&seo_link_id=1406153466&section=1&t_sec=1&sectionType=1&pageViewId=e99b137c-2820-4986-b6d0-1c0fa68bc446&t_pvid=e99b137c-2820-4986-b6d0-1c0fa68bc446&userAgent=Mozilla%2F5.0+%28Windows+NT+10.0%3B+Win64%3B+x64%3B+rv%3A125.0%29+Gecko%2F20100101+Firefox%2F125.0&browser=1&isHuman=true&userIp=189.226.196.225&what=departamento+tlalpan&search_terms=departamento+tlalpan&origin=2&t_or=2&splitTestId=0,nuroa,777.7777777777778
8500.0,departamento,Tlalpan,Ciudad de México,20.0,1.0,1.0,,https://www.nuroa.com.mx/adform/8080000779540000259?click_type=0&pos=14&listingId=8080000779540000259&siteStrategyKey=https%3A%2F%2Fwww.nuroa.com.mx&url=https%253A%252F%252Fwww.icasas.mx%252FaggregatorDetail%253FadId%253D019e4fb9-11ca-732b-943a-9bbcb12ab24e%2526aggregator%253Dmitula%2526utm_content%253D019e4fb9-11ca-732b-943a-9bbcb12ab24e_payment&searchType=2&page=1&seo_link_id=1406153466&section=1&t_sec=1&sectionType=1&pageViewId=e99b137c-2820-4986-b6d0-1c0fa68bc446&t_pvid=e99b137c-2820-4986-b6d0-1c0fa68bc446&userAgent=Mozilla%2F5.0+%28Windows+NT+10.0%3B+Win64%3B+x64%3B+rv%3A125.0%29+Gecko%2F20100101+Firefox%2F125.0&browser=1&isHuman=true&userIp=189.226.196.225&what=departamento+tlalpan&search_terms=departamento+tlalpan&origin=2&t_or=2&splitTestId=0,nuroa,425.0
13500.0,departamento,Tlalpan,Ciudad de México,45.0,1.0,1.0,,https://www.nuroa.com.mx/adform/5530000779367301458?click_type=0&pos=15&listingId=5530000779367301458&siteStrategyKey=https%3A%2F%2Fwww.nuroa.com.mx&url=https%253A%252F%252Fwww.icasas.mx%252FaggregatorDetail%253FadId%253D019e4839-6e2c-766a-a4a6-419b9dd874d0%2526aggregator%253Dmitula%2526utm_content%253D019e4839-6e2c-766a-a4a6-419b9dd874d0_payment&searchType=2&page=1&seo_link_id=1406153466&section=1&t_sec=1&sectionType=1&pageViewId=e99b137c-2820-4986-b6d0-1c0fa68bc446&t_pvid=e99b137c-2820-4986-b6d0-1c0fa68bc446&userAgent=Mozilla%2F5.0+%28Windows+NT+10.0%3B+Win64%3B+x64%3B+rv%3A125.0%29+Gecko%2F20100101+Firefox%2F125.0&browser=1&isHuman=true&userIp=189.226.196.225&what=departamento+tlalpan&search_terms=departamento+tlalpan&origin=2&t_or=2&splitTestId=0,nuroa,300.0
14500.0,departamento,Tlalpan,Ciudad de México,55.0,1.0,1.0,,https://www.nuroa.com.mx/adform/1830000779366970741?click_type=0&pos=16&listingId=1830000779366970741&siteStrategyKey=https%3A%2F%2Fwww.nuroa.com.mx&url=https%253A%252F%252Fwww.icasas.mx%252FaggregatorDetail%253FadId%253D019e4838-cf98-7c02-84e7-11628def67e0%2526aggregator%253Dmitula%2526utm_content%253D019e4838-cf98-7c02-84e7-11628def67e0_payment&searchType=2&page=1&seo_link_id=1406153466&section=1&t_sec=1&sectionType=1&pageViewId=e99b137c-2820-4986-b6d0-1c0fa68bc446&t_pvid=e99b137c-2820-4986-b6d0-1c0fa68bc446&userAgent=Mozilla%2F5.0+%28Windows+NT+10.0%3B+Win64%3B+x64%3B+rv%3A125.0%29+Gecko%2F20100101+Firefox%2F125.0&browser=1&isHuman=true&userIp=189.226.196.225&what=departamento+tlalpan&search_terms=departamento+tlalpan&origin=2&t_or=2&splitTestId=0,nuroa,263.6363636363636
35000.0,departamento,Tlalpan,Ciudad de México,103.0,2.0,2.0,,https://www.nuroa.com.mx/conversion/organic/departamento-tlalpan/1/19/rentumo?siteId=411993&clickType=organic&redirectUrl=https%3A%2F%2Fwww.nuroa.com.mx%2Fproperty%2F7140003781526978745%3Fclick_type%3D0%26pos%3D19%26listingId%3D7140003781526978745%26siteStrategyKey%3Dnuroa.com.mx%26url%3Dhttps%25253A%25252F%25252Frentumo.mx%25252Flistados%25252Fdepartamento-disponible-en-renta-en-blvd-gransur-5550-pedregal-de-carrasco-coyoacan-04700-ciudad-de-mexico-cdmx-5550-colonia-pedregal-de-carrasco-c-p-04700-68403%26searchType%3D2%26page%3D1%26seo_link_id%3D1406153466%26section%3D1%26t_sec%3D1%26sectionType%3D1%26pageViewId%3De99b137c-2820-4986-b6d0-1c0fa68bc446%26t_pvid%3De99b137c-2820-4986-b6d0-1c0fa68bc446%26userAgent%3DMozilla%252F5.0%2B%2528Windows%2BNT%2B10.0%253B%2BWin64%253B%2Bx64%253B%2Brv%253A125.0%2529%2BGecko%252F20100101%2BFirefox%252F125.0%26browser%3D1%26isHuman%3Dtrue%26userIp%3D189.226.196.225%26what%3Ddepartamento%2Btlalpan%26search_terms%3Ddepartamento%2Btlalpan%26origin%3D2%26t_or%3D2%26splitTestId%3D0%26detailPageUrl%3Dhttps%25253A%25252F%25252Fwww.nuroa.com.mx%25252Fadclickdetail%25252F7140003781526978745%25253Fclick_type%25253D0%252526pos%25253D19%252526listingId%25253D7140003781526978745%252526siteStrategyKey%25253Dhttps%2525253A%2525252F%2525252Fwww.nuroa.com.mx%252526url%25253Dhttps%252525253A%252525252F%252525252Frentumo.mx%252525252Flistados%252525252Fdepartamento-disponible-en-renta-en-blvd-gransur-5550-pedregal-de-carrasco-coyoacan-04700-ciudad-de-mexico-cdmx-5550-colonia-pedregal-de-carrasco-c-p-04700-68403%252526searchType%25253D2%252526page%25253D1%252526seo_link_id%25253D1406153466%252526section%25253D1%252526t_sec%25253D1%252526sectionType%25253D1%252526pageViewId%25253De99b137c-2820-4986-b6d0-1c0fa68bc446%252526t_pvid%25253De99b137c-2820-4986-b6d0-1c0fa68bc446%252526userAgent%25253DMozilla%2525252F5.0%25252B%25252528Windows%25252BNT%25252B10.0%2525253B%25252BWin64%2525253B%25252Bx64%2525253B%25252Brv%2525253A125.0%25252529%25252BGecko%2525252F20100101%25252BFirefox%2525252F125.0%252526browser%25253D1%252526isHuman%25253Dtrue%252526userIp%25253D189.226.196.225%252526what%25253Ddepartamento%25252Btlalpan%252526search_terms%25253Ddepartamento%25252Btlalpan%252526origin%25253D2%252526t_or%25253D2%252526splitTestId%25253D0%252526clickin%25253Dfalse,nuroa,339.80582524271847
14500.0,departamento,Tlalpan,Ciudad de México,62.0,2.0,1.0,1.0,https://www.nuroa.com.mx/conversion/organic/departamento-tlalpan/1/20/rentumo?siteId=411993&clickType=organic&redirectUrl=https%3A%2F%2Fwww.nuroa.com.mx%2Fproperty%2F8950003781526977884%3Fclick_type%3D0%26pos%3D20%26listingId%3D8950003781526977884%26siteStrategyKey%3Dnuroa.com.mx%26url%3Dhttps%25253A%25252F%25252Frentumo.mx%25252Flistados%25252Fdepartamento-en-renta-disponible-en-av-del-iman-580-pedregal-de-carrasco-secc-6ta-coyoacan-04700-ciudad-de-mexico-cdmx-580-colonia-pedregal-de-carrasco-c-p-04700-66781%26searchType%3D2%26page%3D1%26seo_link_id%3D1406153466%26section%3D1%26t_sec%3D1%26sectionType%3D1%26pageViewId%3De99b137c-2820-4986-b6d0-1c0fa68bc446%26t_pvid%3De99b137c-2820-4986-b6d0-1c0fa68bc446%26userAgent%3DMozilla%252F5.0%2B%2528Windows%2BNT%2B10.0%253B%2BWin64%253B%2Bx64%253B%2Brv%253A125.0%2529%2BGecko%252F20100101%2BFirefox%252F125.0%26browser%3D1%26isHuman%3Dtrue%26userIp%3D189.226.196.225%26what%3Ddepartamento%2Btlalpan%26search_terms%3Ddepartamento%2Btlalpan%26origin%3D2%26t_or%3D2%26splitTestId%3D0%26detailPageUrl%3Dhttps%25253A%25252F%25252Fwww.nuroa.com.mx%25252Fadclickdetail%25252F8950003781526977884%25253Fclick_type%25253D0%252526pos%25253D20%252526listingId%25253D8950003781526977884%252526siteStrategyKey%25253Dhttps%2525253A%2525252F%2525252Fwww.nuroa.com.mx%252526url%25253Dhttps%252525253A%252525252F%252525252Frentumo.mx%252525252Flistados%252525252Fdepartamento-en-renta-disponible-en-av-del-iman-580-pedregal-de-carrasco-secc-6ta-coyoacan-04700-ciudad-de-mexico-cdmx-580-colonia-pedregal-de-carrasco-c-p-04700-66781%252526searchType%25253D2%252526page%25253D1%252526seo_link_id%25253D1406153466%252526section%25253D1%252526t_sec%25253D1%252526sectionType%25253D1%252526pageViewId%25253De99b137c-2820-4986-b6d0-1c0fa68bc446%252526t_pvid%25253De99b137c-2820-4986-b6d0-1c0fa68bc446%252526userAgent%25253DMozilla%2525252F5.0%25252B%25252528Windows%25252BNT%25252B10.0%2525253B%25252BWin64%2525253B%25252Bx64%2525253B%25252Brv%2525253A125.0%25252529%25252BGecko%2525252F20100101%25252BFirefox%2525252F125.0%252526browser%25253D1%252526isHuman%25253Dtrue%252526userIp%25253D189.226.196.225%252526what%25253Ddepartamento%25252Btlalpan%252526search_terms%25253Ddepartamento%25252Btlalpan%252526origin%25253D2%252526t_or%25253D2%252526splitTestId%25253D0%252526clickin%25253Dfalse,nuroa,233.8709677419355
9500.0,loft,Tlalpan,Ciudad de México,45.0,1.0,1.0,,https://www.nuroa.com.mx/conversion/organic/departamento-tlalpan/1/24/rentumo?siteId=411993&clickType=organic&redirectUrl=https%3A%2F%2Fwww.nuroa.com.mx%2Fproperty%2F7750003780922386549%3Fclick_type%3D0%26pos%3D24%26listingId%3D7750003780922386549%26siteStrategyKey%3Dnuroa.com.mx%26url%3Dhttps%25253A%25252F%25252Frentumo.mx%25252Flistados%25252Frenta-mini-loft-amueblado-64397%26searchType%3D2%26page%3D1%26seo_link_id%3D1406153466%26section%3D1%26t_sec%3D1%26sectionType%3D1%26pageViewId%3De99b137c-2820-4986-b6d0-1c0fa68bc446%26t_pvid%3De99b137c-2820-4986-b6d0-1c0fa68bc446%26userAgent%3DMozilla%252F5.0%2B%2528Windows%2BNT%2B10.0%253B%2BWin64%253B%2Bx64%253B%2Brv%253A125.0%2529%2BGecko%252F20100101%2BFirefox%252F125.0%26browser%3D1%26isHuman%3Dtrue%26userIp%3D189.226.196.225%26what%3Ddepartamento%2Btlalpan%26search_terms%3Ddepartamento%2Btlalpan%26origin%3D2%26t_or%3D2%26splitTestId%3D0%26detailPageUrl%3Dhttps%25253A%25252F%25252Fwww.nuroa.com.mx%25252Fadclickdetail%25252F7750003780922386549%25253Fclick_type%25253D0%252526pos%25253D24%252526listingId%25253D7750003780922386549%252526siteStrategyKey%25253Dhttps%2525253A%2525252F%2525252Fwww.nuroa.com.mx%252526url%25253Dhttps%252525253A%252525252F%252525252Frentumo.mx%252525252Flistados%252525252Frenta-mini-loft-amueblado-64397%252526searchType%25253D2%252526page%25253D1%252526seo_link_id%25253D1406153466%252526section%25253D1%252526t_sec%25253D1%252526sectionType%25253D1%252526pageViewId%25253De99b137c-2820-4986-b6d0-1c0fa68bc446%252526t_pvid%25253De99b137c-2820-4986-b6d0-1c0fa68bc446%252526userAgent%25253DMozilla%2525252F5.0%25252B%25252528Windows%25252BNT%25252B10.0%2525253B%25252BWin64%2525253B%25252Bx64%2525253B%25252Brv%2525253A125.0%25252529%25252BGecko%2525252F20100101%25252BFirefox%2525252F125.0%252526browser%25253D1%252526isHuman%25253Dtrue%252526userIp%25253D189.226.196.225%252526what%25253Ddepartamento%25252Btlalpan%252526search_terms%25253Ddepartamento%25252Btlalpan%252526origin%25253D2%252526t_or%25253D2%252526splitTestId%25253D0%252526clickin%25253Dfalse,nuroa,211.11111111111111
27000.0,departamento,Tlalpan,Ciudad de México,103.0,2.0,2.0,,https://www.nuroa.com.mx/conversion/organic/departamento-tlalpan/1/25/rentumo?siteId=411993&clickType=organic&redirectUrl=https%3A%2F%2Fwww.nuroa.com.mx%2Fproperty%2F6430003779367013822%3Fclick_type%3D0%26pos%3D25%26listingId%3D6430003779367013822%26siteStrategyKey%3Dnuroa.com.mx%26url%3Dhttps%25253A%25252F%25252Frentumo.mx%25252Flistados%25252Fse-renta-departamento-planta-baja-en-santa-teresa-tlalpan-cdmx-50092%26searchType%3D2%26page%3D1%26seo_link_id%3D1406153466%26section%3D1%26t_sec%3D1%26sectionType%3D1%26pageViewId%3De99b137c-2820-4986-b6d0-1c0fa68bc446%26t_pvid%3De99b137c-2820-4986-b6d0-1c0fa68bc446%26userAgent%3DMozilla%252F5.0%2B%2528Windows%2BNT%2B10.0%253B%2BWin64%253B%2Bx64%253B%2Brv%253A125.0%2529%2BGecko%252F20100101%2BFirefox%252F125.0%26browser%3D1%26isHuman%3Dtrue%26userIp%3D189.226.196.225%26what%3Ddepartamento%2Btlalpan%26search_terms%3Ddepartamento%2Btlalpan%26origin%3D2%26t_or%3D2%26splitTestId%3D0%26detailPageUrl%3Dhttps%25253A%25252F%25252Fwww.nuroa.com.mx%25252Fadclickdetail%25252F6430003779367013822%25253Fclick_type%25253D0%252526pos%25253D25%252526listingId%25253D6430003779367013822%252526siteStrategyKey%25253Dhttps%2525253A%2525252F%2525252Fwww.nuroa.com.mx%252526url%25253Dhttps%252525253A%252525252F%252525252Frentumo.mx%252525252Flistados%252525252Fse-renta-departamento-planta-baja-en-santa-teresa-tlalpan-cdmx-50092%252526searchType%25253D2%252526page%25253D1%252526seo_link_id%25253D1406153466%252526section%25253D1%252526t_sec%25253D1%252526sectionType%25253D1%252526pageViewId%25253De99b137c-2820-4986-b6d0-1c0fa68bc446%252526t_pvid%25253De99b137c-2820-4986-b6d0-1c0fa68bc446%252526userAgent%25253DMozilla%2525252F5.0%25252B%25252528Windows%25252BNT%25252B10.0%2525253B%25252BWin64%2525253B%25252Bx64%2525253B%25252Brv%2525253A125.0%25252529%25252BGecko%2525252F20100101%25252BFirefox%2525252F125.0%252526browser%25253D1%252526isHuman%25253Dtrue%252526userIp%25253D189.226.196.225%252526what%25253Ddepartamento%25252Btlalpan%252526search_terms%25253Ddepartamento%25252Btlalpan%252526origin%25253D2%252526t_or%25253D2%252526splitTestId%25253D0%252526clickin%25253Dfalse,nuroa,262.13592233009706
30000.0,departamento,Tlalpan,Ciudad de México,100.0,2.0,2.0,,https://www.nuroa.com.mx/adform/4210000781440861896?click_type=1&pos=3&listingId=4210000781440861896&siteStrategyKey=https%3A%2F%2Fwww.nuroa.com.mx&url=https%253A%252F%252Fwww.icasas.mx%252FaggregatorDetail%253FadId%253D019ec392-1b79-73e4-af2d-0f3ed4db6440%2526aggregator%253Dmitula%2526utm_content%253D019ec392-1b79-73e4-af2d-0f3ed4db6440_payment&searchType=2&page=1&seo_link_id=1406153466&section=27&t_sec=27&sectionType=2&pageViewId=e99b137c-2820-4986-b6d0-1c0fa68bc446&t_pvid=e99b137c-2820-4986-b6d0-1c0fa68bc446&userAgent=Mozilla%2F5.0+%28Windows+NT+10.0%3B+Win64%3B+x64%3B+rv%3A125.0%29+Gecko%2F20100101+Firefox%2F125.0&browser=1&isHuman=true&userIp=189.226.196.225&what=departamento+tlalpan&search_terms=departamento+tlalpan&origin=2&t_or=2&splitTestId=0,nuroa,300.0
90000.0,departamento,Tlalpan,Ciudad de México,166.0,2.0,2.0,,https://www.nuroa.com.mx/conversion/organic/departamento-tlalpan/2/1/rentumo?siteId=411993&clickType=organic&redirectUrl=https%3A%2F%2Fwww.nuroa.com.mx%2Fproperty%2F1470003778675781078%3Fclick_type%3D0%26pos%3D1%26listingId%3D1470003778675781078%26siteStrategyKey%3Dnuroa.com.mx%26url%3Dhttps%25253A%25252F%25252Frentumo.mx%25252Flistados%25252Fdepartamento-en-renta-42877%26searchType%3D2%26page%3D2%26seo_link_id%3D1406153466%26section%3D1%26t_sec%3D1%26sectionType%3D1%26pageViewId%3Db61275b7-26d6-48a7-b2fc-d18c001a3a2f%26t_pvid%3Db61275b7-26d6-48a7-b2fc-d18c001a3a2f%26userAgent%3DMozilla%252F5.0%2B%2528X11%253B%2BLinux%2Bx86_64%253B%2Brv%253A125.0%2529%2BGecko%252F20100101%2BFirefox%252F125.0%26browser%3D1%26isHuman%3Dtrue%26userIp%3D189.226.196.225%26what%3Ddepartamento%2Btlalpan%26search_terms%3Ddepartamento%2Btlalpan%26origin%3D2%26t_or%3D2%26splitTestId%3D0%26detailPageUrl%3Dhttps%25253A%25252F%25252Fwww.nuroa.com.mx%25252Fadclickdetail%25252F1470003778675781078%25253Fclick_type%25253D0%252526pos%25253D1%252526listingId%25253D1470003778675781078%252526siteStrategyKey%25253Dhttps%2525253A%2525252F%2525252Fwww.nuroa.com.mx%252526url%25253Dhttps%252525253A%252525252F%252525252Frentumo.mx%252525252Flistados%252525252Fdepartamento-en-renta-42877%252526searchType%25253D2%252526page%25253D2%252526seo_link_id%25253D1406153466%252526section%25253D1%252526t_sec%25253D1%252526sectionType%25253D1%252526pageViewId%25253Db61275b7-26d6-48a7-b2fc-d18c001a3a2f%252526t_pvid%25253Db61275b7-26d6-48a7-b2fc-d18c001a3a2f%252526userAgent%25253DMozilla%2525252F5.0%25252B%25252528X11%2525253B%25252BLinux%25252Bx86_64%2525253B%25252Brv%2525253A125.0%25252529%25252BGecko%2525252F20100101%25252BFirefox%2525252F125.0%252526browser%25253D1%252526isHuman%25253Dtrue%252526userIp%25253D189.226.196.225%252526what%25253Ddepartamento%25252Btlalpan%252526search_terms%25253Ddepartamento%25252Btlalpan%252526origin%25253D2%252526t_or%25253D2%252526splitTestId%25253D0%252526clickin%25253Dfalse,nuroa,542.1686746987951
48000.0,departamento,Tlalpan,Ciudad de México,300.0,4.0,4.0,,https://www.nuroa.com.mx/conversion/organic/departamento-tlalpan/2/3/universoInmuebles?siteId=409913&clickType=organic&redirectUrl=https%3A%2F%2Fwww.nuroa.com.mx%2Fproperty%2F2980002781440955066%3Fclick_type%3D0%26pos%3D3%26listingId%3D2980002781440955066%26siteStrategyKey%3Dnuroa.com.mx%26url%3Dhttps%25253A%25252F%25252Fwww.universoinmuebles.com%25252Fpropiedad%25252Fdepartamento-en-renta-en-jardines-en-la-montana-con-4-o-mas-recamaras-2_36_106998696_7973029%26searchType%3D2%26page%3D2%26seo_link_id%3D1406153466%26section%3D1%26t_sec%3D1%26sectionType%3D1%26pageViewId%3Db61275b7-26d6-48a7-b2fc-d18c001a3a2f%26t_pvid%3Db61275b7-26d6-48a7-b2fc-d18c001a3a2f%26userAgent%3DMozilla%252F5.0%2B%2528X11%253B%2BLinux%2Bx86_64%253B%2Brv%253A125.0%2529%2BGecko%252F20100101%2BFirefox%252F125.0%26browser%3D1%26isHuman%3Dtrue%26userIp%3D189.226.196.225%26what%3Ddepartamento%2Btlalpan%26search_terms%3Ddepartamento%2Btlalpan%26origin%3D2%26t_or%3D2%26splitTestId%3D0%26detailPageUrl%3Dhttps%25253A%25252F%25252Fwww.nuroa.com.mx%25252Fadclickdetail%25252F2980002781440955066%25253Fclick_type%25253D0%252526pos%25253D3%252526listingId%25253D2980002781440955066%252526siteStrategyKey%25253Dhttps%2525253A%2525252F%2525252Fwww.nuroa.com.mx%252526url%25253Dhttps%252525253A%252525252F%252525252Fwww.universoinmuebles.com%252525252Fpropiedad%252525252Fdepartamento-en-renta-en-jardines-en-la-montana-con-4-o-mas-recamaras-2_36_106998696_7973029%252526searchType%25253D2%252526page%25253D2%252526seo_link_id%25253D1406153466%252526section%25253D1%252526t_sec%25253D1%252526sectionType%25253D1%252526pageViewId%25253Db61275b7-26d6-48a7-b2fc-d18c001a3a2f%252526t_pvid%25253Db61275b7-26d6-48a7-b2fc-d18c001a3a2f%252526userAgent%25253DMozilla%2525252F5.0%25252B%25252528X11%2525253B%25252BLinux%25252Bx86_64%2525253B%25252Brv%2525253A125.0%25252529%25252BGecko%2525252F20100101%25252BFirefox%2525252F125.0%252526browser%25253D1%252526isHuman%25253Dtrue%252526userIp%25253D189.226.196.225%252526what%25253Ddepartamento%25252Btlalpan%252526search_terms%25253Ddepartamento%25252Btlalpan%252526origin%25253D2%252526t_or%25253D2%252526splitTestId%25253D0%252526clickin%25253Dfalse,nuroa,160.0
11500.0,departamento,Miguel Hidalgo,Ciudad de México,60.0,2.0,1.0,,https://www.nuroa.com.mx/conversion/organic/departamento-tlalpan/2/4/tuportalonline-com?siteId=406267&clickType=organic&redirectUrl=https%3A%2F%2Fwww.nuroa.com.mx%2Fproperty%2F4170001779799456234%3Fclick_type%3D0%26pos%3D4%26listingId%3D4170001779799456234%26siteStrategyKey%3Dnuroa.com.mx%26url%3Dhttps%25253A%25252F%25252Fwww.tuportalonline.com%25252Finmueble%25252Ftlalpan-miguel-hidalgo-alquiler-departamento-2-recamaras-2_36_106685810_8077702%26searchType%3D2%26page%3D2%26seo_link_id%3D1406153466%26section%3D1%26t_sec%3D1%26sectionType%3D1%26pageViewId%3Db61275b7-26d6-48a7-b2fc-d18c001a3a2f%26t_pvid%3Db61275b7-26d6-48a7-b2fc-d18c001a3a2f%26userAgent%3DMozilla%252F5.0%2B%2528X11%253B%2BLinux%2Bx86_64%253B%2Brv%253A125.0%2529%2BGecko%252F20100101%2BFirefox%252F125.0%26browser%3D1%26isHuman%3Dtrue%26userIp%3D189.226.196.225%26what%3Ddepartamento%2Btlalpan%26search_terms%3Ddepartamento%2Btlalpan%26origin%3D2%26t_or%3D2%26splitTestId%3D0%26detailPageUrl%3Dhttps%25253A%25252F%25252Fwww.nuroa.com.mx%25252Fadclickdetail%25252F4170001779799456234%25253Fclick_type%25253D0%252526pos%25253D4%252526listingId%25253D4170001779799456234%252526siteStrategyKey%25253Dhttps%2525253A%2525252F%2525252Fwww.nuroa.com.mx%252526url%25253Dhttps%252525253A%252525252F%252525252Fwww.tuportalonline.com%252525252Finmueble%252525252Ftlalpan-miguel-hidalgo-alquiler-departamento-2-recamaras-2_36_106685810_8077702%252526searchType%25253D2%252526page%25253D2%252526seo_link_id%25253D1406153466%252526section%25253D1%252526t_sec%25253D1%252526sectionType%25253D1%252526pageViewId%25253Db61275b7-26d6-48a7-b2fc-d18c001a3a2f%252526t_pvid%25253Db61275b7-26d6-48a7-b2fc-d18c001a3a2f%252526userAgent%25253DMozilla%2525252F5.0%25252B%25252528X11%2525253B%25252BLinux%25252Bx86_64%2525253B%25252Brv%2525253A125.0%25252529%25252BGecko%2525252F20100101%25252BFirefox%2525252F125.0%252526browser%25253D1%252526isHuman%25253Dtrue%252526userIp%25253D189.226.196.225%252526what%25253Ddepartamento%25252Btlalpan%252526search_terms%25253Ddepartamento%25252Btlalpan%252526origin%25253D2%252526t_or%25253D2%252526splitTestId%25253D0%252526clickin%25253Dfalse,nuroa,191.66666666666666
13700.0,departamento,Tlalpan,Ciudad de México,92.0,2.0,2.0,1.0,https://www.nuroa.com.mx/adform/5170000781268164385?click_type=0&pos=5&listingId=5170000781268164385&siteStrategyKey=https%3A%2F%2Fwww.nuroa.com.mx&url=https%253A%252F%252Fwww.icasas.mx%252FaggregatorDetail%253FadId%253D019eb861-1557-743d-9732-83babd42c735%2526aggregator%253Dmitula%2526utm_content%253D019eb861-1557-743d-9732-83babd42c735_payment&searchType=2&page=2&seo_link_id=1406153466&section=1&t_sec=1&sectionType=1&pageViewId=b61275b7-26d6-48a7-b2fc-d18c001a3a2f&t_pvid=b61275b7-26d6-48a7-b2fc-d18c001a3a2f&userAgent=Mozilla%2F5.0+%28X11%3B+Linux+x86_64%3B+rv%3A125.0%29+Gecko%2F20100101+Firefox%2F125.0&browser=1&isHuman=true&userIp=189.226.196.225&what=departamento+tlalpan&search_terms=departamento+tlalpan&origin=2&t_or=2&splitTestId=0,nuroa,148.91304347826087
10000.0,departamento,Tlalpan,Ciudad de México,63.0,2.0,1.0,1.0,https://www.nuroa.com.mx/adform/8220000781267878501?click_type=0&pos=6&listingId=8220000781267878501&siteStrategyKey=https%3A%2F%2Fwww.nuroa.com.mx&url=https%253A%252F%252Fwww.icasas.mx%252FaggregatorDetail%253FadId%253D019eb84c-473f-70bb-8b37-56e5e6a43708%2526aggregator%253Dmitula%2526utm_content%253D019eb84c-473f-70bb-8b37-56e5e6a43708_payment&searchType=2&page=2&seo_link_id=1406153466&section=1&t_sec=1&sectionType=1&pageViewId=b61275b7-26d6-48a7-b2fc-d18c001a3a2f&t_pvid=b61275b7-26d6-48a7-b2fc-d18c001a3a2f&userAgent=Mozilla%2F5.0+%28X11%3B+Linux+x86_64%3B+rv%3A125.0%29+Gecko%2F20100101+Firefox%2F125.0&browser=1&isHuman=true&userIp=189.226.196.225&what=departamento+tlalpan&search_terms=departamento+tlalpan&origin=2&t_or=2&splitTestId=0,nuroa,158.73015873015873
16000.0,departamento,Tlalpan,Ciudad de México,105.0,3.0,2.0,,https://www.nuroa.com.mx/conversion/organic/departamento-tlalpan/2/7/universoInmuebles?siteId=409913&clickType=organic&redirectUrl=https%3A%2F%2Fwww.nuroa.com.mx%2Fproperty%2F2700002781440955012%3Fclick_type%3D0%26pos%3D7%26listingId%3D2700002781440955012%26siteStrategyKey%3Dnuroa.com.mx%26url%3Dhttps%25253A%25252F%25252Fwww.universoinmuebles.com%25252Fpropiedad%25252Fdepartamento-en-renta-en-heroes-de-padierna-con-3-recamaras-2_36_106998226_8168769%26searchType%3D2%26page%3D2%26seo_link_id%3D1406153466%26section%3D1%26t_sec%3D1%26sectionType%3D1%26pageViewId%3Db61275b7-26d6-48a7-b2fc-d18c001a3a2f%26t_pvid%3Db61275b7-26d6-48a7-b2fc-d18c001a3a2f%26userAgent%3DMozilla%252F5.0%2B%2528X11%253B%2BLinux%2Bx86_64%253B%2Brv%253A125.0%2529%2BGecko%252F20100101%2BFirefox%252F125.0%26browser%3D1%26isHuman%3Dtrue%26userIp%3D189.226.196.225%26what%3Ddepartamento%2Btlalpan%26search_terms%3Ddepartamento%2Btlalpan%26origin%3D2%26t_or%3D2%26splitTestId%3D0%26detailPageUrl%3Dhttps%25253A%25252F%25252Fwww.nuroa.com.mx%25252Fadclickdetail%25252F2700002781440955012%25253Fclick_type%25253D0%252526pos%25253D7%252526listingId%25253D2700002781440955012%252526siteStrategyKey%25253Dhttps%2525253A%2525252F%2525252Fwww.nuroa.com.mx%252526url%25253Dhttps%252525253A%252525252F%252525252Fwww.universoinmuebles.com%252525252Fpropiedad%252525252Fdepartamento-en-renta-en-heroes-de-padierna-con-3-recamaras-2_36_106998226_8168769%252526searchType%25253D2%252526page%25253D2%252526seo_link_id%25253D1406153466%252526section%25253D1%252526t_sec%25253D1%252526sectionType%25253D1%252526pageViewId%25253Db61275b7-26d6-48a7-b2fc-d18c001a3a2f%252526t_pvid%25253Db61275b7-26d6-48a7-b2fc-d18c001a3a2f%252526userAgent%25253DMozilla%2525252F5.0%25252B%25252528X11%2525253B%25252BLinux%25252Bx86_64%2525253B%25252Brv%2525253A125.0%25252529%25252BGecko%2525252F20100101%25252BFirefox%2525252F125.0%252526browser%25253D1%252526isHuman%25253Dtrue%252526userIp%25253D189.226.196.225%252526what%25253Ddepartamento%25252Btlalpan%252526search_terms%25253Ddepartamento%25252Btlalpan%252526origin%25253D2%252526t_or%25253D2%252526splitTestId%25253D0%252526clickin%25253Dfalse,nuroa,152.38095238095238
18000.0,departamento,Tlalpan,Ciudad de México,97.0,2.0,2.0,1.0,https://www.nuroa.com.mx/conversion/organic/departamento-tlalpan/2/8/tuportalonline-com?siteId=406267&clickType=organic&redirectUrl=https%3A%2F%2Fwww.nuroa.com.mx%2Fproperty%2F4470001772109708299%3Fclick_type%3D0%26pos%3D8%26listingId%3D4470001772109708299%26siteStrategyKey%3Dnuroa.com.mx%26url%3Dhttps%25253A%25252F%25252Fwww.tuportalonline.com%25252Finmueble%25252Ftlalpan-alquiler-departamento-2-recamaras-2_36_105063437_7806532%26searchType%3D2%26page%3D2%26seo_link_id%3D1406153466%26section%3D1%26t_sec%3D1%26sectionType%3D1%26pageViewId%3Db61275b7-26d6-48a7-b2fc-d18c001a3a2f%26t_pvid%3Db61275b7-26d6-48a7-b2fc-d18c001a3a2f%26userAgent%3DMozilla%252F5.0%2B%2528X11%253B%2BLinux%2Bx86_64%253B%2Brv%253A125.0%2529%2BGecko%252F20100101%2BFirefox%252F125.0%26browser%3D1%26isHuman%3Dtrue%26userIp%3D189.226.196.225%26what%3Ddepartamento%2Btlalpan%26search_terms%3Ddepartamento%2Btlalpan%26origin%3D2%26t_or%3D2%26splitTestId%3D0%26detailPageUrl%3Dhttps%25253A%25252F%25252Fwww.nuroa.com.mx%25252Fadclickdetail%25252F4470001772109708299%25253Fclick_type%25253D0%252526pos%25253D8%252526listingId%25253D4470001772109708299%252526siteStrategyKey%25253Dhttps%2525253A%2525252F%2525252Fwww.nuroa.com.mx%252526url%25253Dhttps%252525253A%252525252F%252525252Fwww.tuportalonline.com%252525252Finmueble%252525252Ftlalpan-alquiler-departamento-2-recamaras-2_36_105063437_7806532%252526searchType%25253D2%252526page%25253D2%252526seo_link_id%25253D1406153466%252526section%25253D1%252526t_sec%25253D1%252526sectionType%25253D1%252526pageViewId%25253Db61275b7-26d6-48a7-b2fc-d18c001a3a2f%252526t_pvid%25253Db61275b7-26d6-48a7-b2fc-d18c001a3a2f%252526userAgent%25253DMozilla%2525252F5.0%25252B%25252528X11%2525253B%25252BLinux%25252Bx86_64%2525253B%25252Brv%2525253A125.0%25252529%25252BGecko%2525252F20100101%25252BFirefox%2525252F125.0%252526browser%25253D1%252526isHuman%25253Dtrue%252526userIp%25253D189.226.196.225%252526what%25253Ddepartamento%25252Btlalpan%252526search_terms%25253Ddepartamento%25252Btlalpan%252526origin%25253D2%252526t_or%25253D2%252526splitTestId%25253D0%252526clickin%25253Dfalse,nuroa,185.56701030927834
23500.0,loft,Tlalpan,Ciudad de México,80.0,1.0,1.0,1.0,https://www.nuroa.com.mx/adform/3290000781095198190?click_type=0&pos=9&listingId=3290000781095198190&siteStrategyKey=https%3A%2F%2Fwww.nuroa.com.mx&url=https%253A%252F%252Fwww.icasas.mx%252FaggregatorDetail%253FadId%253D019ddf1e-62a2-7656-b464-798d6bb95763%2526aggregator%253Dmitula%2526utm_content%253D019ddf1e-62a2-7656-b464-798d6bb95763_payment&searchType=2&page=2&seo_link_id=1406153466&section=1&t_sec=1&sectionType=1&pageViewId=b61275b7-26d6-48a7-b2fc-d18c001a3a2f&t_pvid=b61275b7-26d6-48a7-b2fc-d18c001a3a2f&userAgent=Mozilla%2F5.0+%28X11%3B+Linux+x86_64%3B+rv%3A125.0%29+Gecko%2F20100101+Firefox%2F125.0&browser=1&isHuman=true&userIp=189.226.196.225&what=departamento+tlalpan&search_terms=departamento+tlalpan&origin=2&t_or=2&splitTestId=0,nuroa,293.75
30940.0,departamento,Tlalpan,Ciudad de México,120.0,2.0,3.0,,https://www.nuroa.com.mx/conversion/organic/departamento-tlalpan/2/10/casacompara-com-mx?siteId=407109&clickType=organic&redirectUrl=https%3A%2F%2Fwww.nuroa.com.mx%2Fproperty%2F5490003778934900536%3Fclick_type%3D0%26pos%3D10%26listingId%3D5490003778934900536%26siteStrategyKey%3Dnuroa.com.mx%26url%3Dhttps%25253A%25252F%25252Finmuebles.nocnok.com%25252Fpropiedad%25252Fdepartamento-en-renta%25252Fciudad-de-mexico%25252Ftlalpan%25252Fjardines-en-la-montana-id-nn-gzd203%25253Fcsid%25253Dtrovit-mx%26searchType%3D2%26page%3D2%26seo_link_id%3D1406153466%26section%3D1%26t_sec%3D1%26sectionType%3D1%26pageViewId%3Db61275b7-26d6-48a7-b2fc-d18c001a3a2f%26t_pvid%3Db61275b7-26d6-48a7-b2fc-d18c001a3a2f%26userAgent%3DMozilla%252F5.0%2B%2528X11%253B%2BLinux%2Bx86_64%253B%2Brv%253A125.0%2529%2BGecko%252F20100101%2BFirefox%252F125.0%26browser%3D1%26isHuman%3Dtrue%26userIp%3D189.226.196.225%26what%3Ddepartamento%2Btlalpan%26search_terms%3Ddepartamento%2Btlalpan%26origin%3D2%26t_or%3D2%26splitTestId%3D0%26detailPageUrl%3Dhttps%25253A%25252F%25252Fwww.nuroa.com.mx%25252Fadclickdetail%25252F5490003778934900536%25253Fclick_type%25253D0%252526pos%25253D10%252526listingId%25253D5490003778934900536%252526siteStrategyKey%25253Dhttps%2525253A%2525252F%2525252Fwww.nuroa.com.mx%252526url%25253Dhttps%252525253A%252525252F%252525252Finmuebles.nocnok.com%252525252Fpropiedad%252525252Fdepartamento-en-renta%252525252Fciudad-de-mexico%252525252Ftlalpan%252525252Fjardines-en-la-montana-id-nn-gzd203%252525253Fcsid%252525253Dtrovit-mx%252526searchType%25253D2%252526page%25253D2%252526seo_link_id%25253D1406153466%252526section%25253D1%252526t_sec%25253D1%252526sectionType%25253D1%252526pageViewId%25253Db61275b7-26d6-48a7-b2fc-d18c001a3a2f%252526t_pvid%25253Db61275b7-26d6-48a7-b2fc-d18c001a3a2f%252526userAgent%25253DMozilla%2525252F5.0%25252B%25252528X11%2525253B%25252BLinux%25252Bx86_64%2525253B%25252Brv%2525253A125.0%25252529%25252BGecko%2525252F20100101%25252BFirefox%2525252F125.0%252526browser%25253D1%252526isHuman%25253Dtrue%252526userIp%25253D189.226.196.225%252526what%25253Ddepartamento%25252Btlalpan%252526search_terms%25253Ddepartamento%25252Btlalpan%252526origin%25253D2%252526t_or%25253D2%252526splitTestId%25253D0%252526clickin%25253Dfalse,nuroa,257.8333333333333
10000.0,departamento,Tlalpan,Ciudad de México,110.0,2.0,1.0,,https://www.nuroa.com.mx/conversion/organic/departamento-tlalpan/2/13/tuportalonline-com?siteId=406267&clickType=organic&redirectUrl=https%3A%2F%2Fwww.nuroa.com.mx%2Fproperty%2F4140001781268224964%3Fclick_type%3D0%26pos%3D13%26listingId%3D4140001781268224964%26siteStrategyKey%3Dnuroa.com.mx%26url%3Dhttps%25253A%25252F%25252Fwww.tuportalonline.com%25252Finmueble%25252Ftlalpan-alquiler-departamento-2-recamaras-2_36_106934332_8004061%26searchType%3D2%26page%3D2%26seo_link_id%3D1406153466%26section%3D1%26t_sec%3D1%26sectionType%3D1%26pageViewId%3Db61275b7-26d6-48a7-b2fc-d18c001a3a2f%26t_pvid%3Db61275b7-26d6-48a7-b2fc-d18c001a3a2f%26userAgent%3DMozilla%252F5.0%2B%2528X11%253B%2BLinux%2Bx86_64%253B%2Brv%253A125.0%2529%2BGecko%252F20100101%2BFirefox%252F125.0%26browser%3D1%26isHuman%3Dtrue%26userIp%3D189.226.196.225%26what%3Ddepartamento%2Btlalpan%26search_terms%3Ddepartamento%2Btlalpan%26origin%3D2%26t_or%3D2%26splitTestId%3D0%26detailPageUrl%3Dhttps%25253A%25252F%25252Fwww.nuroa.com.mx%25252Fadclickdetail%25252F4140001781268224964%25253Fclick_type%25253D0%252526pos%25253D13%252526listingId%25253D4140001781268224964%252526siteStrategyKey%25253Dhttps%2525253A%2525252F%2525252Fwww.nuroa.com.mx%252526url%25253Dhttps%252525253A%252525252F%252525252Fwww.tuportalonline.com%252525252Finmueble%252525252Ftlalpan-alquiler-departamento-2-recamaras-2_36_106934332_8004061%252526searchType%25253D2%252526page%25253D2%252526seo_link_id%25253D1406153466%252526section%25253D1%252526t_sec%25253D1%252526sectionType%25253D1%252526pageViewId%25253Db61275b7-26d6-48a7-b2fc-d18c001a3a2f%252526t_pvid%25253Db61275b7-26d6-48a7-b2fc-d18c001a3a2f%252526userAgent%25253DMozilla%2525252F5.0%25252B%25252528X11%2525253B%25252BLinux%25252Bx86_64%2525253B%25252Brv%2525253A125.0%25252529%25252BGecko%2525252F20100101%25252BFirefox%2525252F125.0%252526browser%25253D1%252526isHuman%25253Dtrue%252526userIp%25253D189.226.196.225%252526what%25253Ddepartamento%25252Btlalpan%252526search_terms%25253Ddepartamento%25252Btlalpan%252526origin%25253D2%252526t_or%25253D2%252526splitTestId%25253D0%252526clickin%25253Dfalse,nuroa,90.9090909090909
21500.0,departamento,Tlalpan,Ciudad de México,80.0,2.0,1.0,,https://www.nuroa.com.mx/adform/6040000781116613121?click_type=0&pos=14&listingId=6040000781116613121&siteStrategyKey=https%3A%2F%2Fwww.nuroa.com.mx&url=https%253A%252F%252Fwww.icasas.mx%252FaggregatorDetail%253FadId%253D019eb1f8-49c6-7a71-82ca-e8ad0dc44683%2526aggregator%253Dmitula%2526utm_content%253D019eb1f8-49c6-7a71-82ca-e8ad0dc44683_payment&searchType=2&page=2&seo_link_id=1406153466&section=1&t_sec=1&sectionType=1&pageViewId=b61275b7-26d6-48a7-b2fc-d18c001a3a2f&t_pvid=b61275b7-26d6-48a7-b2fc-d18c001a3a2f&userAgent=Mozilla%2F5.0+%28X11%3B+Linux+x86_64%3B+rv%3A125.0%29+Gecko%2F20100101+Firefox%2F125.0&browser=1&isHuman=true&userIp=189.226.196.225&what=departamento+tlalpan&search_terms=departamento+tlalpan&origin=2&t_or=2&splitTestId=0,nuroa,268.75
52000.0,departamento,Tlalpan,Ciudad de México,170.0,3.0,2.0,,https://www.nuroa.com.mx/adform/5190000781095018731?click_type=0&pos=15&listingId=5190000781095018731&siteStrategyKey=https%3A%2F%2Fwww.nuroa.com.mx&url=https%253A%252F%252Fwww.icasas.mx%252FaggregatorDetail%253FadId%253D019eaec4-3e99-7413-94f0-7e6f873d026d%2526aggregator%253Dmitula%2526utm_content%253D019eaec4-3e99-7413-94f0-7e6f873d026d_payment&searchType=2&page=2&seo_link_id=1406153466&section=1&t_sec=1&sectionType=1&pageViewId=b61275b7-26d6-48a7-b2fc-d18c001a3a2f&t_pvid=b61275b7-26d6-48a7-b2fc-d18c001a3a2f&userAgent=Mozilla%2F5.0+%28X11%3B+Linux+x86_64%3B+rv%3A125.0%29+Gecko%2F20100101+Firefox%2F125.0&browser=1&isHuman=true&userIp=189.226.196.225&what=departamento+tlalpan&search_terms=departamento+tlalpan&origin=2&t_or=2&splitTestId=0,nuroa,305.88235294117646
5000.0,departamento,Tlalpan,Ciudad de México,55.0,1.0,1.0,,https://www.nuroa.com.mx/conversion/organic/departamento-tlalpan/2/16/casacompara-com-mx?siteId=407109&clickType=organic&redirectUrl=https%3A%2F%2Fwww.nuroa.com.mx%2Fproperty%2F7570001776947684985%3Fclick_type%3D0%26pos%3D16%26listingId%3D7570001776947684985%26siteStrategyKey%3Dnuroa.com.mx%26url%3Dhttps%25253A%25252F%25252Finmuebles.nocnok.com%25252Fpropiedad%25252Fdepartamento-en-renta%25252Fciudad-de-mexico%25252Ftlalpan%25252Fcultura-maya-id-nn-gxy366%25253Fcsid%25253Dtrovit-mx%26searchType%3D2%26page%3D2%26seo_link_id%3D1406153466%26section%3D1%26t_sec%3D1%26sectionType%3D1%26pageViewId%3Db61275b7-26d6-48a7-b2fc-d18c001a3a2f%26t_pvid%3Db61275b7-26d6-48a7-b2fc-d18c001a3a2f%26userAgent%3DMozilla%252F5.0%2B%2528X11%253B%2BLinux%2Bx86_64%253B%2Brv%253A125.0%2529%2BGecko%252F20100101%2BFirefox%252F125.0%26browser%3D1%26isHuman%3Dtrue%26userIp%3D189.226.196.225%26what%3Ddepartamento%2Btlalpan%26search_terms%3Ddepartamento%2Btlalpan%26origin%3D2%26t_or%3D2%26splitTestId%3D0%26detailPageUrl%3Dhttps%25253A%25252F%25252Fwww.nuroa.com.mx%25252Fadclickdetail%25252F7570001776947684985%25253Fclick_type%25253D0%252526pos%25253D16%252526listingId%25253D7570001776947684985%252526siteStrategyKey%25253Dhttps%2525253A%2525252F%2525252Fwww.nuroa.com.mx%252526url%25253Dhttps%252525253A%252525252F%252525252Finmuebles.nocnok.com%252525252Fpropiedad%252525252Fdepartamento-en-renta%252525252Fciudad-de-mexico%252525252Ftlalpan%252525252Fcultura-maya-id-nn-gxy366%252525253Fcsid%252525253Dtrovit-mx%252526searchType%25253D2%252526page%25253D2%252526seo_link_id%25253D1406153466%252526section%25253D1%252526t_sec%25253D1%252526sectionType%25253D1%252526pageViewId%25253Db61275b7-26d6-48a7-b2fc-d18c001a3a2f%252526t_pvid%25253Db61275b7-26d6-48a7-b2fc-d18c001a3a2f%252526userAgent%25253DMozilla%2525252F5.0%25252B%25252528X11%2525253B%25252BLinux%25252Bx86_64%2525253B%25252Brv%2525253A125.0%25252529%25252BGecko%2525252F20100101%25252BFirefox%2525252F125.0%252526browser%25253D1%252526isHuman%25253Dtrue%252526userIp%25253D189.226.196.225%252526what%25253Ddepartamento%25252Btlalpan%252526search_terms%25253Ddepartamento%25252Btlalpan%252526origin%25253D2%252526t_or%25253D2%252526splitTestId%25253D0%252526clickin%25253Dfalse,nuroa,90.9090909090909
53500.0,departamento,Tlalpan,Ciudad de México,200.0,2.0,2.0,,https://www.nuroa.com.mx/adform/1290000780339144909?click_type=0&pos=17&listingId=1290000780339144909&siteStrategyKey=https%3A%2F%2Fwww.nuroa.com.mx&url=https%253A%252F%252Fwww.icasas.mx%252FaggregatorDetail%253FadId%253D019e8330-6455-71cb-9047-23afeb13a976%2526aggregator%253Dmitula%2526utm_content%253D019e8330-6455-71cb-9047-23afeb13a976_payment&searchType=2&page=2&seo_link_id=1406153466&section=1&t_sec=1&sectionType=1&pageViewId=b61275b7-26d6-48a7-b2fc-d18c001a3a2f&t_pvid=b61275b7-26d6-48a7-b2fc-d18c001a3a2f&userAgent=Mozilla%2F5.0+%28X11%3B+Linux+x86_64%3B+rv%3A125.0%29+Gecko%2F20100101+Firefox%2F125.0&browser=1&isHuman=true&userIp=189.226.196.225&what=departamento+tlalpan&search_terms=departamento+tlalpan&origin=2&t_or=2&splitTestId=0,nuroa,267.5
15000.0,departamento,Tlalpan,Ciudad de México,98.0,2.0,1.0,,https://www.nuroa.com.mx/conversion/organic/departamento-tlalpan/2/18/tuportalonline-com?siteId=406267&clickType=organic&redirectUrl=https%3A%2F%2Fwww.nuroa.com.mx%2Fproperty%2F3120001778935296511%3Fclick_type%3D0%26pos%3D18%26listingId%3D3120001778935296511%26siteStrategyKey%3Dnuroa.com.mx%26url%3Dhttps%25253A%25252F%25252Fwww.tuportalonline.com%25252Finmueble%25252Ftlalpan-alquiler-departamento-2-recamaras-2_36_106522827_8047288%26searchType%3D2%26page%3D2%26seo_link_id%3D1406153466%26section%3D1%26t_sec%3D1%26sectionType%3D1%26pageViewId%3Db61275b7-26d6-48a7-b2fc-d18c001a3a2f%26t_pvid%3Db61275b7-26d6-48a7-b2fc-d18c001a3a2f%26userAgent%3DMozilla%252F5.0%2B%2528X11%253B%2BLinux%2Bx86_64%253B%2Brv%253A125.0%2529%2BGecko%252F20100101%2BFirefox%252F125.0%26browser%3D1%26isHuman%3Dtrue%26userIp%3D189.226.196.225%26what%3Ddepartamento%2Btlalpan%26search_terms%3Ddepartamento%2Btlalpan%26origin%3D2%26t_or%3D2%26splitTestId%3D0%26detailPageUrl%3Dhttps%25253A%25252F%25252Fwww.nuroa.com.mx%25252Fadclickdetail%25252F3120001778935296511%25253Fclick_type%25253D0%252526pos%25253D18%252526listingId%25253D3120001778935296511%252526siteStrategyKey%25253Dhttps%2525253A%2525252F%2525252Fwww.nuroa.com.mx%252526url%25253Dhttps%252525253A%252525252F%252525252Fwww.tuportalonline.com%252525252Finmueble%252525252Ftlalpan-alquiler-departamento-2-recamaras-2_36_106522827_8047288%252526searchType%25253D2%252526page%25253D2%252526seo_link_id%25253D1406153466%252526section%25253D1%252526t_sec%25253D1%252526sectionType%25253D1%252526pageViewId%25253Db61275b7-26d6-48a7-b2fc-d18c001a3a2f%252526t_pvid%25253Db61275b7-26d6-48a7-b2fc-d18c001a3a2f%252526userAgent%25253DMozilla%2525252F5.0%25252B%25252528X11%2525253B%25252BLinux%25252Bx86_64%2525253B%25252Brv%2525253A125.0%25252529%25252BGecko%2525252F20100101%25252BFirefox%2525252F125.0%252526browser%25253D1%252526isHuman%25253Dtrue%252526userIp%25253D189.226.196.225%252526what%25253Ddepartamento%25252Btlalpan%252526search_terms%25253Ddepartamento%25252Btlalpan%252526origin%25253D2%252526t_or%25253D2%252526splitTestId%25253D0%252526clickin%25253Dfalse,nuroa,153.0612244897959
40000.0,departamento,Tlalpan,Ciudad de México,240.0,3.0,3.0,,https://www.nuroa.com.mx/adform/4250000780231179883?click_type=0&pos=21&listingId=4250000780231179883&siteStrategyKey=https%3A%2F%2Fwww.nuroa.com.mx&url=https%253A%252F%252Fwww.icasas.mx%252FaggregatorDetail%253FadId%253D019e7b45-81a4-753a-b211-3491a2a41656%2526aggregator%253Dmitula%2526utm_content%253D019e7b45-81a4-753a-b211-3491a2a41656_payment&searchType=2&page=2&seo_link_id=1406153466&section=1&t_sec=1&sectionType=1&pageViewId=b61275b7-26d6-48a7-b2fc-d18c001a3a2f&t_pvid=b61275b7-26d6-48a7-b2fc-d18c001a3a2f&userAgent=Mozilla%2F5.0+%28X11%3B+Linux+x86_64%3B+rv%3A125.0%29+Gecko%2F20100101+Firefox%2F125.0&browser=1&isHuman=true&userIp=189.226.196.225&what=departamento+tlalpan&search_terms=departamento+tlalpan&origin=2&t_or=2&splitTestId=0,nuroa,166.66666666666666
30000.0,departamento,Tlalpan,Ciudad de México,127.0,3.0,2.0,1.0,https://www.nuroa.com.mx/conversion/organic/departamento-tlalpan/2/22/casacompara-com-mx?siteId=407109&clickType=organic&redirectUrl=https%3A%2F%2Fwww.nuroa.com.mx%2Fproperty%2F5850001780058113128%3Fclick_type%3D0%26pos%3D22%26listingId%3D5850001780058113128%26siteStrategyKey%3Dnuroa.com.mx%26url%3Dhttps%25253A%25252F%25252Finmuebles.nocnok.com%25252Fpropiedad%25252Fdepartamento-en-renta%25252Fciudad-de-mexico%25252Ftlalpan%25252Farenal-de-guadalupe-id-nn-gzv312%25253Fcsid%25253Dtrovit-mx%26searchType%3D2%26page%3D2%26seo_link_id%3D1406153466%26section%3D1%26t_sec%3D1%26sectionType%3D1%26pageViewId%3Db61275b7-26d6-48a7-b2fc-d18c001a3a2f%26t_pvid%3Db61275b7-26d6-48a7-b2fc-d18c001a3a2f%26userAgent%3DMozilla%252F5.0%2B%2528X11%253B%2BLinux%2Bx86_64%253B%2Brv%253A125.0%2529%2BGecko%252F20100101%2BFirefox%252F125.0%26browser%3D1%26isHuman%3Dtrue%26userIp%3D189.226.196.225%26what%3Ddepartamento%2Btlalpan%26search_terms%3Ddepartamento%2Btlalpan%26origin%3D2%26t_or%3D2%26splitTestId%3D0%26detailPageUrl%3Dhttps%25253A%25252F%25252Fwww.nuroa.com.mx%25252Fadclickdetail%25252F5850001780058113128%25253Fclick_type%25253D0%252526pos%25253D22%252526listingId%25253D5850001780058113128%252526siteStrategyKey%25253Dhttps%2525253A%2525252F%2525252Fwww.nuroa.com.mx%252526url%25253Dhttps%252525253A%252525252F%252525252Finmuebles.nocnok.com%252525252Fpropiedad%252525252Fdepartamento-en-renta%252525252Fciudad-de-mexico%252525252Ftlalpan%252525252Farenal-de-guadalupe-id-nn-gzv312%252525253Fcsid%252525253Dtrovit-mx%252526searchType%25253D2%252526page%25253D2%252526seo_link_id%25253D1406153466%252526section%25253D1%252526t_sec%25253D1%252526sectionType%25253D1%252526pageViewId%25253Db61275b7-26d6-48a7-b2fc-d18c001a3a2f%252526t_pvid%25253Db61275b7-26d6-48a7-b2fc-d18c001a3a2f%252526userAgent%25253DMozilla%2525252F5.0%25252B%25252528X11%2525253B%25252BLinux%25252Bx86_64%2525253B%25252Brv%2525253A125.0%25252529%25252BGecko%2525252F20100101%25252BFirefox%2525252F125.0%252526browser%25253D1%252526isHuman%25253Dtrue%252526userIp%25253D189.226.196.225%252526what%25253Ddepartamento%25252Btlalpan%252526search_terms%25253Ddepartamento%25252Btlalpan%252526origin%25253D2%252526t_or%25253D2%252526splitTestId%25253D0%252526clickin%25253Dfalse,nuroa,236.2204724409449
12000.0,departamento,Tlalpan,Ciudad de México,110.0,1.0,1.0,,https://www.nuroa.com.mx/adform/1590000769863077023?click_type=0&pos=23&listingId=1590000769863077023&siteStrategyKey=https%3A%2F%2Fwww.nuroa.com.mx&url=https%253A%252F%252Fwww.icasas.mx%252FaggregatorDetail%253FadId%253Dbc8a51b4-76bd-41d3-90df-4c03a029bac4%2526aggregator%253Dmitula%2526utm_content%253Dbc8a51b4-76bd-41d3-90df-4c03a029bac4_payment&searchType=2&page=2&seo_link_id=1406153466&section=1&t_sec=1&sectionType=1&pageViewId=b61275b7-26d6-48a7-b2fc-d18c001a3a2f&t_pvid=b61275b7-26d6-48a7-b2fc-d18c001a3a2f&userAgent=Mozilla%2F5.0+%28X11%3B+Linux+x86_64%3B+rv%3A125.0%29+Gecko%2F20100101+Firefox%2F125.0&browser=1&isHuman=true&userIp=189.226.196.225&what=departamento+tlalpan&search_terms=departamento+tlalpan&origin=2&t_or=2&splitTestId=0,nuroa,109.0909090909091
22000.0,departamento,Tlalpan,Ciudad de México,110.0,3.0,2.0,,https://www.nuroa.com.mx/conversion/organic/departamento-tlalpan/3/5/universoInmuebles?siteId=409913&clickType=organic&redirectUrl=https%3A%2F%2Fwww.nuroa.com.mx%2Fproperty%2F1740001779626540501%3Fclick_type%3D0%26pos%3D5%26listingId%3D1740001779626540501%26siteStrategyKey%3Dnuroa.com.mx%26url%3Dhttps%25253A%25252F%25252Fwww.universoinmuebles.com%25252Fpropiedad%25252Fdepartamento-en-renta-en-granjas-coapa-con-3-recamaras-2_36_106659110_8073238%26searchType%3D2%26page%3D3%26seo_link_id%3D1406153466%26section%3D1%26t_sec%3D1%26sectionType%3D1%26pageViewId%3Daf33ff06-598a-4e3f-b985-62746eca1175%26t_pvid%3Daf33ff06-598a-4e3f-b985-62746eca1175%26userAgent%3DMozilla%252F5.0%2B%2528Macintosh%253B%2BIntel%2BMac%2BOS%2BX%2B10_15_7%2529%2BAppleWebKit%252F537.36%2B%2528KHTML%252C%2Blike%2BGecko%2529%2BChrome%252F124.0.0.0%2BSafari%252F537.36%26browser%3D1%26isHuman%3Dtrue%26userIp%3D189.226.196.225%26what%3Ddepartamento%2Btlalpan%26search_terms%3Ddepartamento%2Btlalpan%26origin%3D2%26t_or%3D2%26splitTestId%3D0%26detailPageUrl%3Dhttps%25253A%25252F%25252Fwww.nuroa.com.mx%25252Fadclickdetail%25252F1740001779626540501%25253Fclick_type%25253D0%252526pos%25253D5%252526listingId%25253D1740001779626540501%252526siteStrategyKey%25253Dhttps%2525253A%2525252F%2525252Fwww.nuroa.com.mx%252526url%25253Dhttps%252525253A%252525252F%252525252Fwww.universoinmuebles.com%252525252Fpropiedad%252525252Fdepartamento-en-renta-en-granjas-coapa-con-3-recamaras-2_36_106659110_8073238%252526searchType%25253D2%252526page%25253D3%252526seo_link_id%25253D1406153466%252526section%25253D1%252526t_sec%25253D1%252526sectionType%25253D1%252526pageViewId%25253Daf33ff06-598a-4e3f-b985-62746eca1175%252526t_pvid%25253Daf33ff06-598a-4e3f-b985-62746eca1175%252526userAgent%25253DMozilla%2525252F5.0%25252B%25252528Macintosh%2525253B%25252BIntel%25252BMac%25252BOS%25252BX%25252B10_15_7%25252529%25252BAppleWebKit%2525252F537.36%25252B%25252528KHTML%2525252C%25252Blike%25252BGecko%25252529%25252BChrome%2525252F124.0.0.0%25252BSafari%2525252F537.36%252526browser%25253D1%252526isHuman%25253Dtrue%252526userIp%25253D189.226.196.225%252526what%25253Ddepartamento%25252Btlalpan%252526search_terms%25253Ddepartamento%25252Btlalpan%252526origin%25253D2%252526t_or%25253D2%252526splitTestId%25253D0%252526clickin%25253Dfalse,nuroa,200.0
23500.0,departamento,Tlalpan,Ciudad de México,115.0,3.0,2.0,,https://www.nuroa.com.mx/conversion/organic/departamento-tlalpan/3/6/universoInmuebles?siteId=409913&clickType=organic&redirectUrl=https%3A%2F%2Fwww.nuroa.com.mx%2Fproperty%2F4060002778935251322%3Fclick_type%3D0%26pos%3D6%26listingId%3D4060002778935251322%26siteStrategyKey%3Dnuroa.com.mx%26url%3Dhttps%25253A%25252F%25252Fwww.universoinmuebles.com%25252Fpropiedad%25252Fdepartamento-en-renta-en-ampliacion-isidro-fabela-con-3-recamaras-2_36_106532901_8024648%26searchType%3D2%26page%3D3%26seo_link_id%3D1406153466%26section%3D1%26t_sec%3D1%26sectionType%3D1%26pageViewId%3Daf33ff06-598a-4e3f-b985-62746eca1175%26t_pvid%3Daf33ff06-598a-4e3f-b985-62746eca1175%26userAgent%3DMozilla%252F5.0%2B%2528Macintosh%253B%2BIntel%2BMac%2BOS%2BX%2B10_15_7%2529%2BAppleWebKit%252F537.36%2B%2528KHTML%252C%2Blike%2BGecko%2529%2BChrome%252F124.0.0.0%2BSafari%252F537.36%26browser%3D1%26isHuman%3Dtrue%26userIp%3D189.226.196.225%26what%3Ddepartamento%2Btlalpan%26search_terms%3Ddepartamento%2Btlalpan%26origin%3D2%26t_or%3D2%26splitTestId%3D0%26detailPageUrl%3Dhttps%25253A%25252F%25252Fwww.nuroa.com.mx%25252Fadclickdetail%25252F4060002778935251322%25253Fclick_type%25253D0%252526pos%25253D6%252526listingId%25253D4060002778935251322%252526siteStrategyKey%25253Dhttps%2525253A%2525252F%2525252Fwww.nuroa.com.mx%252526url%25253Dhttps%252525253A%252525252F%252525252Fwww.universoinmuebles.com%252525252Fpropiedad%252525252Fdepartamento-en-renta-en-ampliacion-isidro-fabela-con-3-recamaras-2_36_106532901_8024648%252526searchType%25253D2%252526page%25253D3%252526seo_link_id%25253D1406153466%252526section%25253D1%252526t_sec%25253D1%252526sectionType%25253D1%252526pageViewId%25253Daf33ff06-598a-4e3f-b985-62746eca1175%252526t_pvid%25253Daf33ff06-598a-4e3f-b985-62746eca1175%252526userAgent%25253DMozilla%2525252F5.0%25252B%25252528Macintosh%2525253B%25252BIntel%25252BMac%25252BOS%25252BX%25252B10_15_7%25252529%25252BAppleWebKit%2525252F537.36%25252B%25252528KHTML%2525252C%25252Blike%25252BGecko%25252529%25252BChrome%2525252F124.0.0.0%25252BSafari%2525252F537.36%252526browser%25253D1%252526isHuman%25253Dtrue%252526userIp%25253D189.226.196.225%252526what%25253Ddepartamento%25252Btlalpan%252526search_terms%25253Ddepartamento%25252Btlalpan%252526origin%25253D2%252526t_or%25253D2%252526splitTestId%25253D0%252526clickin%25253Dfalse,nuroa,204.34782608695653
30940.0,departamento,Tlalpan,Ciudad de México,162.0,2.0,3.0,,https://www.nuroa.com.mx/conversion/organic/departamento-tlalpan/3/10/casacompara-com-mx?siteId=407109&clickType=organic&redirectUrl=https%3A%2F%2Fwww.nuroa.com.mx%2Fproperty%2F2190003779626111618%3Fclick_type%3D0%26pos%3D10%26listingId%3D2190003779626111618%26siteStrategyKey%3Dnuroa.com.mx%26url%3Dhttps%25253A%25252F%25252Finmuebles.nocnok.com%25252Fpropiedad%25252Fdepartamento-en-renta%25252Fciudad-de-mexico%25252Ftlalpan%25252Fjardines-en-la-montana-id-nn-gzg674%25253Fcsid%25253Dtrovit-mx%26searchType%3D2%26page%3D3%26seo_link_id%3D1406153466%26section%3D1%26t_sec%3D1%26sectionType%3D1%26pageViewId%3Daf33ff06-598a-4e3f-b985-62746eca1175%26t_pvid%3Daf33ff06-598a-4e3f-b985-62746eca1175%26userAgent%3DMozilla%252F5.0%2B%2528Macintosh%253B%2BIntel%2BMac%2BOS%2BX%2B10_15_7%2529%2BAppleWebKit%252F537.36%2B%2528KHTML%252C%2Blike%2BGecko%2529%2BChrome%252F124.0.0.0%2BSafari%252F537.36%26browser%3D1%26isHuman%3Dtrue%26userIp%3D189.226.196.225%26what%3Ddepartamento%2Btlalpan%26search_terms%3Ddepartamento%2Btlalpan%26origin%3D2%26t_or%3D2%26splitTestId%3D0%26detailPageUrl%3Dhttps%25253A%25252F%25252Fwww.nuroa.com.mx%25252Fadclickdetail%25252F2190003779626111618%25253Fclick_type%25253D0%252526pos%25253D10%252526listingId%25253D2190003779626111618%252526siteStrategyKey%25253Dhttps%2525253A%2525252F%2525252Fwww.nuroa.com.mx%252526url%25253Dhttps%252525253A%252525252F%252525252Finmuebles.nocnok.com%252525252Fpropiedad%252525252Fdepartamento-en-renta%252525252Fciudad-de-mexico%252525252Ftlalpan%252525252Fjardines-en-la-montana-id-nn-gzg674%252525253Fcsid%252525253Dtrovit-mx%252526searchType%25253D2%252526page%25253D3%252526seo_link_id%25253D1406153466%252526section%25253D1%252526t_sec%25253D1%252526sectionType%25253D1%252526pageViewId%25253Daf33ff06-598a-4e3f-b985-62746eca1175%252526t_pvid%25253Daf33ff06-598a-4e3f-b985-62746eca1175%252526userAgent%25253DMozilla%2525252F5.0%25252B%25252528Macintosh%2525253B%25252BIntel%25252BMac%25252BOS%25252BX%25252B10_15_7%25252529%25252BAppleWebKit%2525252F537.36%25252B%25252528KHTML%2525252C%25252Blike%25252BGecko%25252529%25252BChrome%2525252F124.0.0.0%25252BSafari%2525252F537.36%252526browser%25253D1%252526isHuman%25253Dtrue%252526userIp%25253D189.226.196.225%252526what%25253Ddepartamento%25252Btlalpan%252526search_terms%25253Ddepartamento%25252Btlalpan%252526origin%25253D2%252526t_or%25253D2%252526splitTestId%25253D0%252526clickin%25253Dfalse,nuroa,190.98765432098764
60000.0,departamento,Tlalpan,Ciudad de México,200.0,2.0,2.0,,https://www.nuroa.com.mx/adform/6300000779539863380?click_type=0&pos=11&listingId=6300000779539863380&siteStrategyKey=https%3A%2F%2Fwww.nuroa.com.mx&url=https%253A%252F%252Fwww.icasas.mx%252FaggregatorDetail%253FadId%253D019e4fae-1d2a-7e68-b693-b0b15a268113%2526aggregator%253Dmitula%2526utm_content%253D019e4fae-1d2a-7e68-b693-b0b15a268113_payment&searchType=2&page=3&seo_link_id=1406153466&section=1&t_sec=1&sectionType=1&pageViewId=af33ff06-598a-4e3f-b985-62746eca1175&t_pvid=af33ff06-598a-4e3f-b985-62746eca1175&userAgent=Mozilla%2F5.0+%28Macintosh%3B+Intel+Mac+OS+X+10_15_7%29+AppleWebKit%2F537.36+%28KHTML%2C+like+Gecko%29+Chrome%2F124.0.0.0+Safari%2F537.36&browser=1&isHuman=true&userIp=189.226.196.225&what=departamento+tlalpan&search_terms=departamento+tlalpan&origin=2&t_or=2&splitTestId=0,nuroa,300.0
23000.0,departamento,Tlalpan,Ciudad de México,90.0,2.0,2.0,1.0,https://www.nuroa.com.mx/adform/8140000779280964250?click_type=0&pos=12&listingId=8140000779280964250&siteStrategyKey=https%3A%2F%2Fwww.nuroa.com.mx&url=https%253A%252F%252Fwww.icasas.mx%252FaggregatorDetail%253FadId%253D019e42d0-f1fc-77e0-9e87-f84fbf80ccbe%2526aggregator%253Dmitula%2526utm_content%253D019e42d0-f1fc-77e0-9e87-f84fbf80ccbe_payment&searchType=2&page=3&seo_link_id=1406153466&section=1&t_sec=1&sectionType=1&pageViewId=af33ff06-598a-4e3f-b985-62746eca1175&t_pvid=af33ff06-598a-4e3f-b985-62746eca1175&userAgent=Mozilla%2F5.0+%28Macintosh%3B+Intel+Mac+OS+X+10_15_7%29+AppleWebKit%2F537.36+%28KHTML%2C+like+Gecko%29+Chrome%2F124.0.0.0+Safari%2F537.36&browser=1&isHuman=true&userIp=189.226.196.225&what=departamento+tlalpan&search_terms=departamento+tlalpan&origin=2&t_or=2&splitTestId=0,nuroa,255.55555555555554
12300.0,departamento,Tlalpan,Ciudad de México,20.0,1.0,1.0,,https://www.nuroa.com.mx/conversion/organic/departamento-tlalpan/3/13/casacompara-com-mx?siteId=407109&clickType=organic&redirectUrl=https%3A%2F%2Fwww.nuroa.com.mx%2Fproperty%2F8430003779799069751%3Fclick_type%3D0%26pos%3D13%26listingId%3D8430003779799069751%26siteStrategyKey%3Dnuroa.com.mx%26url%3Dhttps%25253A%25252F%25252Finmuebles.nocnok.com%25252Fpropiedad%25252Fdepartamento-en-renta%25252Fciudad-de-mexico%25252Ftlalpan%25252Ftlalpan-centro-id-nn-gxw738%25253Fcsid%25253Dtrovit-mx%26searchType%3D2%26page%3D3%26seo_link_id%3D1406153466%26section%3D1%26t_sec%3D1%26sectionType%3D1%26pageViewId%3Daf33ff06-598a-4e3f-b985-62746eca1175%26t_pvid%3Daf33ff06-598a-4e3f-b985-62746eca1175%26userAgent%3DMozilla%252F5.0%2B%2528Macintosh%253B%2BIntel%2BMac%2BOS%2BX%2B10_15_7%2529%2BAppleWebKit%252F537.36%2B%2528KHTML%252C%2Blike%2BGecko%2529%2BChrome%252F124.0.0.0%2BSafari%252F537.36%26browser%3D1%26isHuman%3Dtrue%26userIp%3D189.226.196.225%26what%3Ddepartamento%2Btlalpan%26search_terms%3Ddepartamento%2Btlalpan%26origin%3D2%26t_or%3D2%26splitTestId%3D0%26detailPageUrl%3Dhttps%25253A%25252F%25252Fwww.nuroa.com.mx%25252Fadclickdetail%25252F8430003779799069751%25253Fclick_type%25253D0%252526pos%25253D13%252526listingId%25253D8430003779799069751%252526siteStrategyKey%25253Dhttps%2525253A%2525252F%2525252Fwww.nuroa.com.mx%252526url%25253Dhttps%252525253A%252525252F%252525252Finmuebles.nocnok.com%252525252Fpropiedad%252525252Fdepartamento-en-renta%252525252Fciudad-de-mexico%252525252Ftlalpan%252525252Ftlalpan-centro-id-nn-gxw738%252525253Fcsid%252525253Dtrovit-mx%252526searchType%25253D2%252526page%25253D3%252526seo_link_id%25253D1406153466%252526section%25253D1%252526t_sec%25253D1%252526sectionType%25253D1%252526pageViewId%25253Daf33ff06-598a-4e3f-b985-62746eca1175%252526t_pvid%25253Daf33ff06-598a-4e3f-b985-62746eca1175%252526userAgent%25253DMozilla%2525252F5.0%25252B%25252528Macintosh%2525253B%25252BIntel%25252BMac%25252BOS%25252BX%25252B10_15_7%25252529%25252BAppleWebKit%2525252F537.36%25252B%25252528KHTML%2525252C%25252Blike%25252BGecko%25252529%25252BChrome%2525252F124.0.0.0%25252BSafari%2525252F537.36%252526browser%25253D1%252526isHuman%25253Dtrue%252526userIp%25253D189.226.196.225%252526what%25253Ddepartamento%25252Btlalpan%252526search_terms%25253Ddepartamento%25252Btlalpan%252526origin%25253D2%252526t_or%25253D2%252526splitTestId%25253D0%252526clickin%25253Dfalse,nuroa,615.0
12800.0,departamento,Tlalpan,Ciudad de México,15.0,1.0,1.0,,https://www.nuroa.com.mx/conversion/organic/departamento-tlalpan/3/14/casacompara-com-mx?siteId=407109&clickType=organic&redirectUrl=https%3A%2F%2Fwww.nuroa.com.mx%2Fproperty%2F8460003779799069757%3Fclick_type%3D0%26pos%3D14%26listingId%3D8460003779799069757%26siteStrategyKey%3Dnuroa.com.mx%26url%3Dhttps%25253A%25252F%25252Finmuebles.nocnok.com%25252Fpropiedad%25252Fdepartamento-en-renta%25252Fciudad-de-mexico%25252Ftlalpan%25252Ftlalpan-centro-id-nn-gyl114%25253Fcsid%25253Dtrovit-mx%26searchType%3D2%26page%3D3%26seo_link_id%3D1406153466%26section%3D1%26t_sec%3D1%26sectionType%3D1%26pageViewId%3Daf33ff06-598a-4e3f-b985-62746eca1175%26t_pvid%3Daf33ff06-598a-4e3f-b985-62746eca1175%26userAgent%3DMozilla%252F5.0%2B%2528Macintosh%253B%2BIntel%2BMac%2BOS%2BX%2B10_15_7%2529%2BAppleWebKit%252F537.36%2B%2528KHTML%252C%2Blike%2BGecko%2529%2BChrome%252F124.0.0.0%2BSafari%252F537.36%26browser%3D1%26isHuman%3Dtrue%26userIp%3D189.226.196.225%26what%3Ddepartamento%2Btlalpan%26search_terms%3Ddepartamento%2Btlalpan%26origin%3D2%26t_or%3D2%26splitTestId%3D0%26detailPageUrl%3Dhttps%25253A%25252F%25252Fwww.nuroa.com.mx%25252Fadclickdetail%25252F8460003779799069757%25253Fclick_type%25253D0%252526pos%25253D14%252526listingId%25253D8460003779799069757%252526siteStrategyKey%25253Dhttps%2525253A%2525252F%2525252Fwww.nuroa.com.mx%252526url%25253Dhttps%252525253A%252525252F%252525252Finmuebles.nocnok.com%252525252Fpropiedad%252525252Fdepartamento-en-renta%252525252Fciudad-de-mexico%252525252Ftlalpan%252525252Ftlalpan-centro-id-nn-gyl114%252525253Fcsid%252525253Dtrovit-mx%252526searchType%25253D2%252526page%25253D3%252526seo_link_id%25253D1406153466%252526section%25253D1%252526t_sec%25253D1%252526sectionType%25253D1%252526pageViewId%25253Daf33ff06-598a-4e3f-b985-62746eca1175%252526t_pvid%25253Daf33ff06-598a-4e3f-b985-62746eca1175%252526userAgent%25253DMozilla%2525252F5.0%25252B%25252528Macintosh%2525253B%25252BIntel%25252BMac%25252BOS%25252BX%25252B10_15_7%25252529%25252BAppleWebKit%2525252F537.36%25252B%25252528KHTML%2525252C%25252Blike%25252BGecko%25252529%25252BChrome%2525252F124.0.0.0%25252BSafari%2525252F537.36%252526browser%25253D1%252526isHuman%25253Dtrue%252526userIp%25253D189.226.196.225%252526what%25253Ddepartamento%25252Btlalpan%252526search_terms%25253Ddepartamento%25252Btlalpan%252526origin%25253D2%252526t_or%25253D2%252526splitTestId%25253D0%252526clickin%25253Dfalse,nuroa,853.3333333333334
16500.0,departamento,Tlalpan,Ciudad de México,65.0,2.0,2.0,,https://www.nuroa.com.mx/conversion/organic/departamento-tlalpan/3/15/tuportalonline-com?siteId=406267&clickType=organic&redirectUrl=https%3A%2F%2Fwww.nuroa.com.mx%2Fproperty%2F4560001779280997388%3Fclick_type%3D0%26pos%3D15%26listingId%3D4560001779280997388%26siteStrategyKey%3Dnuroa.com.mx%26url%3Dhttps%25253A%25252F%25252Fwww.tuportalonline.com%25252Finmueble%25252Ftlalpan-alquiler-departamento-2-recamaras-2_36_106569811_7885208%26searchType%3D2%26page%3D3%26seo_link_id%3D1406153466%26section%3D1%26t_sec%3D1%26sectionType%3D1%26pageViewId%3Daf33ff06-598a-4e3f-b985-62746eca1175%26t_pvid%3Daf33ff06-598a-4e3f-b985-62746eca1175%26userAgent%3DMozilla%252F5.0%2B%2528Macintosh%253B%2BIntel%2BMac%2BOS%2BX%2B10_15_7%2529%2BAppleWebKit%252F537.36%2B%2528KHTML%252C%2Blike%2BGecko%2529%2BChrome%252F124.0.0.0%2BSafari%252F537.36%26browser%3D1%26isHuman%3Dtrue%26userIp%3D189.226.196.225%26what%3Ddepartamento%2Btlalpan%26search_terms%3Ddepartamento%2Btlalpan%26origin%3D2%26t_or%3D2%26splitTestId%3D0%26detailPageUrl%3Dhttps%25253A%25252F%25252Fwww.nuroa.com.mx%25252Fadclickdetail%25252F4560001779280997388%25253Fclick_type%25253D0%252526pos%25253D15%252526listingId%25253D4560001779280997388%252526siteStrategyKey%25253Dhttps%2525253A%2525252F%2525252Fwww.nuroa.com.mx%252526url%25253Dhttps%252525253A%252525252F%252525252Fwww.tuportalonline.com%252525252Finmueble%252525252Ftlalpan-alquiler-departamento-2-recamaras-2_36_106569811_7885208%252526searchType%25253D2%252526page%25253D3%252526seo_link_id%25253D1406153466%252526section%25253D1%252526t_sec%25253D1%252526sectionType%25253D1%252526pageViewId%25253Daf33ff06-598a-4e3f-b985-62746eca1175%252526t_pvid%25253Daf33ff06-598a-4e3f-b985-62746eca1175%252526userAgent%25253DMozilla%2525252F5.0%25252B%25252528Macintosh%2525253B%25252BIntel%25252BMac%25252BOS%25252BX%25252B10_15_7%25252529%25252BAppleWebKit%2525252F537.36%25252B%25252528KHTML%2525252C%25252Blike%25252BGecko%25252529%25252BChrome%2525252F124.0.0.0%25252BSafari%2525252F537.36%252526browser%25253D1%252526isHuman%25253Dtrue%252526userIp%25253D189.226.196.225%252526what%25253Ddepartamento%25252Btlalpan%252526search_terms%25253Ddepartamento%25252Btlalpan%252526origin%25253D2%252526t_or%25253D2%252526splitTestId%25253D0%252526clickin%25253Dfalse,nuroa,253.84615384615384
12700.0,departamento,Tlalpan,Ciudad de México,65.0,2.0,1.0,1.0,https://www.nuroa.com.mx/adform/4200000778848770945?click_type=0&pos=16&listingId=4200000778848770945&siteStrategyKey=https%3A%2F%2Fwww.nuroa.com.mx&url=https%253A%252F%252Fwww.icasas.mx%252FaggregatorDetail%253FadId%253D019e2894-a62b-75df-973a-96105075e781%2526aggregator%253Dmitula%2526utm_content%253D019e2894-a62b-75df-973a-96105075e781_payment&searchType=2&page=3&seo_link_id=1406153466&section=1&t_sec=1&sectionType=1&pageViewId=af33ff06-598a-4e3f-b985-62746eca1175&t_pvid=af33ff06-598a-4e3f-b985-62746eca1175&userAgent=Mozilla%2F5.0+%28Macintosh%3B+Intel+Mac+OS+X+10_15_7%29+AppleWebKit%2F537.36+%28KHTML%2C+like+Gecko%29+Chrome%2F124.0.0.0+Safari%2F537.36&browser=1&isHuman=true&userIp=189.226.196.225&what=departamento+tlalpan&search_terms=departamento+tlalpan&origin=2&t_or=2&splitTestId=0,nuroa,195.3846153846154
42800.0,departamento,Tlalpan,Ciudad de México,185.0,4.0,3.0,1.0,https://www.nuroa.com.mx/conversion/organic/departamento-tlalpan/3/17/tuportalonline-com?siteId=406267&clickType=organic&redirectUrl=https%3A%2F%2Fwww.nuroa.com.mx%2Fproperty%2F2290001778762501452%3Fclick_type%3D0%26pos%3D17%26listingId%3D2290001778762501452%26siteStrategyKey%3Dnuroa.com.mx%26url%3Dhttps%25253A%25252F%25252Fwww.tuportalonline.com%25252Finmueble%25252Ftlalpan-lomas-de-padierna-alquiler-departamento-4-o-mas-recamaras-2_36_106171504_7986528%26searchType%3D2%26page%3D3%26seo_link_id%3D1406153466%26section%3D1%26t_sec%3D1%26sectionType%3D1%26pageViewId%3Daf33ff06-598a-4e3f-b985-62746eca1175%26t_pvid%3Daf33ff06-598a-4e3f-b985-62746eca1175%26userAgent%3DMozilla%252F5.0%2B%2528Macintosh%253B%2BIntel%2BMac%2BOS%2BX%2B10_15_7%2529%2BAppleWebKit%252F537.36%2B%2528KHTML%252C%2Blike%2BGecko%2529%2BChrome%252F124.0.0.0%2BSafari%252F537.36%26browser%3D1%26isHuman%3Dtrue%26userIp%3D189.226.196.225%26what%3Ddepartamento%2Btlalpan%26search_terms%3Ddepartamento%2Btlalpan%26origin%3D2%26t_or%3D2%26splitTestId%3D0%26detailPageUrl%3Dhttps%25253A%25252F%25252Fwww.nuroa.com.mx%25252Fadclickdetail%25252F2290001778762501452%25253Fclick_type%25253D0%252526pos%25253D17%252526listingId%25253D2290001778762501452%252526siteStrategyKey%25253Dhttps%2525253A%2525252F%2525252Fwww.nuroa.com.mx%252526url%25253Dhttps%252525253A%252525252F%252525252Fwww.tuportalonline.com%252525252Finmueble%252525252Ftlalpan-lomas-de-padierna-alquiler-departamento-4-o-mas-recamaras-2_36_106171504_7986528%252526searchType%25253D2%252526page%25253D3%252526seo_link_id%25253D1406153466%252526section%25253D1%252526t_sec%25253D1%252526sectionType%25253D1%252526pageViewId%25253Daf33ff06-598a-4e3f-b985-62746eca1175%252526t_pvid%25253Daf33ff06-598a-4e3f-b985-62746eca1175%252526userAgent%25253DMozilla%2525252F5.0%25252B%25252528Macintosh%2525253B%25252BIntel%25252BMac%25252BOS%25252BX%25252B10_15_7%25252529%25252BAppleWebKit%2525252F537.36%25252B%25252528KHTML%2525252C%25252Blike%25252BGecko%25252529%25252BChrome%2525252F124.0.0.0%25252BSafari%2525252F537.36%252526browser%25253D1%252526isHuman%25253Dtrue%252526userIp%25253D189.226.196.225%252526what%25253Ddepartamento%25252Btlalpan%252526search_terms%25253Ddepartamento%25252Btlalpan%252526origin%25253D2%252526t_or%25253D2%252526splitTestId%25253D0%252526clickin%25253Dfalse,nuroa,231.35135135135135
28000.0,departamento,Tlalpan,Ciudad de México,155.0,2.0,3.0,1.0,https://www.nuroa.com.mx/conversion/organic/departamento-tlalpan/3/18/universoInmuebles?siteId=409913&clickType=organic&redirectUrl=https%3A%2F%2Fwww.nuroa.com.mx%2Fproperty%2F5600002778762456476%3Fclick_type%3D0%26pos%3D18%26listingId%3D5600002778762456476%26siteStrategyKey%3Dnuroa.com.mx%26url%3Dhttps%25253A%25252F%25252Fwww.universoinmuebles.com%25252Fpropiedad%25252Fdepartamento-en-renta-en-tlalpan-centro-con-2-recamaras-2_36_106349837_8014043%26searchType%3D2%26page%3D3%26seo_link_id%3D1406153466%26section%3D1%26t_sec%3D1%26sectionType%3D1%26pageViewId%3Daf33ff06-598a-4e3f-b985-62746eca1175%26t_pvid%3Daf33ff06-598a-4e3f-b985-62746eca1175%26userAgent%3DMozilla%252F5.0%2B%2528Macintosh%253B%2BIntel%2BMac%2BOS%2BX%2B10_15_7%2529%2BAppleWebKit%252F537.36%2B%2528KHTML%252C%2Blike%2BGecko%2529%2BChrome%252F124.0.0.0%2BSafari%252F537.36%26browser%3D1%26isHuman%3Dtrue%26userIp%3D189.226.196.225%26what%3Ddepartamento%2Btlalpan%26search_terms%3Ddepartamento%2Btlalpan%26origin%3D2%26t_or%3D2%26splitTestId%3D0%26detailPageUrl%3Dhttps%25253A%25252F%25252Fwww.nuroa.com.mx%25252Fadclickdetail%25252F5600002778762456476%25253Fclick_type%25253D0%252526pos%25253D18%252526listingId%25253D5600002778762456476%252526siteStrategyKey%25253Dhttps%2525253A%2525252F%2525252Fwww.nuroa.com.mx%252526url%25253Dhttps%252525253A%252525252F%252525252Fwww.universoinmuebles.com%252525252Fpropiedad%252525252Fdepartamento-en-renta-en-tlalpan-centro-con-2-recamaras-2_36_106349837_8014043%252526searchType%25253D2%252526page%25253D3%252526seo_link_id%25253D1406153466%252526section%25253D1%252526t_sec%25253D1%252526sectionType%25253D1%252526pageViewId%25253Daf33ff06-598a-4e3f-b985-62746eca1175%252526t_pvid%25253Daf33ff06-598a-4e3f-b985-62746eca1175%252526userAgent%25253DMozilla%2525252F5.0%25252B%25252528Macintosh%2525253B%25252BIntel%25252BMac%25252BOS%25252BX%25252B10_15_7%25252529%25252BAppleWebKit%2525252F537.36%25252B%25252528KHTML%2525252C%25252Blike%25252BGecko%25252529%25252BChrome%2525252F124.0.0.0%25252BSafari%2525252F537.36%252526browser%25253D1%252526isHuman%25253Dtrue%252526userIp%25253D189.226.196.225%252526what%25253Ddepartamento%25252Btlalpan%252526search_terms%25253Ddepartamento%25252Btlalpan%252526origin%25253D2%252526t_or%25253D2%252526splitTestId%25253D0%252526clickin%25253Dfalse,nuroa,180.6451612903226
45000.0,departamento,Tlalpan,Ciudad de México,203.0,3.0,3.0,,https://www.nuroa.com.mx/conversion/organic/departamento-tlalpan/3/19/tuportalonline-com?siteId=406267&clickType=organic&redirectUrl=https%3A%2F%2Fwww.nuroa.com.mx%2Fproperty%2F1160001778762504970%3Fclick_type%3D0%26pos%3D19%26listingId%3D1160001778762504970%26siteStrategyKey%3Dnuroa.com.mx%26url%3Dhttps%25253A%25252F%25252Fwww.tuportalonline.com%25252Finmueble%25252Ftlalpan-jardines-en-la-montana-alquiler-departamento-3-recamaras-2_36_106245620_7999628%26searchType%3D2%26page%3D3%26seo_link_id%3D1406153466%26section%3D1%26t_sec%3D1%26sectionType%3D1%26pageViewId%3Daf33ff06-598a-4e3f-b985-62746eca1175%26t_pvid%3Daf33ff06-598a-4e3f-b985-62746eca1175%26userAgent%3DMozilla%252F5.0%2B%2528Macintosh%253B%2BIntel%2BMac%2BOS%2BX%2B10_15_7%2529%2BAppleWebKit%252F537.36%2B%2528KHTML%252C%2Blike%2BGecko%2529%2BChrome%252F124.0.0.0%2BSafari%252F537.36%26browser%3D1%26isHuman%3Dtrue%26userIp%3D189.226.196.225%26what%3Ddepartamento%2Btlalpan%26search_terms%3Ddepartamento%2Btlalpan%26origin%3D2%26t_or%3D2%26splitTestId%3D0%26detailPageUrl%3Dhttps%25253A%25252F%25252Fwww.nuroa.com.mx%25252Fadclickdetail%25252F1160001778762504970%25253Fclick_type%25253D0%252526pos%25253D19%252526listingId%25253D1160001778762504970%252526siteStrategyKey%25253Dhttps%2525253A%2525252F%2525252Fwww.nuroa.com.mx%252526url%25253Dhttps%252525253A%252525252F%252525252Fwww.tuportalonline.com%252525252Finmueble%252525252Ftlalpan-jardines-en-la-montana-alquiler-departamento-3-recamaras-2_36_106245620_7999628%252526searchType%25253D2%252526page%25253D3%252526seo_link_id%25253D1406153466%252526section%25253D1%252526t_sec%25253D1%252526sectionType%25253D1%252526pageViewId%25253Daf33ff06-598a-4e3f-b985-62746eca1175%252526t_pvid%25253Daf33ff06-598a-4e3f-b985-62746eca1175%252526userAgent%25253DMozilla%2525252F5.0%25252B%25252528Macintosh%2525253B%25252BIntel%25252BMac%25252BOS%25252BX%25252B10_15_7%25252529%25252BAppleWebKit%2525252F537.36%25252B%25252528KHTML%2525252C%25252Blike%25252BGecko%25252529%25252BChrome%2525252F124.0.0.0%25252BSafari%2525252F537.36%252526browser%25253D1%252526isHuman%25253Dtrue%252526userIp%25253D189.226.196.225%252526what%25253Ddepartamento%25252Btlalpan%252526search_terms%25253Ddepartamento%25252Btlalpan%252526origin%25253D2%252526t_or%25253D2%252526splitTestId%25253D0%252526clickin%25253Dfalse,nuroa,221.67487684729065
21000.0,loft,Tlalpan,Ciudad de México,100.0,1.0,1.0,1.0,https://www.nuroa.com.mx/conversion/organic/departamento-tlalpan/3/20/tuportalonline-com?siteId=406267&clickType=organic&redirectUrl=https%3A%2F%2Fwww.nuroa.com.mx%2Fproperty%2F2080001770035998634%3Fclick_type%3D0%26pos%3D20%26listingId%3D2080001770035998634%26siteStrategyKey%3Dnuroa.com.mx%26url%3Dhttps%25253A%25252F%25252Fwww.tuportalonline.com%25252Finmueble%25252Ftlalpan-lomas-de-padierna-alquiler-departamento-1-recamara-2_36_104557277_7047354%26searchType%3D2%26page%3D3%26seo_link_id%3D1406153466%26section%3D1%26t_sec%3D1%26sectionType%3D1%26pageViewId%3Daf33ff06-598a-4e3f-b985-62746eca1175%26t_pvid%3Daf33ff06-598a-4e3f-b985-62746eca1175%26userAgent%3DMozilla%252F5.0%2B%2528Macintosh%253B%2BIntel%2BMac%2BOS%2BX%2B10_15_7%2529%2BAppleWebKit%252F537.36%2B%2528KHTML%252C%2Blike%2BGecko%2529%2BChrome%252F124.0.0.0%2BSafari%252F537.36%26browser%3D1%26isHuman%3Dtrue%26userIp%3D189.226.196.225%26what%3Ddepartamento%2Btlalpan%26search_terms%3Ddepartamento%2Btlalpan%26origin%3D2%26t_or%3D2%26splitTestId%3D0%26detailPageUrl%3Dhttps%25253A%25252F%25252Fwww.nuroa.com.mx%25252Fadclickdetail%25252F2080001770035998634%25253Fclick_type%25253D0%252526pos%25253D20%252526listingId%25253D2080001770035998634%252526siteStrategyKey%25253Dhttps%2525253A%2525252F%2525252Fwww.nuroa.com.mx%252526url%25253Dhttps%252525253A%252525252F%252525252Fwww.tuportalonline.com%252525252Finmueble%252525252Ftlalpan-lomas-de-padierna-alquiler-departamento-1-recamara-2_36_104557277_7047354%252526searchType%25253D2%252526page%25253D3%252526seo_link_id%25253D1406153466%252526section%25253D1%252526t_sec%25253D1%252526sectionType%25253D1%252526pageViewId%25253Daf33ff06-598a-4e3f-b985-62746eca1175%252526t_pvid%25253Daf33ff06-598a-4e3f-b985-62746eca1175%252526userAgent%25253DMozilla%2525252F5.0%25252B%25252528Macintosh%2525253B%25252BIntel%25252BMac%25252BOS%25252BX%25252B10_15_7%25252529%25252BAppleWebKit%2525252F537.36%25252B%25252528KHTML%2525252C%25252Blike%25252BGecko%25252529%25252BChrome%2525252F124.0.0.0%25252BSafari%2525252F537.36%252526browser%25253D1%252526isHuman%25253Dtrue%252526userIp%25253D189.226.196.225%252526what%25253Ddepartamento%25252Btlalpan%252526search_terms%25253Ddepartamento%25252Btlalpan%252526origin%25253D2%252526t_or%25253D2%252526splitTestId%25253D0%252526clickin%25253Dfalse,nuroa,210.0
39000.0,departamento,Tlalpan,Ciudad de México,262.0,3.0,4.0,,https://www.nuroa.com.mx/conversion/organic/departamento-tlalpan/3/23/casacompara-com-mx?siteId=407109&clickType=organic&redirectUrl=https%3A%2F%2Fwww.nuroa.com.mx%2Fproperty%2F3270001777984477865%3Fclick_type%3D0%26pos%3D23%26listingId%3D3270001777984477865%26siteStrategyKey%3Dnuroa.com.mx%26url%3Dhttps%25253A%25252F%25252Finmuebles.nocnok.com%25252Fpropiedad%25252Fdepartamento-en-renta%25252Fciudad-de-mexico%25252Ftlalpan%25252Ffuentes-del-pedregal-id-nn-gyk326%25253Fcsid%25253Dtrovit-mx%26searchType%3D2%26page%3D3%26seo_link_id%3D1406153466%26section%3D1%26t_sec%3D1%26sectionType%3D1%26pageViewId%3Daf33ff06-598a-4e3f-b985-62746eca1175%26t_pvid%3Daf33ff06-598a-4e3f-b985-62746eca1175%26userAgent%3DMozilla%252F5.0%2B%2528Macintosh%253B%2BIntel%2BMac%2BOS%2BX%2B10_15_7%2529%2BAppleWebKit%252F537.36%2B%2528KHTML%252C%2Blike%2BGecko%2529%2BChrome%252F124.0.0.0%2BSafari%252F537.36%26browser%3D1%26isHuman%3Dtrue%26userIp%3D189.226.196.225%26what%3Ddepartamento%2Btlalpan%26search_terms%3Ddepartamento%2Btlalpan%26origin%3D2%26t_or%3D2%26splitTestId%3D0%26detailPageUrl%3Dhttps%25253A%25252F%25252Fwww.nuroa.com.mx%25252Fadclickdetail%25252F3270001777984477865%25253Fclick_type%25253D0%252526pos%25253D23%252526listingId%25253D3270001777984477865%252526siteStrategyKey%25253Dhttps%2525253A%2525252F%2525252Fwww.nuroa.com.mx%252526url%25253Dhttps%252525253A%252525252F%252525252Finmuebles.nocnok.com%252525252Fpropiedad%252525252Fdepartamento-en-renta%252525252Fciudad-de-mexico%252525252Ftlalpan%252525252Ffuentes-del-pedregal-id-nn-gyk326%252525253Fcsid%252525253Dtrovit-mx%252526searchType%25253D2%252526page%25253D3%252526seo_link_id%25253D1406153466%252526section%25253D1%252526t_sec%25253D1%252526sectionType%25253D1%252526pageViewId%25253Daf33ff06-598a-4e3f-b985-62746eca1175%252526t_pvid%25253Daf33ff06-598a-4e3f-b985-62746eca1175%252526userAgent%25253DMozilla%2525252F5.0%25252B%25252528Macintosh%2525253B%25252BIntel%25252BMac%25252BOS%25252BX%25252B10_15_7%25252529%25252BAppleWebKit%2525252F537.36%25252B%25252528KHTML%2525252C%25252Blike%25252BGecko%25252529%25252BChrome%2525252F124.0.0.0%25252BSafari%2525252F537.36%252526browser%25253D1%252526isHuman%25253Dtrue%252526userIp%25253D189.226.196.225%252526what%25253Ddepartamento%25252Btlalpan%252526search_terms%25253Ddepartamento%25252Btlalpan%252526origin%25253D2%252526t_or%25253D2%252526splitTestId%25253D0%252526clickin%25253Dfalse,nuroa,148.85496183206106
18000.0,departamento,Venustiano Carranza,Ciudad de México,50.0,2.0,1.0,1.0,https://www.nuroa.com.mx/adform/1740000781181403585?click_type=1&pos=2&listingId=1740000781181403585&siteStrategyKey=https%3A%2F%2Fwww.nuroa.com.mx&url=https%253A%252F%252Fwww.icasas.mx%252FaggregatorDetail%253FadId%253D019eb49a-e043-774e-9ac6-f04c30222638%2526aggregator%253Dmitula%2526utm_content%253D019eb49a-e043-774e-9ac6-f04c30222638_payment&searchType=2&page=1&seo_link_id=1406155784&section=26&t_sec=26&sectionType=2&pageViewId=d6baf8d2-de9f-4e42-837b-12dc7589cbb1&t_pvid=d6baf8d2-de9f-4e42-837b-12dc7589cbb1&userAgent=Mozilla%2F5.0+%28X11%3B+Linux+x86_64%3B+rv%3A125.0%29+Gecko%2F20100101+Firefox%2F125.0&browser=1&isHuman=true&userIp=189.226.196.225&what=departamento+venustiano+carranza&search_terms=departamento+venustiano+carranza&origin=2&t_or=2&splitTestId=0,nuroa,360.0
7200.0,departamento,Venustiano Carranza,Ciudad de México,50.0,2.0,1.0,,https://www.nuroa.com.mx/adform/2060000777984524832?click_type=0&pos=1&listingId=2060000777984524832&siteStrategyKey=https%3A%2F%2Fwww.nuroa.com.mx&url=https%253A%252F%252Fwww.icasas.mx%252FaggregatorDetail%253FadId%253D019df63c-d5e7-75cb-b7be-642e79d68803%2526aggregator%253Dmitula%2526utm_content%253D019df63c-d5e7-75cb-b7be-642e79d68803_payment&searchType=2&page=1&seo_link_id=1406155784&section=1&t_sec=1&sectionType=1&pageViewId=d6baf8d2-de9f-4e42-837b-12dc7589cbb1&t_pvid=d6baf8d2-de9f-4e42-837b-12dc7589cbb1&userAgent=Mozilla%2F5.0+%28X11%3B+Linux+x86_64%3B+rv%3A125.0%29+Gecko%2F20100101+Firefox%2F125.0&browser=1&isHuman=true&userIp=189.226.196.225&what=departamento+venustiano+carranza&search_terms=departamento+venustiano+carranza&origin=2&t_or=2&splitTestId=0,nuroa,144.0
13600.0,departamento,Venustiano Carranza,Ciudad de México,80.0,2.0,1.0,1.0,https://www.nuroa.com.mx/adform/8950000778071266769?click_type=0&pos=2&listingId=8950000778071266769&siteStrategyKey=https%3A%2F%2Fwww.nuroa.com.mx&url=https%253A%252F%252Fwww.icasas.mx%252FaggregatorDetail%253FadId%253D019dfb7c-47f5-7c98-af77-2ff75a6a30fd%2526aggregator%253Dmitula%2526utm_content%253D019dfb7c-47f5-7c98-af77-2ff75a6a30fd_payment&searchType=2&page=1&seo_link_id=1406155784&section=1&t_sec=1&sectionType=1&pageViewId=d6baf8d2-de9f-4e42-837b-12dc7589cbb1&t_pvid=d6baf8d2-de9f-4e42-837b-12dc7589cbb1&userAgent=Mozilla%2F5.0+%28X11%3B+Linux+x86_64%3B+rv%3A125.0%29+Gecko%2F20100101+Firefox%2F125.0&browser=1&isHuman=true&userIp=189.226.196.225&what=departamento+venustiano+carranza&search_terms=departamento+venustiano+carranza&origin=2&t_or=2&splitTestId=0,nuroa,170.0
6000.0,departamento,Venustiano Carranza,Ciudad de México,25.0,1.0,1.0,,https://www.nuroa.com.mx/adform/1780000781268211567?click_type=0&pos=3&listingId=1780000781268211567&siteStrategyKey=https%3A%2F%2Fwww.nuroa.com.mx&url=https%253A%252F%252Fwww.icasas.mx%252FaggregatorDetail%253FadId%253D019eb9c1-6265-7008-acd2-89de100c2357%2526aggregator%253Dmitula%2526utm_content%253D019eb9c1-6265-7008-acd2-89de100c2357_payment&searchType=2&page=1&seo_link_id=1406155784&section=1&t_sec=1&sectionType=1&pageViewId=d6baf8d2-de9f-4e42-837b-12dc7589cbb1&t_pvid=d6baf8d2-de9f-4e42-837b-12dc7589cbb1&userAgent=Mozilla%2F5.0+%28X11%3B+Linux+x86_64%3B+rv%3A125.0%29+Gecko%2F20100101+Firefox%2F125.0&browser=1&isHuman=true&userIp=189.226.196.225&what=departamento+venustiano+carranza&search_terms=departamento+venustiano+carranza&origin=2&t_or=2&splitTestId=0,nuroa,240.0
5500.0,departamento,Venustiano Carranza,Ciudad de México,14.0,1.0,1.0,,https://www.nuroa.com.mx/adform/7990000781268069520?click_type=0&pos=4&listingId=7990000781268069520&siteStrategyKey=https%3A%2F%2Fwww.nuroa.com.mx&url=https%253A%252F%252Fwww.icasas.mx%252FaggregatorDetail%253FadId%253D019eb9c1-6783-7a76-8120-fdca7f68d8a0%2526aggregator%253Dmitula%2526utm_content%253D019eb9c1-6783-7a76-8120-fdca7f68d8a0_payment&searchType=2&page=1&seo_link_id=1406155784&section=1&t_sec=1&sectionType=1&pageViewId=d6baf8d2-de9f-4e42-837b-12dc7589cbb1&t_pvid=d6baf8d2-de9f-4e42-837b-12dc7589cbb1&userAgent=Mozilla%2F5.0+%28X11%3B+Linux+x86_64%3B+rv%3A125.0%29+Gecko%2F20100101+Firefox%2F125.0&browser=1&isHuman=true&userIp=189.226.196.225&what=departamento+venustiano+carranza&search_terms=departamento+venustiano+carranza&origin=2&t_or=2&splitTestId=0,nuroa,392.85714285714283
7000.0,departamento,Venustiano Carranza,Ciudad de México,48.0,1.0,1.0,,https://www.nuroa.com.mx/adform/3320000780058369440?click_type=0&pos=5&listingId=3320000780058369440&siteStrategyKey=https%3A%2F%2Fwww.nuroa.com.mx&url=https%253A%252F%252Fwww.icasas.mx%252FaggregatorDetail%253FadId%253D019e71a8-794b-7e35-97ff-75aac523cf2b%2526aggregator%253Dmitula%2526utm_content%253D019e71a8-794b-7e35-97ff-75aac523cf2b_payment&searchType=2&page=1&seo_link_id=1406155784&section=1&t_sec=1&sectionType=1&pageViewId=d6baf8d2-de9f-4e42-837b-12dc7589cbb1&t_pvid=d6baf8d2-de9f-4e42-837b-12dc7589cbb1&userAgent=Mozilla%2F5.0+%28X11%3B+Linux+x86_64%3B+rv%3A125.0%29+Gecko%2F20100101+Firefox%2F125.0&browser=1&isHuman=true&userIp=189.226.196.225&what=departamento+venustiano+carranza&search_terms=departamento+venustiano+carranza&origin=2&t_or=2&splitTestId=0,nuroa,145.83333333333334
17000.0,departamento,Venustiano Carranza,Ciudad de México,50.0,2.0,1.0,1.0,https://www.nuroa.com.mx/adform/6940000781095280937?click_type=0&pos=6&listingId=6940000781095280937&siteStrategyKey=https%3A%2F%2Fwww.nuroa.com.mx&url=https%253A%252F%252Fwww.icasas.mx%252FaggregatorDetail%253FadId%253D019ead1f-1a7d-7c8e-8d1d-edbafdbdb26b%2526aggregator%253Dmitula%2526utm_content%253D019ead1f-1a7d-7c8e-8d1d-edbafdbdb26b_payment&searchType=2&page=1&seo_link_id=1406155784&section=1&t_sec=1&sectionType=1&pageViewId=d6baf8d2-de9f-4e42-837b-12dc7589cbb1&t_pvid=d6baf8d2-de9f-4e42-837b-12dc7589cbb1&userAgent=Mozilla%2F5.0+%28X11%3B+Linux+x86_64%3B+rv%3A125.0%29+Gecko%2F20100101+Firefox%2F125.0&browser=1&isHuman=true&userIp=189.226.196.225&what=departamento+venustiano+carranza&search_terms=departamento+venustiano+carranza&origin=2&t_or=2&splitTestId=0,nuroa,340.0
10000.0,departamento,Venustiano Carranza,Ciudad de México,53.0,2.0,1.0,1.0,https://www.nuroa.com.mx/adform/7190000779885694395?click_type=0&pos=7&listingId=7190000779885694395&siteStrategyKey=https%3A%2F%2Fwww.nuroa.com.mx&url=https%253A%252F%252Fwww.icasas.mx%252FaggregatorDetail%253FadId%253D019e4d4e-1990-75fa-9e0a-43629ba03bac%2526aggregator%253Dmitula%2526utm_content%253D019e4d4e-1990-75fa-9e0a-43629ba03bac_payment&searchType=2&page=1&seo_link_id=1406155784&section=1&t_sec=1&sectionType=1&pageViewId=d6baf8d2-de9f-4e42-837b-12dc7589cbb1&t_pvid=d6baf8d2-de9f-4e42-837b-12dc7589cbb1&userAgent=Mozilla%2F5.0+%28X11%3B+Linux+x86_64%3B+rv%3A125.0%29+Gecko%2F20100101+Firefox%2F125.0&browser=1&isHuman=true&userIp=189.226.196.225&what=departamento+venustiano+carranza&search_terms=departamento+venustiano+carranza&origin=2&t_or=2&splitTestId=0,nuroa,188.67924528301887
11560.0,departamento,Venustiano Carranza,Ciudad de México,58.0,2.0,1.0,1.0,https://www.nuroa.com.mx/conversion/organic/departamento-venustiano-carranza/1/9/rentumo?siteId=411993&clickType=organic&redirectUrl=https%3A%2F%2Fwww.nuroa.com.mx%2Fproperty%2F2360002781268229432%3Fclick_type%3D0%26pos%3D9%26listingId%3D2360002781268229432%26siteStrategyKey%3Dnuroa.com.mx%26url%3Dhttps%25253A%25252F%25252Frentumo.mx%25252Flistados%25252Fdepartamento-en-renta-lorenzo-boturini-venustiano-carranza-67624%26searchType%3D2%26page%3D1%26seo_link_id%3D1406155784%26section%3D1%26t_sec%3D1%26sectionType%3D1%26pageViewId%3Dd6baf8d2-de9f-4e42-837b-12dc7589cbb1%26t_pvid%3Dd6baf8d2-de9f-4e42-837b-12dc7589cbb1%26userAgent%3DMozilla%252F5.0%2B%2528X11%253B%2BLinux%2Bx86_64%253B%2Brv%253A125.0%2529%2BGecko%252F20100101%2BFirefox%252F125.0%26browser%3D1%26isHuman%3Dtrue%26userIp%3D189.226.196.225%26what%3Ddepartamento%2Bvenustiano%2Bcarranza%26search_terms%3Ddepartamento%2Bvenustiano%2Bcarranza%26origin%3D2%26t_or%3D2%26splitTestId%3D0%26detailPageUrl%3Dhttps%25253A%25252F%25252Fwww.nuroa.com.mx%25252Fadclickdetail%25252F2360002781268229432%25253Fclick_type%25253D0%252526pos%25253D9%252526listingId%25253D2360002781268229432%252526siteStrategyKey%25253Dhttps%2525253A%2525252F%2525252Fwww.nuroa.com.mx%252526url%25253Dhttps%252525253A%252525252F%252525252Frentumo.mx%252525252Flistados%252525252Fdepartamento-en-renta-lorenzo-boturini-venustiano-carranza-67624%252526searchType%25253D2%252526page%25253D1%252526seo_link_id%25253D1406155784%252526section%25253D1%252526t_sec%25253D1%252526sectionType%25253D1%252526pageViewId%25253Dd6baf8d2-de9f-4e42-837b-12dc7589cbb1%252526t_pvid%25253Dd6baf8d2-de9f-4e42-837b-12dc7589cbb1%252526userAgent%25253DMozilla%2525252F5.0%25252B%25252528X11%2525253B%25252BLinux%25252Bx86_64%2525253B%25252Brv%2525253A125.0%25252529%25252BGecko%2525252F20100101%25252BFirefox%2525252F125.0%252526browser%25253D1%252526isHuman%25253Dtrue%252526userIp%25253D189.226.196.225%252526what%25253Ddepartamento%25252Bvenustiano%25252Bcarranza%252526search_terms%25253Ddepartamento%25252Bvenustiano%25252Bcarranza%252526origin%25253D2%252526t_or%25253D2%252526splitTestId%25253D0%252526clickin%25253Dfalse,nuroa,199.31034482758622
55000.0,departamento,Venustiano Carranza,Ciudad de México,135.0,3.0,1.0,,https://www.nuroa.com.mx/conversion/organic/departamento-venustiano-carranza/1/10/rentumo?siteId=411993&clickType=organic&redirectUrl=https%3A%2F%2Fwww.nuroa.com.mx%2Fproperty%2F1890003778675781138%3Fclick_type%3D0%26pos%3D10%26listingId%3D1890003778675781138%26siteStrategyKey%3Dnuroa.com.mx%26url%3Dhttps%25253A%25252F%25252Frentumo.mx%25252Flistados%25252Fdepartamento-en-renta-42938-7e576b6f-90fd-4b61-824b-6d0760571e29%26searchType%3D2%26page%3D1%26seo_link_id%3D1406155784%26section%3D1%26t_sec%3D1%26sectionType%3D1%26pageViewId%3Dd6baf8d2-de9f-4e42-837b-12dc7589cbb1%26t_pvid%3Dd6baf8d2-de9f-4e42-837b-12dc7589cbb1%26userAgent%3DMozilla%252F5.0%2B%2528X11%253B%2BLinux%2Bx86_64%253B%2Brv%253A125.0%2529%2BGecko%252F20100101%2BFirefox%252F125.0%26browser%3D1%26isHuman%3Dtrue%26userIp%3D189.226.196.225%26what%3Ddepartamento%2Bvenustiano%2Bcarranza%26search_terms%3Ddepartamento%2Bvenustiano%2Bcarranza%26origin%3D2%26t_or%3D2%26splitTestId%3D0%26detailPageUrl%3Dhttps%25253A%25252F%25252Fwww.nuroa.com.mx%25252Fadclickdetail%25252F1890003778675781138%25253Fclick_type%25253D0%252526pos%25253D10%252526listingId%25253D1890003778675781138%252526siteStrategyKey%25253Dhttps%2525253A%2525252F%2525252Fwww.nuroa.com.mx%252526url%25253Dhttps%252525253A%252525252F%252525252Frentumo.mx%252525252Flistados%252525252Fdepartamento-en-renta-42938-7e576b6f-90fd-4b61-824b-6d0760571e29%252526searchType%25253D2%252526page%25253D1%252526seo_link_id%25253D1406155784%252526section%25253D1%252526t_sec%25253D1%252526sectionType%25253D1%252526pageViewId%25253Dd6baf8d2-de9f-4e42-837b-12dc7589cbb1%252526t_pvid%25253Dd6baf8d2-de9f-4e42-837b-12dc7589cbb1%252526userAgent%25253DMozilla%2525252F5.0%25252B%25252528X11%2525253B%25252BLinux%25252Bx86_64%2525253B%25252Brv%2525253A125.0%25252529%25252BGecko%2525252F20100101%25252BFirefox%2525252F125.0%252526browser%25253D1%252526isHuman%25253Dtrue%252526userIp%25253D189.226.196.225%252526what%25253Ddepartamento%25252Bvenustiano%25252Bcarranza%252526search_terms%25253Ddepartamento%25252Bvenustiano%25252Bcarranza%252526origin%25253D2%252526t_or%25253D2%252526splitTestId%25253D0%252526clickin%25253Dfalse,nuroa,407.4074074074074
15500.0,departamento,Venustiano Carranza,Ciudad de México,54.0,2.0,1.0,1.0,https://www.nuroa.com.mx/conversion/organic/departamento-venustiano-carranza/1/11/rentumo?siteId=411993&clickType=organic&redirectUrl=https%3A%2F%2Fwww.nuroa.com.mx%2Fproperty%2F2590003781008599421%3Fclick_type%3D0%26pos%3D11%26listingId%3D2590003781008599421%26siteStrategyKey%3Dnuroa.com.mx%26url%3Dhttps%25253A%25252F%25252Frentumo.mx%25252Flistados%25252Fdepartamento-en-renta-moctezuma-2a-secc-venustiano-carranza-ciudad-de-mexico-66985%26searchType%3D2%26page%3D1%26seo_link_id%3D1406155784%26section%3D1%26t_sec%3D1%26sectionType%3D1%26pageViewId%3Dd6baf8d2-de9f-4e42-837b-12dc7589cbb1%26t_pvid%3Dd6baf8d2-de9f-4e42-837b-12dc7589cbb1%26userAgent%3DMozilla%252F5.0%2B%2528X11%253B%2BLinux%2Bx86_64%253B%2Brv%253A125.0%2529%2BGecko%252F20100101%2BFirefox%252F125.0%26browser%3D1%26isHuman%3Dtrue%26userIp%3D189.226.196.225%26what%3Ddepartamento%2Bvenustiano%2Bcarranza%26search_terms%3Ddepartamento%2Bvenustiano%2Bcarranza%26origin%3D2%26t_or%3D2%26splitTestId%3D0%26detailPageUrl%3Dhttps%25253A%25252F%25252Fwww.nuroa.com.mx%25252Fadclickdetail%25252F2590003781008599421%25253Fclick_type%25253D0%252526pos%25253D11%252526listingId%25253D2590003781008599421%252526siteStrategyKey%25253Dhttps%2525253A%2525252F%2525252Fwww.nuroa.com.mx%252526url%25253Dhttps%252525253A%252525252F%252525252Frentumo.mx%252525252Flistados%252525252Fdepartamento-en-renta-moctezuma-2a-secc-venustiano-carranza-ciudad-de-mexico-66985%252526searchType%25253D2%252526page%25253D1%252526seo_link_id%25253D1406155784%252526section%25253D1%252526t_sec%25253D1%252526sectionType%25253D1%252526pageViewId%25253Dd6baf8d2-de9f-4e42-837b-12dc7589cbb1%252526t_pvid%25253Dd6baf8d2-de9f-4e42-837b-12dc7589cbb1%252526userAgent%25253DMozilla%2525252F5.0%25252B%25252528X11%2525253B%25252BLinux%25252Bx86_64%2525253B%25252Brv%2525253A125.0%25252529%25252BGecko%2525252F20100101%25252BFirefox%2525252F125.0%252526browser%25253D1%252526isHuman%25253Dtrue%252526userIp%25253D189.226.196.225%252526what%25253Ddepartamento%25252Bvenustiano%25252Bcarranza%252526search_terms%25253Ddepartamento%25252Bvenustiano%25252Bcarranza%252526origin%25253D2%252526t_or%25253D2%252526splitTestId%25253D0%252526clickin%25253Dfalse,nuroa,287.037037037037
12500.0,departamento,Venustiano Carranza,Ciudad de México,60.0,2.0,1.0,,https://www.nuroa.com.mx/conversion/organic/departamento-venustiano-carranza/1/12/rentumo?siteId=411993&clickType=organic&redirectUrl=https%3A%2F%2Fwww.nuroa.com.mx%2Fproperty%2F5570002780663048808%3Fclick_type%3D0%26pos%3D12%26listingId%3D5570002780663048808%26siteStrategyKey%3Dnuroa.com.mx%26url%3Dhttps%25253A%25252F%25252Frentumo.mx%25252Flistados%25252Fdepartamento-en-renta-col-maza-cuauhtemoc-66173%26searchType%3D2%26page%3D1%26seo_link_id%3D1406155784%26section%3D1%26t_sec%3D1%26sectionType%3D1%26pageViewId%3Dd6baf8d2-de9f-4e42-837b-12dc7589cbb1%26t_pvid%3Dd6baf8d2-de9f-4e42-837b-12dc7589cbb1%26userAgent%3DMozilla%252F5.0%2B%2528X11%253B%2BLinux%2Bx86_64%253B%2Brv%253A125.0%2529%2BGecko%252F20100101%2BFirefox%252F125.0%26browser%3D1%26isHuman%3Dtrue%26userIp%3D189.226.196.225%26what%3Ddepartamento%2Bvenustiano%2Bcarranza%26search_terms%3Ddepartamento%2Bvenustiano%2Bcarranza%26origin%3D2%26t_or%3D2%26splitTestId%3D0%26detailPageUrl%3Dhttps%25253A%25252F%25252Fwww.nuroa.com.mx%25252Fadclickdetail%25252F5570002780663048808%25253Fclick_type%25253D0%252526pos%25253D12%252526listingId%25253D5570002780663048808%252526siteStrategyKey%25253Dhttps%2525253A%2525252F%2525252Fwww.nuroa.com.mx%252526url%25253Dhttps%252525253A%252525252F%252525252Frentumo.mx%252525252Flistados%252525252Fdepartamento-en-renta-col-maza-cuauhtemoc-66173%252526searchType%25253D2%252526page%25253D1%252526seo_link_id%25253D1406155784%252526section%25253D1%252526t_sec%25253D1%252526sectionType%25253D1%252526pageViewId%25253Dd6baf8d2-de9f-4e42-837b-12dc7589cbb1%252526t_pvid%25253Dd6baf8d2-de9f-4e42-837b-12dc7589cbb1%252526userAgent%25253DMozilla%2525252F5.0%25252B%25252528X11%2525253B%25252BLinux%25252Bx86_64%2525253B%25252Brv%2525253A125.0%25252529%25252BGecko%2525252F20100101%25252BFirefox%2525252F125.0%252526browser%25253D1%252526isHuman%25253Dtrue%252526userIp%25253D189.226.196.225%252526what%25253Ddepartamento%25252Bvenustiano%25252Bcarranza%252526search_terms%25253Ddepartamento%25252Bvenustiano%25252Bcarranza%252526origin%25253D2%252526t_or%25253D2%252526splitTestId%25253D0%252526clickin%25253Dfalse,nuroa,208.33333333333334
11500.0,departamento,Venustiano Carranza,Ciudad de México,52.0,2.0,1.0,,https://www.nuroa.com.mx/conversion/organic/departamento-venustiano-carranza/1/13/rentumo?siteId=411993&clickType=organic&redirectUrl=https%3A%2F%2Fwww.nuroa.com.mx%2Fproperty%2F2420003779972128361%3Fclick_type%3D0%26pos%3D13%26listingId%3D2420003779972128361%26siteStrategyKey%3Dnuroa.com.mx%26url%3Dhttps%25253A%25252F%25252Frentumo.mx%25252Flistados%25252Fdepartamento-en-renta-en-proano-20-valle-gomez-czda-guadalupe-av-platino-55782%26searchType%3D2%26page%3D1%26seo_link_id%3D1406155784%26section%3D1%26t_sec%3D1%26sectionType%3D1%26pageViewId%3Dd6baf8d2-de9f-4e42-837b-12dc7589cbb1%26t_pvid%3Dd6baf8d2-de9f-4e42-837b-12dc7589cbb1%26userAgent%3DMozilla%252F5.0%2B%2528X11%253B%2BLinux%2Bx86_64%253B%2Brv%253A125.0%2529%2BGecko%252F20100101%2BFirefox%252F125.0%26browser%3D1%26isHuman%3Dtrue%26userIp%3D189.226.196.225%26what%3Ddepartamento%2Bvenustiano%2Bcarranza%26search_terms%3Ddepartamento%2Bvenustiano%2Bcarranza%26origin%3D2%26t_or%3D2%26splitTestId%3D0%26detailPageUrl%3Dhttps%25253A%25252F%25252Fwww.nuroa.com.mx%25252Fadclickdetail%25252F2420003779972128361%25253Fclick_type%25253D0%252526pos%25253D13%252526listingId%25253D2420003779972128361%252526siteStrategyKey%25253Dhttps%2525253A%2525252F%2525252Fwww.nuroa.com.mx%252526url%25253Dhttps%252525253A%252525252F%252525252Frentumo.mx%252525252Flistados%252525252Fdepartamento-en-renta-en-proano-20-valle-gomez-czda-guadalupe-av-platino-55782%252526searchType%25253D2%252526page%25253D1%252526seo_link_id%25253D1406155784%252526section%25253D1%252526t_sec%25253D1%252526sectionType%25253D1%252526pageViewId%25253Dd6baf8d2-de9f-4e42-837b-12dc7589cbb1%252526t_pvid%25253Dd6baf8d2-de9f-4e42-837b-12dc7589cbb1%252526userAgent%25253DMozilla%2525252F5.0%25252B%25252528X11%2525253B%25252BLinux%25252Bx86_64%2525253B%25252Brv%2525253A125.0%25252529%25252BGecko%2525252F20100101%25252BFirefox%2525252F125.0%252526browser%25253D1%252526isHuman%25253Dtrue%252526userIp%25253D189.226.196.225%252526what%25253Ddepartamento%25252Bvenustiano%25252Bcarranza%252526search_terms%25253Ddepartamento%25252Bvenustiano%25252Bcarranza%252526origin%25253D2%252526t_or%25253D2%252526splitTestId%25253D0%252526clickin%25253Dfalse,nuroa,221.15384615384616
15000.0,departamento,Venustiano Carranza,Ciudad de México,15.0,2.0,2.0,1.0,https://www.nuroa.com.mx/conversion/organic/departamento-venustiano-carranza/1/14/rentumo?siteId=411993&clickType=organic&redirectUrl=https%3A%2F%2Fwww.nuroa.com.mx%2Fproperty%2F3420003778675780043%3Fclick_type%3D0%26pos%3D14%26listingId%3D3420003778675780043%26siteStrategyKey%3Dnuroa.com.mx%26url%3Dhttps%25253A%25252F%25252Frentumo.mx%25252Flistados%25252Frenta-de-departamento-en-la-colonia-moctezuma-venustiano-carranza-cdmx-37724%26searchType%3D2%26page%3D1%26seo_link_id%3D1406155784%26section%3D1%26t_sec%3D1%26sectionType%3D1%26pageViewId%3Dd6baf8d2-de9f-4e42-837b-12dc7589cbb1%26t_pvid%3Dd6baf8d2-de9f-4e42-837b-12dc7589cbb1%26userAgent%3DMozilla%252F5.0%2B%2528X11%253B%2BLinux%2Bx86_64%253B%2Brv%253A125.0%2529%2BGecko%252F20100101%2BFirefox%252F125.0%26browser%3D1%26isHuman%3Dtrue%26userIp%3D189.226.196.225%26what%3Ddepartamento%2Bvenustiano%2Bcarranza%26search_terms%3Ddepartamento%2Bvenustiano%2Bcarranza%26origin%3D2%26t_or%3D2%26splitTestId%3D0%26detailPageUrl%3Dhttps%25253A%25252F%25252Fwww.nuroa.com.mx%25252Fadclickdetail%25252F3420003778675780043%25253Fclick_type%25253D0%252526pos%25253D14%252526listingId%25253D3420003778675780043%252526siteStrategyKey%25253Dhttps%2525253A%2525252F%2525252Fwww.nuroa.com.mx%252526url%25253Dhttps%252525253A%252525252F%252525252Frentumo.mx%252525252Flistados%252525252Frenta-de-departamento-en-la-colonia-moctezuma-venustiano-carranza-cdmx-37724%252526searchType%25253D2%252526page%25253D1%252526seo_link_id%25253D1406155784%252526section%25253D1%252526t_sec%25253D1%252526sectionType%25253D1%252526pageViewId%25253Dd6baf8d2-de9f-4e42-837b-12dc7589cbb1%252526t_pvid%25253Dd6baf8d2-de9f-4e42-837b-12dc7589cbb1%252526userAgent%25253DMozilla%2525252F5.0%25252B%25252528X11%2525253B%25252BLinux%25252Bx86_64%2525253B%25252Brv%2525253A125.0%25252529%25252BGecko%2525252F20100101%25252BFirefox%2525252F125.0%252526browser%25253D1%252526isHuman%25253Dtrue%252526userIp%25253D189.226.196.225%252526what%25253Ddepartamento%25252Bvenustiano%25252Bcarranza%252526search_terms%25253Ddepartamento%25252Bvenustiano%25252Bcarranza%252526origin%25253D2%252526t_or%25253D2%252526splitTestId%25253D0%252526clickin%25253Dfalse,nuroa,1000.0
16000.0,departamento,Venustiano Carranza,Ciudad de México,65.0,3.0,2.0,,https://www.nuroa.com.mx/adform/3870000781116517933?click_type=0&pos=15&listingId=3870000781116517933&siteStrategyKey=https%3A%2F%2Fwww.nuroa.com.mx&url=https%253A%252F%252Fwww.icasas.mx%252FaggregatorDetail%253FadId%253D019eb190-6a58-79ad-9dd7-aa0466a7789b%2526aggregator%253Dmitula%2526utm_content%253D019eb190-6a58-79ad-9dd7-aa0466a7789b_payment&searchType=2&page=1&seo_link_id=1406155784&section=1&t_sec=1&sectionType=1&pageViewId=d6baf8d2-de9f-4e42-837b-12dc7589cbb1&t_pvid=d6baf8d2-de9f-4e42-837b-12dc7589cbb1&userAgent=Mozilla%2F5.0+%28X11%3B+Linux+x86_64%3B+rv%3A125.0%29+Gecko%2F20100101+Firefox%2F125.0&browser=1&isHuman=true&userIp=189.226.196.225&what=departamento+venustiano+carranza&search_terms=departamento+venustiano+carranza&origin=2&t_or=2&splitTestId=0,nuroa,246.15384615384616
11000.0,departamento,Venustiano Carranza,Ciudad de México,51.0,2.0,1.0,1.0,https://www.nuroa.com.mx/adform/5660000781008755171?click_type=0&pos=16&listingId=5660000781008755171&siteStrategyKey=https%3A%2F%2Fwww.nuroa.com.mx&url=https%253A%252F%252Fwww.icasas.mx%252FaggregatorDetail%253FadId%253D019ea896-c783-7434-9e74-f95d96f800f3%2526aggregator%253Dmitula%2526utm_content%253D019ea896-c783-7434-9e74-f95d96f800f3_payment&searchType=2&page=1&seo_link_id=1406155784&section=1&t_sec=1&sectionType=1&pageViewId=d6baf8d2-de9f-4e42-837b-12dc7589cbb1&t_pvid=d6baf8d2-de9f-4e42-837b-12dc7589cbb1&userAgent=Mozilla%2F5.0+%28X11%3B+Linux+x86_64%3B+rv%3A125.0%29+Gecko%2F20100101+Firefox%2F125.0&browser=1&isHuman=true&userIp=189.226.196.225&what=departamento+venustiano+carranza&search_terms=departamento+venustiano+carranza&origin=2&t_or=2&splitTestId=0,nuroa,215.68627450980392
10000.0,departamento,Venustiano Carranza,Ciudad de México,39.0,2.0,1.0,1.0,https://www.nuroa.com.mx/adform/1330000780576816600?click_type=0&pos=21&listingId=1330000780576816600&siteStrategyKey=https%3A%2F%2Fwww.nuroa.com.mx&url=https%253A%252F%252Fwww.icasas.mx%252FaggregatorDetail%253FadId%253D019e8fdf-0b7b-7153-a4c0-16ab2c851296%2526aggregator%253Dmitula%2526utm_content%253D019e8fdf-0b7b-7153-a4c0-16ab2c851296_payment&searchType=2&page=1&seo_link_id=1406155784&section=1&t_sec=1&sectionType=1&pageViewId=d6baf8d2-de9f-4e42-837b-12dc7589cbb1&t_pvid=d6baf8d2-de9f-4e42-837b-12dc7589cbb1&userAgent=Mozilla%2F5.0+%28X11%3B+Linux+x86_64%3B+rv%3A125.0%29+Gecko%2F20100101+Firefox%2F125.0&browser=1&isHuman=true&userIp=189.226.196.225&what=departamento+venustiano+carranza&search_terms=departamento+venustiano+carranza&origin=2&t_or=2&splitTestId=0,nuroa,256.4102564102564
19000.0,departamento,Venustiano Carranza,Ciudad de México,50.0,2.0,1.0,1.0,https://www.nuroa.com.mx/adform/6160000780144683319?click_type=0&pos=24&listingId=6160000780144683319&siteStrategyKey=https%3A%2F%2Fwww.nuroa.com.mx&url=https%253A%252F%252Fwww.icasas.mx%252FaggregatorDetail%253FadId%253D019e7715-aac2-7608-8644-afacfa460725%2526aggregator%253Dmitula%2526utm_content%253D019e7715-aac2-7608-8644-afacfa460725_payment&searchType=2&page=1&seo_link_id=1406155784&section=1&t_sec=1&sectionType=1&pageViewId=d6baf8d2-de9f-4e42-837b-12dc7589cbb1&t_pvid=d6baf8d2-de9f-4e42-837b-12dc7589cbb1&userAgent=Mozilla%2F5.0+%28X11%3B+Linux+x86_64%3B+rv%3A125.0%29+Gecko%2F20100101+Firefox%2F125.0&browser=1&isHuman=true&userIp=189.226.196.225&what=departamento+venustiano+carranza&search_terms=departamento+venustiano+carranza&origin=2&t_or=2&splitTestId=0,nuroa,380.0
7500.0,loft,Venustiano Carranza,Ciudad de México,25.0,1.0,1.0,,https://www.nuroa.com.mx/conversion/organic/departamento-venustiano-carranza/1/25/universoInmuebles?siteId=409913&clickType=organic&redirectUrl=https%3A%2F%2Fwww.nuroa.com.mx%2Fproperty%2F1710002778762460611%3Fclick_type%3D0%26pos%3D25%26listingId%3D1710002778762460611%26siteStrategyKey%3Dnuroa.com.mx%26url%3Dhttps%25253A%25252F%25252Fwww.universoinmuebles.com%25252Fpropiedad%25252Fdepartamento-en-renta-en-20-de-noviembre-con-1-recamara-2_36_106410834_8018680%26searchType%3D2%26page%3D1%26seo_link_id%3D1406155784%26section%3D1%26t_sec%3D1%26sectionType%3D1%26pageViewId%3Dd6baf8d2-de9f-4e42-837b-12dc7589cbb1%26t_pvid%3Dd6baf8d2-de9f-4e42-837b-12dc7589cbb1%26userAgent%3DMozilla%252F5.0%2B%2528X11%253B%2BLinux%2Bx86_64%253B%2Brv%253A125.0%2529%2BGecko%252F20100101%2BFirefox%252F125.0%26browser%3D1%26isHuman%3Dtrue%26userIp%3D189.226.196.225%26what%3Ddepartamento%2Bvenustiano%2Bcarranza%26search_terms%3Ddepartamento%2Bvenustiano%2Bcarranza%26origin%3D2%26t_or%3D2%26splitTestId%3D0%26detailPageUrl%3Dhttps%25253A%25252F%25252Fwww.nuroa.com.mx%25252Fadclickdetail%25252F1710002778762460611%25253Fclick_type%25253D0%252526pos%25253D25%252526listingId%25253D1710002778762460611%252526siteStrategyKey%25253Dhttps%2525253A%2525252F%2525252Fwww.nuroa.com.mx%252526url%25253Dhttps%252525253A%252525252F%252525252Fwww.universoinmuebles.com%252525252Fpropiedad%252525252Fdepartamento-en-renta-en-20-de-noviembre-con-1-recamara-2_36_106410834_8018680%252526searchType%25253D2%252526page%25253D1%252526seo_link_id%25253D1406155784%252526section%25253D1%252526t_sec%25253D1%252526sectionType%25253D1%252526pageViewId%25253Dd6baf8d2-de9f-4e42-837b-12dc7589cbb1%252526t_pvid%25253Dd6baf8d2-de9f-4e42-837b-12dc7589cbb1%252526userAgent%25253DMozilla%2525252F5.0%25252B%25252528X11%2525253B%25252BLinux%25252Bx86_64%2525253B%25252Brv%2525253A125.0%25252529%25252BGecko%2525252F20100101%25252BFirefox%2525252F125.0%252526browser%25253D1%252526isHuman%25253Dtrue%252526userIp%25253D189.226.196.225%252526what%25253Ddepartamento%25252Bvenustiano%25252Bcarranza%252526search_terms%25253Ddepartamento%25252Bvenustiano%25252Bcarranza%252526origin%25253D2%252526t_or%25253D2%252526splitTestId%25253D0%252526clickin%25253Dfalse,nuroa,300.0
17800.0,departamento,Venustiano Carranza,Ciudad de México,50.0,2.0,1.0,,https://www.nuroa.com.mx/adform/6390000779280874545?click_type=1&pos=3&listingId=6390000779280874545&siteStrategyKey=https%3A%2F%2Fwww.nuroa.com.mx&url=https%253A%252F%252Fwww.icasas.mx%252FaggregatorDetail%253FadId%253D019e4180-8fee-76f6-8648-7e87e74ac3d2%2526aggregator%253Dmitula%2526utm_content%253D019e4180-8fee-76f6-8648-7e87e74ac3d2_payment&searchType=2&page=1&seo_link_id=1406155784&section=27&t_sec=27&sectionType=2&pageViewId=d6baf8d2-de9f-4e42-837b-12dc7589cbb1&t_pvid=d6baf8d2-de9f-4e42-837b-12dc7589cbb1&userAgent=Mozilla%2F5.0+%28X11%3B+Linux+x86_64%3B+rv%3A125.0%29+Gecko%2F20100101+Firefox%2F125.0&browser=1&isHuman=true&userIp=189.226.196.225&what=departamento+venustiano+carranza&search_terms=departamento+venustiano+carranza&origin=2&t_or=2&splitTestId=0,nuroa,356.0
16000.0,departamento,Venustiano Carranza,Ciudad de México,100.0,3.0,1.0,,https://www.nuroa.com.mx/adform/2180000781267735659?click_type=1&pos=4&listingId=2180000781267735659&siteStrategyKey=https%3A%2F%2Fwww.nuroa.com.mx&url=https%253A%252F%252Fwww.icasas.mx%252FaggregatorDetail%253FadId%253D019eb9c1-402c-7aa1-8ae0-969bb0c69f55%2526aggregator%253Dmitula%2526utm_content%253D019eb9c1-402c-7aa1-8ae0-969bb0c69f55_payment&searchType=2&page=1&seo_link_id=1406155784&section=27&t_sec=27&sectionType=2&pageViewId=d6baf8d2-de9f-4e42-837b-12dc7589cbb1&t_pvid=d6baf8d2-de9f-4e42-837b-12dc7589cbb1&userAgent=Mozilla%2F5.0+%28X11%3B+Linux+x86_64%3B+rv%3A125.0%29+Gecko%2F20100101+Firefox%2F125.0&browser=1&isHuman=true&userIp=189.226.196.225&what=departamento+venustiano+carranza&search_terms=departamento+venustiano+carranza&origin=2&t_or=2&splitTestId=0,nuroa,160.0
7800.0,loft,Venustiano Carranza,Ciudad de México,25.0,1.0,1.0,,https://www.nuroa.com.mx/conversion/organic/departamento-venustiano-carranza/2/1/universoInmuebles?siteId=409913&clickType=organic&redirectUrl=https%3A%2F%2Fwww.nuroa.com.mx%2Fproperty%2F1790002778762460624%3Fclick_type%3D0%26pos%3D1%26listingId%3D1790002778762460624%26siteStrategyKey%3Dnuroa.com.mx%26url%3Dhttps%25253A%25252F%25252Fwww.universoinmuebles.com%25252Fpropiedad%25252Fdepartamento-en-renta-en-20-de-noviembre-con-1-recamara-2_36_106410895_8025786%26searchType%3D2%26page%3D2%26seo_link_id%3D1406155784%26section%3D1%26t_sec%3D1%26sectionType%3D1%26pageViewId%3D19287f59-e475-41c7-80d1-b73fa454d0ae%26t_pvid%3D19287f59-e475-41c7-80d1-b73fa454d0ae%26userAgent%3DMozilla%252F5.0%2B%2528X11%253B%2BLinux%2Bx86_64%253B%2Brv%253A125.0%2529%2BGecko%252F20100101%2BFirefox%252F125.0%26browser%3D1%26isHuman%3Dtrue%26userIp%3D189.226.196.225%26what%3Ddepartamento%2Bvenustiano%2Bcarranza%26search_terms%3Ddepartamento%2Bvenustiano%2Bcarranza%26origin%3D2%26t_or%3D2%26splitTestId%3D0%26detailPageUrl%3Dhttps%25253A%25252F%25252Fwww.nuroa.com.mx%25252Fadclickdetail%25252F1790002778762460624%25253Fclick_type%25253D0%252526pos%25253D1%252526listingId%25253D1790002778762460624%252526siteStrategyKey%25253Dhttps%2525253A%2525252F%2525252Fwww.nuroa.com.mx%252526url%25253Dhttps%252525253A%252525252F%252525252Fwww.universoinmuebles.com%252525252Fpropiedad%252525252Fdepartamento-en-renta-en-20-de-noviembre-con-1-recamara-2_36_106410895_8025786%252526searchType%25253D2%252526page%25253D2%252526seo_link_id%25253D1406155784%252526section%25253D1%252526t_sec%25253D1%252526sectionType%25253D1%252526pageViewId%25253D19287f59-e475-41c7-80d1-b73fa454d0ae%252526t_pvid%25253D19287f59-e475-41c7-80d1-b73fa454d0ae%252526userAgent%25253DMozilla%2525252F5.0%25252B%25252528X11%2525253B%25252BLinux%25252Bx86_64%2525253B%25252Brv%2525253A125.0%25252529%25252BGecko%2525252F20100101%25252BFirefox%2525252F125.0%252526browser%25253D1%252526isHuman%25253Dtrue%252526userIp%25253D189.226.196.225%252526what%25253Ddepartamento%25252Bvenustiano%25252Bcarranza%252526search_terms%25253Ddepartamento%25252Bvenustiano%25252Bcarranza%252526origin%25253D2%252526t_or%25253D2%252526splitTestId%25253D0%252526clickin%25253Dfalse,nuroa,312.0
8500.0,departamento,Venustiano Carranza,Ciudad de México,50.0,2.0,1.0,,https://www.nuroa.com.mx/conversion/organic/departamento-venustiano-carranza/2/2/casacompara-com-mx?siteId=407109&clickType=organic&redirectUrl=https%3A%2F%2Fwww.nuroa.com.mx%2Fproperty%2F8080001779885309979%3Fclick_type%3D0%26pos%3D2%26listingId%3D8080001779885309979%26siteStrategyKey%3Dnuroa.com.mx%26url%3Dhttps%25253A%25252F%25252Finmuebles.nocnok.com%25252Fpropiedad%25252Fdepartamento-en-renta%25252Fciudad-de-mexico%25252Fvenustiano-carranza%25252Fdel-parque-id-nn-gxs403%25253Fcsid%25253Dtrovit-mx%26searchType%3D2%26page%3D2%26seo_link_id%3D1406155784%26section%3D1%26t_sec%3D1%26sectionType%3D1%26pageViewId%3D19287f59-e475-41c7-80d1-b73fa454d0ae%26t_pvid%3D19287f59-e475-41c7-80d1-b73fa454d0ae%26userAgent%3DMozilla%252F5.0%2B%2528X11%253B%2BLinux%2Bx86_64%253B%2Brv%253A125.0%2529%2BGecko%252F20100101%2BFirefox%252F125.0%26browser%3D1%26isHuman%3Dtrue%26userIp%3D189.226.196.225%26what%3Ddepartamento%2Bvenustiano%2Bcarranza%26search_terms%3Ddepartamento%2Bvenustiano%2Bcarranza%26origin%3D2%26t_or%3D2%26splitTestId%3D0%26detailPageUrl%3Dhttps%25253A%25252F%25252Fwww.nuroa.com.mx%25252Fadclickdetail%25252F8080001779885309979%25253Fclick_type%25253D0%252526pos%25253D2%252526listingId%25253D8080001779885309979%252526siteStrategyKey%25253Dhttps%2525253A%2525252F%2525252Fwww.nuroa.com.mx%252526url%25253Dhttps%252525253A%252525252F%252525252Finmuebles.nocnok.com%252525252Fpropiedad%252525252Fdepartamento-en-renta%252525252Fciudad-de-mexico%252525252Fvenustiano-carranza%252525252Fdel-parque-id-nn-gxs403%252525253Fcsid%252525253Dtrovit-mx%252526searchType%25253D2%252526page%25253D2%252526seo_link_id%25253D1406155784%252526section%25253D1%252526t_sec%25253D1%252526sectionType%25253D1%252526pageViewId%25253D19287f59-e475-41c7-80d1-b73fa454d0ae%252526t_pvid%25253D19287f59-e475-41c7-80d1-b73fa454d0ae%252526userAgent%25253DMozilla%2525252F5.0%25252B%25252528X11%2525253B%25252BLinux%25252Bx86_64%2525253B%25252Brv%2525253A125.0%25252529%25252BGecko%2525252F20100101%25252BFirefox%2525252F125.0%252526browser%25253D1%252526isHuman%25253Dtrue%252526userIp%25253D189.226.196.225%252526what%25253Ddepartamento%25252Bvenustiano%25252Bcarranza%252526search_terms%25253Ddepartamento%25252Bvenustiano%25252Bcarranza%252526origin%25253D2%252526t_or%25253D2%252526splitTestId%25253D0%252526clickin%25253Dfalse,nuroa,170.0
16000.0,departamento,Venustiano Carranza,Ciudad de México,54.0,2.0,2.0,,https://www.nuroa.com.mx/adform/2910000779367112238?click_type=0&pos=3&listingId=2910000779367112238&siteStrategyKey=https%3A%2F%2Fwww.nuroa.com.mx&url=https%253A%252F%252Fwww.icasas.mx%252FaggregatorDetail%253FadId%253D019e46c9-b348-73de-87e1-12912aac7690%2526aggregator%253Dmitula%2526utm_content%253D019e46c9-b348-73de-87e1-12912aac7690_payment&searchType=2&page=2&seo_link_id=1406155784&section=1&t_sec=1&sectionType=1&pageViewId=19287f59-e475-41c7-80d1-b73fa454d0ae&t_pvid=19287f59-e475-41c7-80d1-b73fa454d0ae&userAgent=Mozilla%2F5.0+%28X11%3B+Linux+x86_64%3B+rv%3A125.0%29+Gecko%2F20100101+Firefox%2F125.0&browser=1&isHuman=true&userIp=189.226.196.225&what=departamento+venustiano+carranza&search_terms=departamento+venustiano+carranza&origin=2&t_or=2&splitTestId=0,nuroa,296.2962962962963
7900.0,departamento,Xochimilco,Ciudad de México,55.0,2.0,1.0,,https://www.nuroa.com.mx/conversion/organic/departamento-xochimilco/1/4/doplim-com-mx?siteId=405719&clickType=organic&redirectUrl=https%3A%2F%2Fwww.nuroa.com.mx%2Fproperty%2F3900002753275433763%3Fclick_type%3D0%26pos%3D4%26listingId%3D3900002753275433763%26siteStrategyKey%3Dnuroa.com.mx%26url%3Dhttps%25253A%25252F%25252Fxochimilco.doplim.com.mx%25252Fdepartamento-cerca-del-centro-historico-id-4244316.html%26searchType%3D2%26page%3D1%26seo_link_id%3D1406157448%26section%3D1%26t_sec%3D1%26sectionType%3D1%26pageViewId%3Dad647181-728a-4f24-bb89-e4485cbdecb6%26t_pvid%3Dad647181-728a-4f24-bb89-e4485cbdecb6%26userAgent%3DMozilla%252F5.0%2B%2528Macintosh%253B%2BIntel%2BMac%2BOS%2BX%2B10_15_7%2529%2BAppleWebKit%252F537.36%2B%2528KHTML%252C%2Blike%2BGecko%2529%2BChrome%252F124.0.0.0%2BSafari%252F537.36%26browser%3D1%26isHuman%3Dtrue%26userIp%3D189.226.196.225%26what%3Ddepartamento%2Bxochimilco%26search_terms%3Ddepartamento%2Bxochimilco%26origin%3D2%26t_or%3D2%26splitTestId%3D0%26detailPageUrl%3Dhttps%25253A%25252F%25252Fwww.nuroa.com.mx%25252Fadclickdetail%25252F3900002753275433763%25253Fclick_type%25253D0%252526pos%25253D4%252526listingId%25253D3900002753275433763%252526siteStrategyKey%25253Dhttps%2525253A%2525252F%2525252Fwww.nuroa.com.mx%252526url%25253Dhttps%252525253A%252525252F%252525252Fxochimilco.doplim.com.mx%252525252Fdepartamento-cerca-del-centro-historico-id-4244316.html%252526searchType%25253D2%252526page%25253D1%252526seo_link_id%25253D1406157448%252526section%25253D1%252526t_sec%25253D1%252526sectionType%25253D1%252526pageViewId%25253Dad647181-728a-4f24-bb89-e4485cbdecb6%252526t_pvid%25253Dad647181-728a-4f24-bb89-e4485cbdecb6%252526userAgent%25253DMozilla%2525252F5.0%25252B%25252528Macintosh%2525253B%25252BIntel%25252BMac%25252BOS%25252BX%25252B10_15_7%25252529%25252BAppleWebKit%2525252F537.36%25252B%25252528KHTML%2525252C%25252Blike%25252BGecko%25252529%25252BChrome%2525252F124.0.0.0%25252BSafari%2525252F537.36%252526browser%25253D1%252526isHuman%25253Dtrue%252526userIp%25253D189.226.196.225%252526what%25253Ddepartamento%25252Bxochimilco%252526search_terms%25253Ddepartamento%25252Bxochimilco%252526origin%25253D2%252526t_or%25253D2%252526splitTestId%25253D0%252526clickin%25253Dfalse,nuroa,143.63636363636363
15500.0,departamento,Xochimilco,Ciudad de México,80.0,3.0,2.0,1.0,https://www.nuroa.com.mx/conversion/organic/departamento-xochimilco/1/5/universoInmuebles?siteId=409913&clickType=organic&redirectUrl=https%3A%2F%2Fwww.nuroa.com.mx%2Fproperty%2F4920002775652069580%3Fclick_type%3D0%26pos%3D5%26listingId%3D4920002775652069580%26siteStrategyKey%3Dnuroa.com.mx%26url%3Dhttps%25253A%25252F%25252Fwww.universoinmuebles.com%25252Fpropiedad%25252Fdepartamento-en-renta-en-san-juan-tepepan-con-3-recamaras-2_36_105811061_7923578%26searchType%3D2%26page%3D1%26seo_link_id%3D1406157448%26section%3D1%26t_sec%3D1%26sectionType%3D1%26pageViewId%3Dad647181-728a-4f24-bb89-e4485cbdecb6%26t_pvid%3Dad647181-728a-4f24-bb89-e4485cbdecb6%26userAgent%3DMozilla%252F5.0%2B%2528Macintosh%253B%2BIntel%2BMac%2BOS%2BX%2B10_15_7%2529%2BAppleWebKit%252F537.36%2B%2528KHTML%252C%2Blike%2BGecko%2529%2BChrome%252F124.0.0.0%2BSafari%252F537.36%26browser%3D1%26isHuman%3Dtrue%26userIp%3D189.226.196.225%26what%3Ddepartamento%2Bxochimilco%26search_terms%3Ddepartamento%2Bxochimilco%26origin%3D2%26t_or%3D2%26splitTestId%3D0%26detailPageUrl%3Dhttps%25253A%25252F%25252Fwww.nuroa.com.mx%25252Fadclickdetail%25252F4920002775652069580%25253Fclick_type%25253D0%252526pos%25253D5%252526listingId%25253D4920002775652069580%252526siteStrategyKey%25253Dhttps%2525253A%2525252F%2525252Fwww.nuroa.com.mx%252526url%25253Dhttps%252525253A%252525252F%252525252Fwww.universoinmuebles.com%252525252Fpropiedad%252525252Fdepartamento-en-renta-en-san-juan-tepepan-con-3-recamaras-2_36_105811061_7923578%252526searchType%25253D2%252526page%25253D1%252526seo_link_id%25253D1406157448%252526section%25253D1%252526t_sec%25253D1%252526sectionType%25253D1%252526pageViewId%25253Dad647181-728a-4f24-bb89-e4485cbdecb6%252526t_pvid%25253Dad647181-728a-4f24-bb89-e4485cbdecb6%252526userAgent%25253DMozilla%2525252F5.0%25252B%25252528Macintosh%2525253B%25252BIntel%25252BMac%25252BOS%25252BX%25252B10_15_7%25252529%25252BAppleWebKit%2525252F537.36%25252B%25252528KHTML%2525252C%25252Blike%25252BGecko%25252529%25252BChrome%2525252F124.0.0.0%25252BSafari%2525252F537.36%252526browser%25253D1%252526isHuman%25253Dtrue%252526userIp%25253D189.226.196.225%252526what%25253Ddepartamento%25252Bxochimilco%252526search_terms%25253Ddepartamento%25252Bxochimilco%252526origin%25253D2%252526t_or%25253D2%252526splitTestId%25253D0%252526clickin%25253Dfalse,nuroa,193.75
22000.0,departamento,Álvaro Obregón,Ciudad de México,64.0,2.0,2.0,,https://departamento.mercadolibre.com.mx/MLM-2999714149-departamento-en-renta-a-estrenar-en-grand-tower-centenario-_JM,mercadolibre,343.75
21000.0,departamento,Álvaro Obregón,Ciudad de México,106.0,3.0,3.0,,https://departamento.mercadolibre.com.mx/MLM-5147853992-renta-departamento-totalmente-remodelado-vista-luz-natural-las-aguilas-_JM,mercadolibre,198.11320754716982
38000.0,departamento,Álvaro Obregón,Ciudad de México,155.0,3.0,2.0,,https://departamento.mercadolibre.com.mx/MLM-2976259827-departamento-en-venta-en-centenario-en-alvaro-obregon-en-bio-apartmens-_JM,mercadolibre,245.16129032258064
40000.0,departamento,Álvaro Obregón,Ciudad de México,145.0,3.0,3.0,,https://departamento.mercadolibre.com.mx/MLM-5428291874-renta-departamento-be-grand-san-angel-_JM,mercadolibre,275.86206896551727
32000.0,departamento,Álvaro Obregón,Ciudad de México,61.0,1.0,1.0,,https://departamento.mercadolibre.com.mx/MLM-5479731684-renta-departamento-amueblado-en-city-blue-santa-fe-_JM,mercadolibre,524.5901639344262
30000.0,departamento,Álvaro Obregón,Ciudad de México,100.0,2.0,2.0,,https://departamento.mercadolibre.com.mx/MLM-2995357983-rento-departamento-en-la-colonia-guadalupe-inn-_JM,mercadolibre,300.0
40000.0,departamento,Álvaro Obregón,Ciudad de México,135.0,3.0,3.0,,https://departamento.mercadolibre.com.mx/MLM-2999669961-departamento-en-renta-residencial-blum-santa-fe-_JM,mercadolibre,296.2962962962963
34000.0,departamento,Álvaro Obregón,Ciudad de México,81.0,2.0,2.0,,https://departamento.mercadolibre.com.mx/MLM-5479779072-departamento-en-renta-en-city-blue-santa-fe-_JM,mercadolibre,419.75308641975306
45000.0,departamento,Álvaro Obregón,Ciudad de México,180.0,3.0,3.0,,https://departamento.mercadolibre.com.mx/MLM-5482495624-departamento-en-latelier-santa-fe-_JM,mercadolibre,250.0
25000.0,departamento,Álvaro Obregón,Ciudad de México,45.0,1.0,1.0,,https://departamento.mercadolibre.com.mx/MLM-2996397839-loft-amueblado-en-renta-en-city-blue-santa-fe-_JM,mercadolibre,555.5555555555555
15496.0,departamento,Álvaro Obregón,Ciudad de México,33.0,,1.0,,https://departamento.mercadolibre.com.mx/MLM-5205161886-departamento-loft-en-san-pedro-de-los-pinos-sobre-periferico-_JM,mercadolibre,469.57575757575756
32500.0,departamento,Álvaro Obregón,Ciudad de México,148.0,2.0,2.0,,https://departamento.mercadolibre.com.mx/MLM-5023018018-penthouse-con-rooftop-privado-ermita-tizapan-_JM,mercadolibre,219.59459459459458
24580.0,departamento,Álvaro Obregón,Ciudad de México,63.0,2.0,2.0,,https://departamento.mercadolibre.com.mx/MLM-5205164484-departamento-2-habitaciones-en-san-pedro-de-los-pinos-sobre-periferico-_JM,mercadolibre,390.1587301587302
28000.0,departamento,Álvaro Obregón,Ciudad de México,100.0,2.0,2.0,,https://departamento.mercadolibre.com.mx/MLM-2750251805-renta-departamento-en-altezza-junto-a-televisa-_JM,mercadolibre,280.0
26000.0,departamento,Álvaro Obregón,Ciudad de México,85.0,2.0,2.0,,https://departamento.mercadolibre.com.mx/MLM-2932522545-excelente-departamento-en-renta-citta-san-jeronimo-_JM,mercadolibre,305.88235294117646
37000.0,departamento,Álvaro Obregón,Ciudad de México,120.0,2.0,2.0,,https://departamento.mercadolibre.com.mx/MLM-5353114840-excelente-departamento-pent-garden-en-renta-citta-san-jeronimo-_JM,mercadolibre,308.3333333333333
23000.0,departamento,Álvaro Obregón,Ciudad de México,50.0,1.0,1.0,,https://departamento.mercadolibre.com.mx/MLM-5462571920-renta-loft-en-park-pedregal-_JM,mercadolibre,460.0
58000.0,departamento,Álvaro Obregón,Ciudad de México,240.0,3.0,3.0,,https://departamento.mercadolibre.com.mx/MLM-5473723188-departamento-en-renta-en-santa-fe-con-o-sin-muebles-_JM,mercadolibre,241.66666666666666
32000.0,departamento,Álvaro Obregón,Ciudad de México,107.0,3.0,2.0,,https://departamento.mercadolibre.com.mx/MLM-2954531085-excelente-departamento-en-rentaventa-citta-san-jeronimo-_JM,mercadolibre,299.06542056074767
41000.0,departamento,Álvaro Obregón,Ciudad de México,76.0,2.0,2.0,,https://departamento.mercadolibre.com.mx/MLM-2976364037-departamento-en-renta-en-san-angel-_JM,mercadolibre,539.4736842105264
32000.0,departamento,Álvaro Obregón,Ciudad de México,135.0,4.0,4.0,,https://departamento.mercadolibre.com.mx/MLM-5224419526-departamento-4-habitaciones-35-banos-amueblado-o-sin-_JM,mercadolibre,237.03703703703704
40000.0,departamento,Álvaro Obregón,Ciudad de México,129.0,3.0,2.0,,https://departamento.mercadolibre.com.mx/MLM-5473711900-departamento-en-renta-en-the-point-santa-fe-_JM,mercadolibre,310.07751937984494
22850.0,departamento,Álvaro Obregón,Ciudad de México,80.0,2.0,2.0,,https://departamento.mercadolibre.com.mx/MLM-5338970714-departamento-san-pedro-de-los-pinos-_JM,mercadolibre,285.625
23000.0,departamento,Álvaro Obregón,Ciudad de México,100.0,3.0,2.0,,https://departamento.mercadolibre.com.mx/MLM-5496758738-departamento-en-renta-de-3-recamaras-en-progreso-tizapan-_JM,mercadolibre,230.0
45000.0,departamento,Álvaro Obregón,Ciudad de México,140.0,2.0,2.0,,https://departamento.mercadolibre.com.mx/MLM-3011023519-acabados-de-lujo-planta-baja-con-jardin-privado-_JM,mercadolibre,321.42857142857144
37000.0,departamento,Álvaro Obregón,Ciudad de México,210.0,2.0,2.0,,https://departamento.mercadolibre.com.mx/MLM-2970378989-departamento-garden-renta-citta-san-jeronimo-torres-de-potrero-alvaro-obregon-_JM,mercadolibre,176.1904761904762
40000.0,departamento,Álvaro Obregón,Ciudad de México,150.0,2.0,2.0,,https://departamento.mercadolibre.com.mx/MLM-5373497686-departamento-de-lujo-en-las-flores-_JM,mercadolibre,266.6666666666667
75000.0,departamento,Álvaro Obregón,Ciudad de México,280.0,3.0,5.0,,https://departamento.mercadolibre.com.mx/MLM-2978515325-depa-de-lujo-en-renta-de-3-recamaras-family-3-estacionamientos-_JM,mercadolibre,267.85714285714283
28000.0,departamento,Álvaro Obregón,Ciudad de México,250.0,3.0,3.0,,https://departamento.mercadolibre.com.mx/MLM-2923531911-departamento-en-renta-con-entrada-independiente-y-tres-recamaras-en-villa-verdun-_JM,mercadolibre,112.0
73900.0,departamento,Álvaro Obregón,Ciudad de México,222.0,3.0,3.0,,https://departamento.mercadolibre.com.mx/MLM-2864361913-departamento-en-renta-santa-fe-la-loma-_JM,mercadolibre,332.8828828828829
9000.0,departamento,Álvaro Obregón,Ciudad de México,25.0,1.0,1.0,,https://departamento.mercadolibre.com.mx/MLM-2970361111-loft-a-unos-pasos-de-la-clinica-4-y-8-_JM,mercadolibre,360.0
20000.0,departamento,Álvaro Obregón,Ciudad de México,58.0,1.0,1.0,,https://departamento.mercadolibre.com.mx/MLM-2872570099-departamento-en-bosques-de-tarango-alvaro-obregon-con-1-recamara-58-m-id-169907-_JM,mercadolibre,344.82758620689657
19000.0,departamento,Álvaro Obregón,Ciudad de México,54.0,1.0,1.0,,https://departamento.mercadolibre.com.mx/MLM-2872570093-departamento-en-bosques-de-tarango-alvaro-obregon-con-1-recamara-54-m-id-169905-_JM,mercadolibre,351.85185185185185
25000.0,departamento,Álvaro Obregón,Ciudad de México,30.0,1.0,1.0,,https://departamento.mercadolibre.com.mx/MLM-5227779052-departamento-en-campestre-alvaro-obregon-con-1-recamara-30-m-id-159898-_JM,mercadolibre,833.3333333333334
35000.0,departamento,Álvaro Obregón,Ciudad de México,138.0,2.0,2.0,,https://departamento.mercadolibre.com.mx/MLM-5047451212-departamento-amueblado-y-equipado-en-santa-fe-frente-a-plaza-garden-_JM,mercadolibre,253.6231884057971
22000.0,departamento,Álvaro Obregón,Ciudad de México,110.0,2.0,2.0,,https://departamento.mercadolibre.com.mx/MLM-5482525582-renta-amplio-depa-con-balcon-en-ampliacion-las-aguilas-_JM,mercadolibre,200.0
23000.0,departamento,Álvaro Obregón,Ciudad de México,69.0,2.0,2.0,,https://departamento.mercadolibre.com.mx/MLM-2996580689-departamento-en-renta-a-estrenar-en-grand-tower-centenario-_JM,mercadolibre,333.3333333333333
40000.0,departamento,Álvaro Obregón,Ciudad de México,110.0,3.0,2.0,,https://departamento.mercadolibre.com.mx/MLM-5428291852-renta-departamento-en-park-pedregal-a-estrenar-_JM,mercadolibre,363.6363636363636
27000.0,departamento,Álvaro Obregón,Ciudad de México,140.0,3.0,2.0,,https://departamento.mercadolibre.com.mx/MLM-2899154841-departamento-en-renta-san-pedro-de-los-pinos-_JM,mercadolibre,192.85714285714286
49000.0,departamento,Álvaro Obregón,Ciudad de México,170.0,3.0,3.0,,https://departamento.mercadolibre.com.mx/MLM-2745041217-departamento-en-renta-en-jardines-del-pedregal-_JM,mercadolibre,288.2352941176471
21000.0,departamento,Álvaro Obregón,Ciudad de México,65.0,2.0,3.0,,https://departamento.mercadolibre.com.mx/MLM-5257429684-departamento-en-renta-con-roof-garden-privado-en-san-angel-ermita-tizapan-_JM,mercadolibre,323.0769230769231
50000.0,departamento,Álvaro Obregón,Ciudad de México,170.0,3.0,3.0,,https://departamento.mercadolibre.com.mx/MLM-5364293572-departamento-en-renta-begrand-_JM,mercadolibre,294.11764705882354
22000.0,departamento,Álvaro Obregón,Ciudad de México,78.0,2.0,2.0,,https://departamento.mercadolibre.com.mx/MLM-2951170681-renta-de-departamento-lomas-de-san-angel-inn-cerca-de-itam-_JM,mercadolibre,282.05128205128204
22000.0,departamento,Álvaro Obregón,Ciudad de México,125.0,3.0,3.0,,https://departamento.mercadolibre.com.mx/MLM-2951114805-renta-en-boscoso-residencial-_JM,mercadolibre,176.0
50000.0,departamento,Álvaro Obregón,Ciudad de México,185.0,3.0,3.0,,https://departamento.mercadolibre.com.mx/MLM-5339094626-en-renta-ph-de-lujo-en-black-residence-san-angel-exclusividad-y-confort-_JM,mercadolibre,270.27027027027026
9000.0,departamento,Álvaro Obregón,Ciudad de México,50.0,1.0,1.0,,https://departamento.mercadolibre.com.mx/MLM-5281620598-se-renta-departamento-en-san-bartolo-ameyalco-a-10-minutos-de-santa-fe-_JM,mercadolibre,180.0
25000.0,departamento,Álvaro Obregón,Ciudad de México,80.0,2.0,1.0,,https://departamento.mercadolibre.com.mx/MLM-2737681619-departamento-en-renta-en-chimalistac-_JM,mercadolibre,312.5
20000.0,departamento,Álvaro Obregón,Ciudad de México,83.0,2.0,2.0,,https://departamento.mercadolibre.com.mx/MLM-2901458291-departamento-en-renta-av-tamaulipas-santa-lucia-alvaro-obregon-a-metros-de-santa-fe-_JM,mercadolibre,240.96385542168676
37150.0,departamento,Álvaro Obregón,Ciudad de México,210.0,2.0,2.0,,https://departamento.mercadolibre.com.mx/MLM-2905894793-departamento-garden-renta-citta-san-jeronimo-torres-de-potrero-alvaro-obregon-_JM,mercadolibre,176.9047619047619
63000.0,departamento,Álvaro Obregón,Ciudad de México,252.0,3.0,3.0,,https://departamento.mercadolibre.com.mx/MLM-2850188177-departamento-en-bosque-6060-_JM,mercadolibre,250.0
24650.0,departamento,Álvaro Obregón,Ciudad de México,80.0,2.0,2.0,,https://departamento.mercadolibre.com.mx/MLM-5302720796-departamento-en-renta-en-citta-san-jeronimo-_JM,mercadolibre,308.125
35000.0,departamento,Álvaro Obregón,Ciudad de México,100.0,3.0,3.0,,https://departamento.mercadolibre.com.mx/MLM-5223538534-departamento-amueblado-110-m2-3-recamaras-2-banosc-sala-comedor-cocina-integral-2-estacionamientos-_JM,mercadolibre,350.0
43000.0,departamento,Álvaro Obregón,Ciudad de México,126.0,2.0,2.0,,https://departamento.mercadolibre.com.mx/MLM-2959421837-departamento-125-m2-renta-2-recamaras-2-banos-completos-sala-y-comedor-cocina-integral-cuarto-servicio-banoc-2-estacionamientos-_JM,mercadolibre,341.26984126984127
39900.0,departamento,Álvaro Obregón,Ciudad de México,225.0,3.0,2.0,,https://departamento.mercadolibre.com.mx/MLM-5091408556-departamento-con-roof-garden-en-venta-zona-las-aguilas-_JM,mercadolibre,177.33333333333334
22000.0,departamento,Álvaro Obregón,Ciudad de México,51.0,1.0,1.0,,https://departamento.mercadolibre.com.mx/MLM-5482491640-departamento-en-renta-en-santa-fe-_JM,mercadolibre,431.37254901960785
18500.0,departamento,Álvaro Obregón,Ciudad de México,72.0,3.0,2.0,,https://departamento.mercadolibre.com.mx/MLM-2999495727-departamento-en-renta-carola-toltecas-_JM,mercadolibre,256.94444444444446
30000.0,departamento,Álvaro Obregón,Ciudad de México,72.0,2.0,2.0,,https://departamento.mercadolibre.com.mx/MLM-5479268870-departamento-en-venta-en-the-park-_JM,mercadolibre,416.6666666666667
26499.0,departamento,Álvaro Obregón,Ciudad de México,55.0,2.0,2.0,,https://departamento.mercadolibre.com.mx/MLM-3009540453-departamento-en-renta-en-8-de-agosto-_JM,mercadolibre,481.8
20500.0,departamento,Álvaro Obregón,Ciudad de México,47.0,1.0,1.0,,https://departamento.mercadolibre.com.mx/MLM-3009575593-departamento-en-renta-en-8-de-agosto-_JM,mercadolibre,436.17021276595744
17000.0,departamento,Álvaro Obregón,Ciudad de México,30.0,1.0,1.0,,https://departamento.mercadolibre.com.mx/MLM-3009563087-departamento-en-renta-en-8-de-agosto-_JM,mercadolibre,566.6666666666666
13500.0,departamento,Álvaro Obregón,Ciudad de México,48.0,1.0,1.0,,https://departamento.mercadolibre.com.mx/MLM-5406908852-departamento-en-renta-en-guadalupe-inn-_JM,mercadolibre,281.25
20000.0,departamento,Álvaro Obregón,Ciudad de México,43.0,,1.0,,https://departamento.mercadolibre.com.mx/MLM-2930606425-departamento-en-renta-en-los-alpes-_JM,mercadolibre,465.1162790697674
14500.0,departamento,Álvaro Obregón,Ciudad de México,80.0,1.0,1.0,,https://departamento.mercadolibre.com.mx/MLM-2973659331-departamento-en-renta-san-angel-inn-desierto-de-los-leones-_JM,mercadolibre,181.25
24000.0,departamento,Álvaro Obregón,Ciudad de México,44.0,1.0,1.0,,https://departamento.mercadolibre.com.mx/MLM-2953185547-loft-amueblado-en-city-blue-santa-fe-_JM,mercadolibre,545.4545454545455
40000.0,departamento,Álvaro Obregón,Ciudad de México,145.0,2.0,3.0,,https://departamento.mercadolibre.com.mx/MLM-5395541116-departamento-en-renta-en-tres-cumbres-santa-fe-_JM,mercadolibre,275.86206896551727
43000.0,departamento,Álvaro Obregón,Ciudad de México,155.0,3.0,2.0,,https://departamento.mercadolibre.com.mx/MLM-2912465551-departamento-en-renta-en-santa-fe-_JM,mercadolibre,277.4193548387097
30000.0,departamento,Álvaro Obregón,Ciudad de México,83.0,2.0,2.0,,https://departamento.mercadolibre.com.mx/MLM-2988374533-departamento-en-renta-en-santa-fe-_JM,mercadolibre,361.4457831325301
25000.0,departamento,Álvaro Obregón,Ciudad de México,67.0,2.0,2.0,,https://departamento.mercadolibre.com.mx/MLM-2850399113-departamento-en-renta-en-las-aguilas-_JM,mercadolibre,373.13432835820896
36500.0,departamento,Álvaro Obregón,Ciudad de México,140.0,2.0,2.0,,https://departamento.mercadolibre.com.mx/MLM-5204970780-departamento-en-renta-en-pedregal-_JM,mercadolibre,260.7142857142857
40000.0,departamento,Álvaro Obregón,Ciudad de México,120.0,2.0,2.0,,https://departamento.mercadolibre.com.mx/MLM-2970361263-departamento-en-renta-santa-fe-guillermo-gonzalez-camarena-_JM,mercadolibre,333.3333333333333
40000.0,departamento,Álvaro Obregón,Ciudad de México,146.0,3.0,2.0,,https://departamento.mercadolibre.com.mx/MLM-2962197487-departamento-renta-terre-santa-fe-_JM,mercadolibre,273.972602739726
70000.0,departamento,Álvaro Obregón,Ciudad de México,257.0,3.0,3.0,,https://departamento.mercadolibre.com.mx/MLM-2874606305-departamento-en-venta-olivar-de-los-padres-desierto-de-los-leones-_JM,mercadolibre,272.3735408560311
35000.0,departamento,Álvaro Obregón,Ciudad de México,120.0,3.0,2.0,,https://departamento.mercadolibre.com.mx/MLM-5341670812-departamento-en-renta-en-be-grand-lomas-santa-fe-paseo-de-las-lomas-_JM,mercadolibre,291.6666666666667
27000.0,departamento,Álvaro Obregón,Ciudad de México,92.0,2.0,2.0,,https://departamento.mercadolibre.com.mx/MLM-5289061192-departamento-en-renta-en-olivar-de-los-padres-_JM,mercadolibre,293.4782608695652
17500.0,departamento,Álvaro Obregón,Ciudad de México,55.0,1.0,1.0,,https://departamento.mercadolibre.com.mx/MLM-2945670961-renta-departamento-en-villa-verdun-alvaro-obregon-_JM,mercadolibre,318.1818181818182
22500.0,departamento,Álvaro Obregón,Ciudad de México,74.0,2.0,2.0,,https://departamento.mercadolibre.com.mx/MLM-5264762596-departamento-amueblado-en-renta-en-grand-tower-centenario-_JM,mercadolibre,304.05405405405406
70000.0,departamento,Álvaro Obregón,Ciudad de México,270.0,3.0,2.0,,https://departamento.mercadolibre.com.mx/MLM-2855963343-mediterranea-la-mejor-vista-de-santa-fe-_JM,mercadolibre,259.25925925925924
30000.0,departamento,Álvaro Obregón,Ciudad de México,90.0,2.0,2.0,,https://departamento.mercadolibre.com.mx/MLM-5315050468-departamento-en-renta-en-cosmocrat-santa-fe-santa-fe-con-balcon-_JM,mercadolibre,333.3333333333333
55000.0,departamento,Álvaro Obregón,Ciudad de México,198.0,3.0,3.0,,https://departamento.mercadolibre.com.mx/MLM-5402560198-departamento-en-renta-santa-fe-punta-del-parque-disponibilidad-inmediata-_JM,mercadolibre,277.77777777777777
50300.0,departamento,Álvaro Obregón,Ciudad de México,150.0,3.0,3.0,,https://departamento.mercadolibre.com.mx/MLM-5025754624-departamento-en-renta-en-lomas-de-santa-fe-_JM,mercadolibre,335.3333333333333
25000.0,departamento,Álvaro Obregón,Ciudad de México,50.0,1.0,1.0,,https://departamento.mercadolibre.com.mx/MLM-5161599138-santa-fe-blum-ll-renta-departamento-con-terraza-_JM,mercadolibre,500.0
85000.0,departamento,Álvaro Obregón,Ciudad de México,305.0,3.0,3.0,,https://departamento.mercadolibre.com.mx/MLM-2901817517-departamento-renta-santa-fe-la-loma-_JM,mercadolibre,278.6885245901639
100000.0,departamento,Álvaro Obregón,Ciudad de México,267.0,3.0,3.0,,https://departamento.mercadolibre.com.mx/MLM-5444636996-departamento-renta-la-loma-santa-fe-_JM,mercadolibre,374.53183520599254
22000.0,departamento,Álvaro Obregón,Ciudad de México,63.0,2.0,2.0,,https://departamento.mercadolibre.com.mx/MLM-5187315260-departamento-en-renta-en-grand-tower-centenario-lomas-de-tarango-_JM,mercadolibre,349.2063492063492
30000.0,departamento,Álvaro Obregón,Ciudad de México,64.0,1.0,1.0,,https://departamento.mercadolibre.com.mx/MLM-5252261328-city-blue-depto-en-renta-a-1-cuadra-de-la-ibero-_JM,mercadolibre,468.75
17500.0,departamento,Álvaro Obregón,Ciudad de México,43.0,1.0,1.0,,https://departamento.mercadolibre.com.mx/MLM-2929560371-departamento-en-renta-en-grand-tower-centenario-_JM,mercadolibre,406.9767441860465
70000.0,departamento,Álvaro Obregón,Ciudad de México,260.0,3.0,4.0,,https://departamento.mercadolibre.com.mx/MLM-2867746013-bosque-6060-departamento-de-3-recamaras-en-renta-_JM,mercadolibre,269.2307692307692
25000.0,departamento,Álvaro Obregón,Ciudad de México,70.0,2.0,2.0,,https://departamento.mercadolibre.com.mx/MLM-5264764492-departamento-en-renta-en-grand-tower-centenario-_JM,mercadolibre,357.14285714285717
28000.0,departamento,Álvaro Obregón,Ciudad de México,53.0,1.0,1.0,,https://departamento.mercadolibre.com.mx/MLM-5390366236-renta-loft-amueblado-en-city-blue-_JM,mercadolibre,528.3018867924528
30000.0,departamento,Álvaro Obregón,Ciudad de México,91.0,3.0,2.0,,https://departamento.mercadolibre.com.mx/MLM-2916462631-departamento-en-renta-en-grand-tower-centenario-_JM,mercadolibre,329.6703296703297
32500.0,departamento,Álvaro Obregón,Ciudad de México,76.0,2.0,2.0,,https://departamento.mercadolibre.com.mx/MLM-5450697048-departamento-en-renta-en-icon-beyond-con-vista-a-la-ciudad-_JM,mercadolibre,427.63157894736844
60000.0,departamento,Álvaro Obregón,Ciudad de México,201.0,2.0,2.0,,https://departamento.mercadolibre.com.mx/MLM-3006614935-departamento-en-renta-en-city-santa-fe-torre-amsterdam-con-terraza-sin-muebles-_JM,mercadolibre,298.5074626865672
63000.0,departamento,Álvaro Obregón,Ciudad de México,160.0,3.0,3.0,,https://departamento.mercadolibre.com.mx/MLM-3006588391-departamento-en-renta-en-be-grand-san-angel-tizapan-progreso-_JM,mercadolibre,393.75
8000.0,departamento,Álvaro Obregón,Ciudad de México,75.0,1.0,1.0,,https://departamento.mercadolibre.com.mx/MLM-5497786880-se-renta-habitacion-a-roomie-en-tizapan-san-angel-alvaro-obregon-_JM,mercadolibre,106.66666666666667
28200.0,departamento,Álvaro Obregón,Ciudad de México,110.0,3.0,2.0,,https://departamento.mercadolibre.com.mx/MLM-2996083555-departamento-en-renta-col-olivar-de-los-padres-alvaro-obregon-_JM,mercadolibre,256.3636363636364
20000.0,departamento,Álvaro Obregón,Ciudad de México,69.0,2.0,2.0,,https://departamento.mercadolibre.com.mx/MLM-3008753893-departamento-en-venta-carola-san-pedro-de-los-pinos-_JM,mercadolibre,289.8550724637681
27500.0,departamento,Álvaro Obregón,Ciudad de México,140.0,3.0,2.0,,https://departamento.mercadolibre.com.mx/MLM-5478273454-departamento-en-renta-desierto-de-los-leones-tetelpan-alvaro-obregon-_JM,mercadolibre,196.42857142857142
35000.0,departamento,Álvaro Obregón,Ciudad de México,110.0,3.0,2.0,,https://departamento.mercadolibre.com.mx/MLM-3001566437-departamento-en-vita-park-en-venta-o-renta-con-balcon-y-bodega-carola-alvaro-o-_JM,mercadolibre,318.1818181818182
27500.0,departamento,Álvaro Obregón,Ciudad de México,80.0,2.0,2.0,,https://departamento.mercadolibre.com.mx/MLM-2999706353-renta-hermoso-departamento-en-icon-san-angel-_JM,mercadolibre,343.75
16000.0,departamento,Álvaro Obregón,Ciudad de México,81.0,2.0,2.0,,https://departamento.mercadolibre.com.mx/MLM-3010872945-departamento-en-renta-en-colinas-del-sur-a-5-minutos-de-portal-centenario-_JM,mercadolibre,197.53086419753086
18000.0,departamento,Álvaro Obregón,Ciudad de México,41.0,1.0,1.0,,https://departamento.mercadolibre.com.mx/MLM-2800777959-loft-con-balcon-en-renta-en-spazio-torre-inn-guadalupe-inn-_JM,mercadolibre,439.0243902439024
35500.0,departamento,Álvaro Obregón,Ciudad de México,160.0,3.0,4.0,,https://departamento.mercadolibre.com.mx/MLM-4972468788-departamento-en-renta-160m-3-recamaras-3-estacionamientos-_JM,mercadolibre,221.875
27000.0,departamento,Álvaro Obregón,Ciudad de México,160.0,3.0,2.0,,https://departamento.mercadolibre.com.mx/MLM-2926388087-departamento-en-renta-en-tizapan-san-angel-_JM,mercadolibre,168.75
22000.0,departamento,Álvaro Obregón,Ciudad de México,104.0,3.0,2.0,,https://departamento.mercadolibre.com.mx/MLM-5402181352-departamento-en-renta-en-merced-gomez-_JM,mercadolibre,211.53846153846155
77000.0,departamento,Álvaro Obregón,Ciudad de México,267.0,3.0,3.0,,https://departamento.mercadolibre.com.mx/MLM-5030455112-departamento-en-renta-en-be-grand-san-angel-_JM,mercadolibre,288.3895131086142
27500.0,departamento,Álvaro Obregón,Ciudad de México,60.0,1.0,1.0,,https://departamento.mercadolibre.com.mx/MLM-5310023600-renta-departamento-nuevo-en-blum-santa-fe-_JM,mercadolibre,458.3333333333333
19502.0,departamento,Álvaro Obregón,Ciudad de México,53.0,1.0,1.0,,https://departamento.mercadolibre.com.mx/MLM-2872620763-departamento-1-habitacion-en-san-pedro-de-los-pinos-sobre-periferico-_JM,mercadolibre,367.9622641509434
55000.0,departamento,Álvaro Obregón,Ciudad de México,175.0,3.0,2.0,,https://departamento.mercadolibre.com.mx/MLM-2973678121-departamento-en-renta-en-santa-fe-edificio-h2o-amueblado-m2d3274-_JM,mercadolibre,314.2857142857143
22500.0,departamento,Azcapotzalco,Ciudad de México,73.0,3.0,2.0,,https://departamento.mercadolibre.com.mx/MLM-5357408406-departamento-en-renta-a-10-minutos-hospital-la-raza-_JM,mercadolibre,308.2191780821918
3500.0,departamento,Azcapotzalco,Ciudad de México,12.0,1.0,1.0,,https://departamento.mercadolibre.com.mx/MLM-4619638396-habitacion-en-renta-en-azcapotzalco-_JM,mercadolibre,291.6666666666667
15000.0,departamento,Azcapotzalco,Ciudad de México,60.0,2.0,1.0,,https://departamento.mercadolibre.com.mx/MLM-2973903655-departamento-en-renta-en-azcapotzalco-_JM,mercadolibre,250.0
18500.0,departamento,Azcapotzalco,Ciudad de México,80.0,2.0,2.0,,https://departamento.mercadolibre.com.mx/MLM-2973756711-departamento-en-renta-en-col-claveria-_JM,mercadolibre,231.25
16200.0,departamento,Azcapotzalco,Ciudad de México,68.0,2.0,1.0,,https://departamento.mercadolibre.com.mx/MLM-5466008536-departamento-en-renta-en-santa-lucia-_JM,mercadolibre,238.23529411764707
22000.0,departamento,Azcapotzalco,Ciudad de México,64.0,3.0,2.0,,https://departamento.mercadolibre.com.mx/MLM-2937316997-departamento-nuevo-y-completamente-amueblado-en-renta-azcapotzalco-_JM,mercadolibre,343.75
9000.0,departamento,Azcapotzalco,Ciudad de México,20.0,1.0,1.0,,https://departamento.mercadolibre.com.mx/MLM-2923452623-loft-moderno-equipado-excelente-ubicacion-vallejo-y-circuito-_JM,mercadolibre,450.0
17000.0,departamento,Azcapotzalco,Ciudad de México,60.0,2.0,1.0,,https://departamento.mercadolibre.com.mx/MLM-5420077740-departamento-en-renta-membrillo-nueva-santa-maria-azcapotzalco-_JM,mercadolibre,283.3333333333333
10000.0,departamento,Azcapotzalco,Ciudad de México,15.0,1.0,1.0,,https://departamento.mercadolibre.com.mx/MLM-2989773311-suite-amueblada-en-renta-membrillo-nueva-santa-maria-azcapotzalco-_JM,mercadolibre,666.6666666666666
23500.0,departamento,Azcapotzalco,Ciudad de México,58.0,2.0,2.0,,https://departamento.mercadolibre.com.mx/MLM-5445239304-departamento-con-roof-garden-en-renta-en-industrial-vallejo-_JM,mercadolibre,405.17241379310343
13200.0,departamento,Azcapotzalco,Ciudad de México,54.0,2.0,1.0,,https://departamento.mercadolibre.com.mx/MLM-5481279712-renta-departamento-azcapotzalco-el-jaguey-_JM,mercadolibre,244.44444444444446
9300.0,departamento,Azcapotzalco,Ciudad de México,59.0,2.0,1.0,,https://departamento.mercadolibre.com.mx/MLM-3005767307-departamento-en-renta-en-san-juan-tlihuaca-azcapotzalco-ciudad-de-mexico-_JM,mercadolibre,157.6271186440678
13990.0,departamento,Azcapotzalco,Ciudad de México,44.0,2.0,1.0,,https://departamento.mercadolibre.com.mx/MLM-5281776928-departamento-en-renta-en-aquiles-serdan-azcapotzalco-cdmx-_JM,mercadolibre,317.95454545454544
12500.0,departamento,Azcapotzalco,Ciudad de México,50.0,2.0,1.0,,https://departamento.mercadolibre.com.mx/MLM-2926127935-departamento-en-renta-en-colonia-del-gas-azcapotzalco-ciudad-de-mexico-_JM,mercadolibre,250.0
19500.0,departamento,Azcapotzalco,Ciudad de México,80.0,2.0,2.0,,https://departamento.mercadolibre.com.mx/MLM-2798152143-departamento-en-renta-azcapotzalco-_JM,mercadolibre,243.75
17500.0,departamento,Azcapotzalco,Ciudad de México,95.0,2.0,2.0,,https://departamento.mercadolibre.com.mx/MLM-5286882128-mvt-renta-de-departamento-en-san-isidro-alcaldia-azcapotzalco-_JM,mercadolibre,184.21052631578948
13000.0,departamento,Azcapotzalco,Ciudad de México,70.0,2.0,2.0,,https://departamento.mercadolibre.com.mx/MLM-2934961543-renta-departamento-2-ambientes-san-juan-tlihuaca-_JM,mercadolibre,185.71428571428572
12500.0,departamento,Azcapotzalco,Ciudad de México,75.0,2.0,1.0,,https://departamento.mercadolibre.com.mx/MLM-2976448003-renta-departamento-2-ambientes-victoria-de-las-democracias-_JM,mercadolibre,166.66666666666666
24000.0,departamento,Azcapotzalco,Ciudad de México,92.0,2.0,2.0,,https://departamento.mercadolibre.com.mx/MLM-5118625978-renta-departamento-2-ambientes-del-gas-_JM,mercadolibre,260.8695652173913
14000.0,departamento,Azcapotzalco,Ciudad de México,57.0,2.0,1.0,,https://departamento.mercadolibre.com.mx/MLM-2969646049-renta-departamentos-angel-zimbron-t-df0076-0706-_JM,mercadolibre,245.6140350877193
20000.0,departamento,Azcapotzalco,Ciudad de México,85.0,3.0,1.0,,https://departamento.mercadolibre.com.mx/MLM-2911244789-renta-departamentos-nueva-santa-maria-_JM,mercadolibre,235.2941176470588
16500.0,departamento,Azcapotzalco,Ciudad de México,59.0,2.0,1.0,,https://departamento.mercadolibre.com.mx/MLM-2993141741-san-isidro-588-_JM,mercadolibre,279.66101694915255
14900.0,departamento,Azcapotzalco,Ciudad de México,60.0,2.0,1.0,,https://departamento.mercadolibre.com.mx/MLM-2867656333-renta-de-departamento-azcapotzalco-2-recamaras-a-5-min-de-uam-y-metro-el-rosario-_JM,mercadolibre,248.33333333333334
14000.0,departamento,Azcapotzalco,Ciudad de México,70.0,1.0,2.0,,https://departamento.mercadolibre.com.mx/MLM-2956702019-departamento-en-renta-_JM,mercadolibre,200.0
13000.0,departamento,Azcapotzalco,Ciudad de México,50.0,2.0,1.0,,https://departamento.mercadolibre.com.mx/MLM-5178663530-departamento-en-renta-con-roof-garden-privado-o-terraza-en-real-de-san-martin-103-colonia-santa-barbara-alcaldia-azcapotzalco-cdmx-_JM,mercadolibre,260.0
14000.0,departamento,Azcapotzalco,Ciudad de México,50.0,2.0,1.0,,https://departamento.mercadolibre.com.mx/MLM-5178663552-departamento-en-renta-con-roof-garden-privado-o-terraza-en-real-de-san-martin-103-colonia-santa-barbara-alcaldia-azcapotzalco-cdmx-_JM,mercadolibre,280.0
16500.0,departamento,Azcapotzalco,Ciudad de México,65.0,2.0,2.0,,https://departamento.mercadolibre.com.mx/MLM-2993259555-departamento-en-tres-lagos-fase-2-cuenta-con-2-recamaras-2-banos-completos-espacio-sala-comedor-cocina-integral-zotehuela-1-cajon-de-estacionamiento-incluye-mantenimiento-_JM,mercadolibre,253.84615384615384
6500.0,departamento,Azcapotzalco,Ciudad de México,30.0,2.0,1.0,,https://departamento.mercadolibre.com.mx/MLM-5501537672-departamento-en-renta-en-col-prohogar-azcapotzalco-6500-2-recamara-y-1-bano-_JM,mercadolibre,216.66666666666666
12500.0,departamento,Azcapotzalco,Ciudad de México,80.0,2.0,1.0,,https://departamento.mercadolibre.com.mx/MLM-2980230681-renta-de-departamento-2-recamaras-la-providencia-azcapotzalco-80-m2-_JM,mercadolibre,156.25
14500.0,departamento,Azcapotzalco,Ciudad de México,55.0,2.0,2.0,,https://departamento.mercadolibre.com.mx/MLM-2985536279-departamento-en-renta-en-cerrada-de-las-granjas-_JM,mercadolibre,263.6363636363636
10200.0,departamento,Azcapotzalco,Ciudad de México,90.0,3.0,1.0,,https://departamento.mercadolibre.com.mx/MLM-3011023441-se-renta-amplio-departamento-en-azcapotzalco-_JM,mercadolibre,113.33333333333333
15500.0,departamento,Azcapotzalco,Ciudad de México,110.0,2.0,1.0,,https://departamento.mercadolibre.com.mx/MLM-3011038461-nuevo-elevador-vigilancia-cuarto-de-lavado-2-cuartos-roof-garden-_JM,mercadolibre,140.9090909090909
9900.0,departamento,Azcapotzalco,Ciudad de México,59.0,2.0,1.0,,https://departamento.mercadolibre.com.mx/MLM-5510399314-departamento-en-renta-en-san-martin-xochinahuac-azcapotzalco-ciudad-de-mexico-_JM,mercadolibre,167.79661016949152
15000.0,departamento,Azcapotzalco,Ciudad de México,55.0,2.0,1.0,,https://departamento.mercadolibre.com.mx/MLM-3013886003-departamento-en-renta-azcapotzalco-_JM,mercadolibre,272.72727272727275
9500.0,departamento,Azcapotzalco,Ciudad de México,40.0,1.0,1.0,,https://departamento.mercadolibre.com.mx/MLM-5510551206-pequeno-departamento-en-renta-en-av-cuitlahuac-_JM,mercadolibre,237.5
12000.0,departamento,Azcapotzalco,Ciudad de México,75.0,3.0,1.0,,https://departamento.mercadolibre.com.mx/MLM-3013888273-cocina-nueva-boiler-nuevo-piso-parket-amplio-mucha-luz-_JM,mercadolibre,160.0
25000.0,departamento,Benito Juárez,Ciudad de México,69.0,2.0,2.0,,https://departamento.mercadolibre.com.mx/MLM-2999419767-departamento-en-renta-en-eje-central-lazaro-cardenas-ninos-heroes-_JM,mercadolibre,362.3188405797101
35000.0,departamento,Benito Juárez,Ciudad de México,116.0,3.0,2.0,,https://departamento.mercadolibre.com.mx/MLM-3011021567-renta-departamento-con-balcon-excelente-ubicacion-en-la-napoles--_JM,mercadolibre,301.7241379310345
33150.0,departamento,Benito Juárez,Ciudad de México,58.0,1.0,1.0,,https://departamento.mercadolibre.com.mx/MLM-5474424480-departamentos-en-renta-sin-aval-col-napoles-benito-juarez-cdmx-ciudad-de-mexico-_JM,mercadolibre,571.551724137931
26000.0,departamento,Benito Juárez,Ciudad de México,92.0,2.0,2.0,,https://departamento.mercadolibre.com.mx/MLM-4460887746-departamento-en-renta-en-narvarte-_JM,mercadolibre,282.60869565217394
30000.0,departamento,Benito Juárez,Ciudad de México,110.0,2.0,2.0,,https://departamento.mercadolibre.com.mx/MLM-5288245566-departamento-en-renta-colonia-del-valle-_JM,mercadolibre,272.72727272727275
26500.0,departamento,Benito Juárez,Ciudad de México,85.0,2.0,2.0,,https://departamento.mercadolibre.com.mx/MLM-2914377195-departamento-nuevo-exterior-en-nonoalco-_JM,mercadolibre,311.7647058823529
32000.0,departamento,Benito Juárez,Ciudad de México,135.0,3.0,2.0,,https://departamento.mercadolibre.com.mx/MLM-2878019417-juan-sanchez-azcona-1645-_JM,mercadolibre,237.03703703703704
19500.0,departamento,Benito Juárez,Ciudad de México,45.0,1.0,1.0,,https://departamento.mercadolibre.com.mx/MLM-5461183170-loft-nomada-en-del-valle-completo-roof-top-_JM,mercadolibre,433.3333333333333
27000.0,departamento,Benito Juárez,Ciudad de México,90.0,2.0,2.0,,https://departamento.mercadolibre.com.mx/MLM-2932015977-departamento-en-renta-narvarte-_JM,mercadolibre,300.0
58000.0,departamento,Benito Juárez,Ciudad de México,158.0,3.0,4.0,,https://departamento.mercadolibre.com.mx/MLM-2941406237-departamento-en-renta-en-del-valle-sur-_JM,mercadolibre,367.0886075949367
32000.0,departamento,Benito Juárez,Ciudad de México,140.0,2.0,2.0,,https://departamento.mercadolibre.com.mx/MLM-5449378394-departamento-en-renta-narvarte-con-roof-privado-_JM,mercadolibre,228.57142857142858
20000.0,departamento,Benito Juárez,Ciudad de México,65.0,2.0,2.0,,https://departamento.mercadolibre.com.mx/MLM-2967811917-estrena-departamento-en-la-col-alamos-_JM,mercadolibre,307.6923076923077
29500.0,departamento,Benito Juárez,Ciudad de México,68.0,1.0,1.0,,https://departamento.mercadolibre.com.mx/MLM-5428506944-renta-exclusivo-departamento-tipo-loft-en-mitikah-torre-residencial-_JM,mercadolibre,433.8235294117647
70000.0,departamento,Benito Juárez,Ciudad de México,190.0,3.0,3.0,,https://departamento.mercadolibre.com.mx/MLM-5428506890-renta-departamento-mitikah-torre-residencial-xoco-benito-juarez-_JM,mercadolibre,368.42105263157896
32000.0,departamento,Benito Juárez,Ciudad de México,68.0,1.0,1.0,,https://departamento.mercadolibre.com.mx/MLM-5428292056-renta-departamento-mitikah-torre-residencial-xoco-benito-juarez-_JM,mercadolibre,470.5882352941176
58000.0,departamento,Benito Juárez,Ciudad de México,144.0,3.0,2.0,,https://departamento.mercadolibre.com.mx/MLM-5428240916-renta-departamento-be-grand-del-valle-_JM,mercadolibre,402.77777777777777
26500.0,departamento,Benito Juárez,Ciudad de México,72.0,2.0,2.0,,https://departamento.mercadolibre.com.mx/MLM-2979159113-renta-departamento-en-narvarte-amueblado-_JM,mercadolibre,368.05555555555554
17000.0,departamento,Benito Juárez,Ciudad de México,40.0,1.0,1.0,,https://departamento.mercadolibre.com.mx/MLM-5428291850-renta-departamento-tipo-loft-opcion-renta-amueblado-excelente-ubicacion-_JM,mercadolibre,425.0
33500.0,departamento,Benito Juárez,Ciudad de México,82.0,1.0,1.0,,https://departamento.mercadolibre.com.mx/MLM-5428240936-renta-exclusivo-departamento-en-mitikah-torre-residencial-_JM,mercadolibre,408.5365853658537
20000.0,departamento,Benito Juárez,Ciudad de México,48.0,1.0,1.0,,https://departamento.mercadolibre.com.mx/MLM-5428150482-renta-de-departamento-en-narvarte-_JM,mercadolibre,416.6666666666667
18500.0,departamento,Benito Juárez,Ciudad de México,50.0,1.0,1.0,,https://departamento.mercadolibre.com.mx/MLM-5428150510-renta-departamento-opcion-renta-amueblado-excelente-ubicacion-_JM,mercadolibre,370.0
25100.0,departamento,Benito Juárez,Ciudad de México,65.0,2.0,2.0,,https://departamento.mercadolibre.com.mx/MLM-5428506730-renta-departamento-opcion-renta-amueblado-excelente-ubicacion-_JM,mercadolibre,386.15384615384613
31500.0,departamento,Benito Juárez,Ciudad de México,120.0,3.0,2.0,,https://departamento.mercadolibre.com.mx/MLM-5479754916-renta-departamento-colonia-del-valle-120-m2-piso-5-_JM,mercadolibre,262.5
18500.0,departamento,Benito Juárez,Ciudad de México,70.0,2.0,2.0,,https://departamento.mercadolibre.com.mx/MLM-2999521551-departamento-en-renta-con-terraza-_JM,mercadolibre,264.2857142857143
37000.0,departamento,Benito Juárez,Ciudad de México,98.0,3.0,2.0,,https://departamento.mercadolibre.com.mx/MLM-2996402665-departamento-en-renta-city-towers-green-_JM,mercadolibre,377.55102040816325
36000.0,departamento,Benito Juárez,Ciudad de México,103.0,1.0,1.0,,https://departamento.mercadolibre.com.mx/MLM-2996397837-renta-departamento-loft-en-city-towers-black-_JM,mercadolibre,349.5145631067961
40000.0,departamento,Benito Juárez,Ciudad de México,76.0,2.0,2.0,,https://departamento.mercadolibre.com.mx/MLM-5479779082-departamento-en-renta-en-city-towers-black-_JM,mercadolibre,526.3157894736842
40000.0,departamento,Benito Juárez,Ciudad de México,98.0,3.0,2.0,,https://departamento.mercadolibre.com.mx/MLM-5479731676-departamento-amueblado-en-renta-en-grand-tower-del-valle-_JM,mercadolibre,408.16326530612247
33500.0,departamento,Benito Juárez,Ciudad de México,80.0,1.0,1.0,,https://departamento.mercadolibre.com.mx/MLM-5479755254-departamento-en-renta-en-mitikah-_JM,mercadolibre,418.75
18000.0,departamento,Benito Juárez,Ciudad de México,80.0,2.0,1.0,,https://departamento.mercadolibre.com.mx/MLM-5148089460-departamento-en-renta-en-nochebuena-benito-juarez-_JM,mercadolibre,225.0
23430.0,departamento,Benito Juárez,Ciudad de México,45.0,1.0,1.0,,https://departamento.mercadolibre.com.mx/MLM-5100350094-departamento-en-renta-en-napoles-cdmx-wtc-_JM,mercadolibre,520.6666666666666
23430.0,departamento,Benito Juárez,Ciudad de México,40.0,1.0,1.0,,https://departamento.mercadolibre.com.mx/MLM-2831356023-departamento-en-renta-en-napoles-cdmx-a-2-calles-del-wtc-_JM,mercadolibre,585.75
25330.0,departamento,Benito Juárez,Ciudad de México,55.0,2.0,1.0,,https://departamento.mercadolibre.com.mx/MLM-2831354959-renta-departamento-en-la-de-valle-_JM,mercadolibre,460.54545454545456
20000.0,departamento,Benito Juárez,Ciudad de México,61.0,2.0,1.0,,https://departamento.mercadolibre.com.mx/MLM-5157884120-departamento-en-renta-colonia-merced-gomez-benito-juarez-_JM,mercadolibre,327.8688524590164
19000.0,departamento,Benito Juárez,Ciudad de México,70.0,1.0,1.0,,https://departamento.mercadolibre.com.mx/MLM-2878055509-renta-departamento-muy-iluminado-y-amplio-1-recamara-estancia-amplia-cocina-area-de-lavado-1-estacionamiento-y-una-terraza-super-grande-el-precio-y-incluye-los-servivios-luz-gas-y-agua-_JM,mercadolibre,271.42857142857144
37000.0,departamento,Benito Juárez,Ciudad de México,148.0,3.0,3.0,,https://departamento.mercadolibre.com.mx/MLM-2909149111-espectacular-penthouse-de-dos-niveles-junto-a-la-universidad-panamericana-_JM,mercadolibre,250.0
23500.0,departamento,Benito Juárez,Ciudad de México,80.0,2.0,2.0,,https://departamento.mercadolibre.com.mx/MLM-2913704519-departamento-en-renta-primer-piso-portales-norte-benito-juarez-cdmx-_JM,mercadolibre,293.75
28000.0,departamento,Benito Juárez,Ciudad de México,112.0,3.0,2.0,,https://departamento.mercadolibre.com.mx/MLM-5107294074-increible-e-iluminado-departamento-de-3-recamaras-_JM,mercadolibre,250.0
25000.0,departamento,Benito Juárez,Ciudad de México,86.0,2.0,2.0,,https://departamento.mercadolibre.com.mx/MLM-2967889077-departamento-amueblado-en-narvarte-de-2-recamaras-_JM,mercadolibre,290.69767441860466
31000.0,departamento,Benito Juárez,Ciudad de México,70.0,2.0,2.0,,https://departamento.mercadolibre.com.mx/MLM-2962337213-departamento-en-indiana-colonia-napoles-benito-juarez-_JM,mercadolibre,442.85714285714283
28500.0,departamento,Benito Juárez,Ciudad de México,94.0,2.0,2.0,,https://departamento.mercadolibre.com.mx/MLM-5287874080-depto-a-una-cuadra-parque-acacias-2-22-amenidades-_JM,mercadolibre,303.1914893617021
33900.0,departamento,Benito Juárez,Ciudad de México,67.0,2.0,2.0,,https://departamento.mercadolibre.com.mx/MLM-2985338101-departamento-en-renta-en-the-park-narvarte-_JM,mercadolibre,505.97014925373134
30000.0,departamento,Benito Juárez,Ciudad de México,125.0,3.0,2.0,,https://departamento.mercadolibre.com.mx/MLM-5357380408-departamento-en-renta-en-piedad-narvarte-_JM,mercadolibre,240.0
35000.0,departamento,Benito Juárez,Ciudad de México,80.0,3.0,2.0,,https://departamento.mercadolibre.com.mx/MLM-5335336452-departamento-amueblado-en-renta-en-del-valle-norte-_JM,mercadolibre,437.5
33500.0,departamento,Benito Juárez,Ciudad de México,119.0,2.0,2.0,,https://departamento.mercadolibre.com.mx/MLM-5406244978-departamento-en-renta-narvarte-poniente-cdmx-_JM,mercadolibre,281.5126050420168
20000.0,departamento,Benito Juárez,Ciudad de México,68.0,2.0,2.0,,https://departamento.mercadolibre.com.mx/MLM-2974264225-renta-departamento-alcaldia-benito-juarez-calle-victor-hugo-colonia-albert-68-m2-2-habitaciones-2-banos-completos-1-lugar-de-estacionamiento-bodega-sala-comedor-cocina-integral-area-de-_JM,mercadolibre,294.11764705882354
65000.0,departamento,Benito Juárez,Ciudad de México,210.0,3.0,3.0,,https://departamento.mercadolibre.com.mx/MLM-5257054010-ph-amueblado-acordada-san-jose-insurgentes-_JM,mercadolibre,309.5238095238095
27000.0,departamento,Benito Juárez,Ciudad de México,65.0,1.0,1.0,,https://departamento.mercadolibre.com.mx/MLM-2945684385-renta-departamento-begrand-del-valle-1-recamara-_JM,mercadolibre,415.38461538461536
40000.0,departamento,Benito Juárez,Ciudad de México,102.0,2.0,2.0,,https://departamento.mercadolibre.com.mx/MLM-2984790795-departamento-en-renta-en-del-valle-6113m2-de-roof-garden-_JM,mercadolibre,392.15686274509807
24000.0,departamento,Benito Juárez,Ciudad de México,65.0,1.0,1.0,,https://departamento.mercadolibre.com.mx/MLM-5390327690-departamento-en-renta-amueblado-santa-maria-nonoalco-_JM,mercadolibre,369.2307692307692
46000.0,departamento,Benito Juárez,Ciudad de México,117.0,2.0,2.0,,https://departamento.mercadolibre.com.mx/MLM-2976374415-departamento-de-lujo-en-renta-en-mitikah-coyoacan-_JM,mercadolibre,393.1623931623932
65000.0,departamento,Benito Juárez,Ciudad de México,190.0,3.0,2.0,,https://departamento.mercadolibre.com.mx/MLM-2976385939-departamentos-en-renta-en-mitikah-coyoacan-_JM,mercadolibre,342.10526315789474
25000.0,departamento,Benito Juárez,Ciudad de México,80.0,2.0,1.0,,https://departamento.mercadolibre.com.mx/MLM-2983263141-lindo-amplio-depa-en-narvarte-super-iluminado-_JM,mercadolibre,312.5
40500.0,departamento,Benito Juárez,Ciudad de México,75.0,2.0,2.0,,https://departamento.mercadolibre.com.mx/MLM-2961757025-renta-de-departamento-_JM,mercadolibre,540.0
27500.0,departamento,Benito Juárez,Ciudad de México,70.0,2.0,2.0,,https://departamento.mercadolibre.com.mx/MLM-5401457420-renta-hermoso-departamento-en-la-del-valle-centro-_JM,mercadolibre,392.85714285714283
60000.0,departamento,Benito Juárez,Ciudad de México,143.0,3.0,3.0,,https://departamento.mercadolibre.com.mx/MLM-5352390226-renta-departamento-nuevo-bgrand-del-valle-3-recamaras-sala-comedor-cocina-integral-cuarto-servicio-alberca-gym-sauna-area-kids-terrazas-area-social-area-para-perros-_JM,mercadolibre,419.5804195804196
32958.0,departamento,Benito Juárez,Ciudad de México,35.0,1.0,1.0,,https://departamento.mercadolibre.com.mx/MLM-5465995114-departamento-con-amenidades-en-narvarte-servicios-y-mantenimiento-incluidos-_JM,mercadolibre,941.6571428571428
30547.0,departamento,Benito Juárez,Ciudad de México,25.0,1.0,1.0,,https://departamento.mercadolibre.com.mx/MLM-5465958664-departamento-con-amenidades-en-narvarte-servicios-y-mantenimiento-incluidos-_JM,mercadolibre,1221.88
33700.0,departamento,Benito Juárez,Ciudad de México,140.0,2.0,3.0,,https://departamento.mercadolibre.com.mx/MLM-3009179277-departamento-en-renta-col-del-valle-_JM,mercadolibre,240.71428571428572
29200.0,departamento,Benito Juárez,Ciudad de México,140.0,2.0,3.0,,https://departamento.mercadolibre.com.mx/MLM-3009383497-departamento-en-renta-en-amores-del-valle-_JM,mercadolibre,208.57142857142858
33500.0,departamento,Benito Juárez,Ciudad de México,135.0,3.0,2.0,,https://departamento.mercadolibre.com.mx/MLM-2919717711-se-renta-departamento-en-la-napoles-benito-juarez-_JM,mercadolibre,248.14814814814815
25000.0,departamento,Benito Juárez,Ciudad de México,95.0,2.0,2.0,,https://departamento.mercadolibre.com.mx/MLM-5101671284-departamento-en-renta-en-benito-juarez-gral-pedro-maria-anaya-sobre-eje-8-y-av-mexico-coyoacan-_JM,mercadolibre,263.1578947368421
18000.0,departamento,Benito Juárez,Ciudad de México,70.0,1.0,1.0,,https://departamento.mercadolibre.com.mx/MLM-5325690184-departamento-tipo-loft-en-renta-disponible-para-uso-habitacional-o-comercial-a-10-minutos-del-metro-lazaro-cardenas-_JM,mercadolibre,257.14285714285717
31000.0,departamento,Benito Juárez,Ciudad de México,228.0,3.0,2.0,,https://departamento.mercadolibre.com.mx/MLM-2981949033-departamento-en-renta-col-narvarte-3-recamaras-_JM,mercadolibre,135.96491228070175
34500.0,departamento,Benito Juárez,Ciudad de México,80.0,1.0,1.0,,https://departamento.mercadolibre.com.mx/MLM-2899596263-departamento-tipo-loft-en-renta-en-torre-mitikah-_JM,mercadolibre,431.25
35000.0,departamento,Benito Juárez,Ciudad de México,85.0,2.0,1.0,,https://departamento.mercadolibre.com.mx/MLM-5352615268-departamento-en-renta-amueblado-y-con-balcon-en-colonia-napoles-_JM,mercadolibre,411.7647058823529
26500.0,departamento,Benito Juárez,Ciudad de México,96.0,2.0,1.0,,https://departamento.mercadolibre.com.mx/MLM-5407184794-departamento-amueblado-en-renta-en-col-portales-sur-_JM,mercadolibre,276.0416666666667
26000.0,departamento,Benito Juárez,Ciudad de México,85.0,2.0,2.0,,https://departamento.mercadolibre.com.mx/MLM-2883525485-departamento-en-renta-narvarte-_JM,mercadolibre,305.88235294117646
32000.0,departamento,Benito Juárez,Ciudad de México,79.0,1.0,2.0,,https://departamento.mercadolibre.com.mx/MLM-5302722242-departamento-en-renta-tipo-loft-en-mitika-_JM,mercadolibre,405.0632911392405
12500.0,departamento,Benito Juárez,Ciudad de México,16.0,1.0,1.0,,https://departamento.mercadolibre.com.mx/MLM-5199356594-estrena-en-la-alamos-ultimos-detalles-de-entrega-aparta-tu-estudio-hoy-_JM,mercadolibre,781.25
14500.0,departamento,Benito Juárez,Ciudad de México,45.0,2.0,1.0,,https://departamento.mercadolibre.com.mx/MLM-4865428164-departamento-en-atenor-salas-benito-juarez-con-2-recamaras-45-m-id-167157-_JM,mercadolibre,322.22222222222223
38000.0,departamento,Benito Juárez,Ciudad de México,136.0,3.0,2.0,,https://departamento.mercadolibre.com.mx/MLM-2945507249-departamento-en-napoles-benito-juarez-con-3-recamaras-136-m-id-170612-_JM,mercadolibre,279.4117647058824
55000.0,departamento,Benito Juárez,Ciudad de México,150.0,3.0,3.0,,https://departamento.mercadolibre.com.mx/MLM-4991332828-departamento-en-napoles-benito-juarez-con-3-recamaras-150-m-id-168034-_JM,mercadolibre,366.6666666666667
36900.0,departamento,Benito Juárez,Ciudad de México,105.0,3.0,3.0,,https://departamento.mercadolibre.com.mx/MLM-5480326760-departamento-en-renta-en-san-jose-insurgentes-3-recamaras-balcon-y-vigilancia-247-_JM,mercadolibre,351.42857142857144
30000.0,departamento,Benito Juárez,Ciudad de México,83.0,1.0,1.0,,https://departamento.mercadolibre.com.mx/MLM-5485750040-renta-exclusivo-departamento-con-terraza-en-la-napoles-_JM,mercadolibre,361.4457831325301
15700.0,departamento,Benito Juárez,Ciudad de México,50.0,1.0,1.0,,https://departamento.mercadolibre.com.mx/MLM-5429216390-rento-departamento-en-pb-en-col-narvarte-solo-para-jovenes-o-matrimonio-joven-sin-hijos-_JM,mercadolibre,314.0
22000.0,departamento,Benito Juárez,Ciudad de México,65.0,1.0,1.0,,https://departamento.mercadolibre.com.mx/MLM-5225334752-hermoso-departamento-en-renta-amueblado-col-actipan-bentio-juarez-1-recamara-_JM,mercadolibre,338.46153846153845
45000.0,departamento,Benito Juárez,Ciudad de México,160.0,3.0,2.0,,https://departamento.mercadolibre.com.mx/MLM-5412810784-departamento-en-renta-en-napoles-con-roof-privado-sin-muebles-_JM,mercadolibre,281.25
36000.0,departamento,Benito Juárez,Ciudad de México,69.0,1.0,1.0,,https://departamento.mercadolibre.com.mx/MLM-2850721857-loft-amueblado-en-renta-en-mitikah-para-estrenar-piso-17-amenidades-_JM,mercadolibre,521.7391304347826
35000.0,departamento,Benito Juárez,Ciudad de México,95.0,3.0,2.0,,https://departamento.mercadolibre.com.mx/MLM-5428150544-renta-departamento-en-grand-tower-del-valle-las-mejores-vistas-_JM,mercadolibre,368.42105263157896
91000.0,departamento,Benito Juárez,Ciudad de México,231.0,2.0,2.0,,https://departamento.mercadolibre.com.mx/MLM-5445127588-departamento-en-renta-3-pisos-roof-integrado-col-del-valle-benito-juarez-cdmx-_JM,mercadolibre,393.93939393939394
44000.0,departamento,Benito Juárez,Ciudad de México,160.0,3.0,2.0,,https://departamento.mercadolibre.com.mx/MLM-5428150706-renta-departamento-del-valle-norte--_JM,mercadolibre,275.0
38000.0,departamento,Benito Juárez,Ciudad de México,90.0,2.0,2.0,,https://departamento.mercadolibre.com.mx/MLM-5428240864-departamento-en-renta-en-begrand-del-valle-_JM,mercadolibre,422.22222222222223
32900.0,departamento,Benito Juárez,Ciudad de México,80.0,1.0,2.0,,https://departamento.mercadolibre.com.mx/MLM-5428240952-renta-exclusivo-departamento-en-mitikah-torre-residencial-_JM,mercadolibre,411.25
23700.0,departamento,Benito Juárez,Ciudad de México,95.0,2.0,2.0,,https://departamento.mercadolibre.com.mx/MLM-5347610910-departamento-en-renta-excelente-ubicacion-benito-juarez-_JM,mercadolibre,249.47368421052633
15000.0,departamento,Benito Juárez,Ciudad de México,60.0,2.0,1.0,,https://departamento.mercadolibre.com.mx/MLM-5480460140-departamento-en-renta-en-benito-juarez-_JM,mercadolibre,250.0
45500.0,departamento,Benito Juárez,Ciudad de México,260.0,3.0,4.0,,https://departamento.mercadolibre.com.mx/MLM-2999426001-en-renta-hermoso-penthouse-con-roof-propio-dos-niveles-col-del-valle-_JM,mercadolibre,175.0
37000.0,departamento,Benito Juárez,Ciudad de México,115.0,3.0,2.0,,https://departamento.mercadolibre.com.mx/MLM-5480325968-venta-y-renta-depto-en-city-towers-green-_JM,mercadolibre,321.7391304347826
32000.0,departamento,Benito Juárez,Ciudad de México,75.0,2.0,2.0,,https://departamento.mercadolibre.com.mx/MLM-5497614286-departamento-en-venta-con-enorme-balcon-en-city-towers-green-piso-15-_JM,mercadolibre,426.6666666666667
25000.0,departamento,Benito Juárez,Ciudad de México,62.0,1.0,1.0,,https://departamento.mercadolibre.com.mx/MLM-2993036173-departamento-en-renta-en-be-grand-del-valle-_JM,mercadolibre,403.2258064516129
21000.0,departamento,Benito Juárez,Ciudad de México,100.0,2.0,1.0,,https://departamento.mercadolibre.com.mx/MLM-5480653566-del-valle-norte-muy-cerca-de-la-condesa-100m2-piso-de-madera-2-recamaras-muy-iluminado-y-silencioso-no-estacionamiento-piso-4-sin-elevador-cuarto-de-servicio-disponible-a-partir-de-agosto-_JM,mercadolibre,210.0
22500.0,departamento,Benito Juárez,Ciudad de México,68.0,2.0,2.0,,https://departamento.mercadolibre.com.mx/MLM-5474775490-departamento-en-renta-torre-delta-narvarte-_JM,mercadolibre,330.88235294117646
28000.0,departamento,Benito Juárez,Ciudad de México,75.0,2.0,1.0,,https://departamento.mercadolibre.com.mx/MLM-2996048307-excelente-e-iluminado-departamento-piso-14-city-towers-green-_JM,mercadolibre,373.3333333333333
45000.0,departamento,Benito Juárez,Ciudad de México,120.0,2.0,2.0,,https://departamento.mercadolibre.com.mx/MLM-5325911260-se-renta-departamento-por-mes-en-la-colonia-del-valle-cdmx-_JM,mercadolibre,375.0
22000.0,departamento,Benito Juárez,Ciudad de México,120.0,2.0,1.0,,https://departamento.mercadolibre.com.mx/MLM-5139020088-depatamento-nuevo-en-renta-_JM,mercadolibre,183.33333333333334
23000.0,departamento,Benito Juárez,Ciudad de México,90.0,2.0,2.0,,https://departamento.mercadolibre.com.mx/MLM-2847895971-amplio-y-super-ubicado-depto-en-narvarte-_JM,mercadolibre,255.55555555555554
19000.0,departamento,Benito Juárez,Ciudad de México,20.0,1.0,1.0,,https://departamento.mercadolibre.com.mx/MLM-2886189155-loft-amueblado-en-renta-colonia-napoles-_JM,mercadolibre,950.0
28000.0,departamento,Benito Juárez,Ciudad de México,121.0,2.0,2.0,,https://departamento.mercadolibre.com.mx/MLM-5205159898-departamento-en-renta-en-la-narvarte-_JM,mercadolibre,231.40495867768595
24000.0,departamento,Benito Juárez,Ciudad de México,80.0,2.0,2.0,,https://departamento.mercadolibre.com.mx/MLM-5413256154-departamento-en-renta-en-portales-sur-2-recamaras-excelente-ubicacion-_JM,mercadolibre,300.0
30000.0,departamento,Benito Juárez,Ciudad de México,100.0,2.0,2.0,,https://departamento.mercadolibre.com.mx/MLM-2934987271-departamento-en-renta-del-valle-_JM,mercadolibre,300.0
27000.0,departamento,Benito Juárez,Ciudad de México,80.0,2.0,2.0,,https://departamento.mercadolibre.com.mx/MLM-2962061229-departamento-en-portales-sur-amueblado-y-equipado-_JM,mercadolibre,337.5
22800.0,departamento,Benito Juárez,Ciudad de México,65.0,2.0,2.0,,https://departamento.mercadolibre.com.mx/MLM-5139803834-se-renta-depto-super-acogedor-en-la-alamos-_JM,mercadolibre,350.7692307692308
40500.0,departamento,Benito Juárez,Ciudad de México,120.0,3.0,2.0,,https://departamento.mercadolibre.com.mx/MLM-5232937634-amplio-departamento-semiamueblado-de-3-recamaras-piso-13-city-towers-grand-_JM,mercadolibre,337.5
19800.0,departamento,Benito Juárez,Ciudad de México,80.0,2.0,1.0,,https://departamento.mercadolibre.com.mx/MLM-2911206215-hermoso-departamento-en-renta-pensylvaniacol-del-valle-_JM,mercadolibre,247.5
36000.0,departamento,Benito Juárez,Ciudad de México,93.0,2.0,2.0,,https://departamento.mercadolibre.com.mx/MLM-5179300104-master-suite-de-hotel-frente-a-torre-wtc-napoles-_JM,mercadolibre,387.0967741935484
30000.0,departamento,Benito Juárez,Ciudad de México,94.0,2.0,2.0,,https://departamento.mercadolibre.com.mx/MLM-2907666121-se-renta-departamento-en-city-towers-_JM,mercadolibre,319.1489361702128
38500.0,departamento,Benito Juárez,Ciudad de México,104.0,3.0,2.0,,https://departamento.mercadolibre.com.mx/MLM-5228870260-increible-e-iluminado-departamento-piso-14-city-towers-grand-park-_JM,mercadolibre,370.1923076923077
32000.0,departamento,Benito Juárez,Ciudad de México,90.0,2.0,2.0,,https://departamento.mercadolibre.com.mx/MLM-5232425728-equipado-departamento-en-renta-piso-7-en-city-towers-grand-_JM,mercadolibre,355.55555555555554
24000.0,departamento,Benito Juárez,Ciudad de México,79.0,2.0,2.0,,https://departamento.mercadolibre.com.mx/MLM-2970387751-renta-penthouse-con-roof-privado-_JM,mercadolibre,303.7974683544304
40000.0,departamento,Benito Juárez,Ciudad de México,209.0,3.0,2.0,,https://departamento.mercadolibre.com.mx/MLM-2930553237-ventarenta-departamento-amueblado-insurgentes-mixcoac-r-_JM,mercadolibre,191.38755980861245
32000.0,departamento,Benito Juárez,Ciudad de México,90.0,3.0,2.0,,https://departamento.mercadolibre.com.mx/MLM-2982520527-3-recamaras-grand-tower-del-valle-piso-5-_JM,mercadolibre,355.55555555555554
45000.0,departamento,Benito Juárez,Ciudad de México,109.0,3.0,2.0,,https://departamento.mercadolibre.com.mx/MLM-2961766055-hermoso-depto-amueblado-city-towers-grand-park-_JM,mercadolibre,412.8440366972477
27000.0,departamento,Benito Juárez,Ciudad de México,52.0,1.0,1.0,,https://departamento.mercadolibre.com.mx/MLM-2961790959-departamento-nuevo-en-city-towers-black-piso-17-_JM,mercadolibre,519.2307692307693
35000.0,departamento,Benito Juárez,Ciudad de México,83.0,2.0,2.0,,https://departamento.mercadolibre.com.mx/MLM-2985426745-departamento-amueblado-y-con-luz-natural-en-piso-19-en-city-towers-gran-_JM,mercadolibre,421.68674698795184
22000.0,departamento,Benito Juárez,Ciudad de México,80.0,2.0,2.0,,https://departamento.mercadolibre.com.mx/MLM-2976420313-departamento-renta-vertiz-narvarte-_JM,mercadolibre,275.0
30000.0,departamento,Benito Juárez,Ciudad de México,130.0,3.0,2.0,,https://departamento.mercadolibre.com.mx/MLM-5304482526-depto-130m-cerca-de-parque-hundido-_JM,mercadolibre,230.76923076923077
20500.0,departamento,Benito Juárez,Ciudad de México,85.0,3.0,2.0,,https://departamento.mercadolibre.com.mx/MLM-5461788788-departamento-en-renta-con-estudio-en-nativitas-benito-juarez-_JM,mercadolibre,241.1764705882353
19000.0,departamento,Benito Juárez,Ciudad de México,74.0,2.0,2.0,,https://departamento.mercadolibre.com.mx/MLM-2992979913-departamento-semi-amueblado-narvarte-privada-de-zempoala-_JM,mercadolibre,256.7567567567568
29000.0,departamento,Benito Juárez,Ciudad de México,116.0,2.0,3.0,,https://departamento.mercadolibre.com.mx/MLM-2756155859-departamento-en-renta-en-del-valle-centro-_JM,mercadolibre,250.0
40000.0,departamento,Benito Juárez,Ciudad de México,112.0,2.0,2.0,,https://departamento.mercadolibre.com.mx/MLM-2850640549-se-renta-departamento-en-insurgentes-mixcoac-benito-juarez-_JM,mercadolibre,357.14285714285717
45000.0,departamento,Benito Juárez,Ciudad de México,112.0,2.0,2.0,,https://departamento.mercadolibre.com.mx/MLM-5357402900-departamento-en-renta-venta-en-insurgentes-mixcoac-benito-juarez-_JM,mercadolibre,401.7857142857143
35000.0,departamento,Benito Juárez,Ciudad de México,92.0,2.0,2.0,,https://departamento.mercadolibre.com.mx/MLM-2935139581-departamento-en-renta-92-m2-be-grand-del-valle-2-recamaras-2-banos-completos-2-estacionamientos-_JM,mercadolibre,380.4347826086956
28500.0,departamento,Benito Juárez,Ciudad de México,200.0,2.0,2.0,,https://departamento.mercadolibre.com.mx/MLM-5459134632-departamento-en-renta-penthouse-roof-garden-benito-juarez-narvarte-del-valle-norte-_JM,mercadolibre,142.5
37500.0,departamento,Benito Juárez,Ciudad de México,112.0,2.0,2.0,,https://departamento.mercadolibre.com.mx/MLM-5264749768-departamento-amueblado-112-m2-renta-2-recamaras-2-banosc-2-estacionamientos-amplia-terraza-_JM,mercadolibre,334.82142857142856
14700.0,departamento,Benito Juárez,Ciudad de México,50.0,1.0,1.0,,https://departamento.mercadolibre.com.mx/MLM-5364338820-departamento-sin-muebles-o-amueblado-en-excelente-ubicacion-en-colonia-del-valle-_JM,mercadolibre,294.0
22000.0,departamento,Benito Juárez,Ciudad de México,101.0,3.0,2.0,,https://departamento.mercadolibre.com.mx/MLM-2999433137-departamento-en-renta-en-calz-de-tlalpan-colonia-portales-101m2-_JM,mercadolibre,217.82178217821783
25000.0,departamento,Benito Juárez,Ciudad de México,100.0,3.0,2.0,,https://departamento.mercadolibre.com.mx/MLM-3005770933-departamento-amplio-de-100-m2-en-la-del-valle-norte-con-excelente-distribucion-seguridad-24hrs-y-estudio-adaptable-a-tercera-recamara-_JM,mercadolibre,250.0
23000.0,departamento,Benito Juárez,Ciudad de México,120.0,1.0,2.0,,https://departamento.mercadolibre.com.mx/MLM-5502479452-departamento-en-san-jose-insurgentes-120-metros-cuadrados-excelente-distribucion-amenidades-gimnasio-cancha-de-padel-salon-de-fiestas-etc-ideal-para-quien-busca-comodidad-y-calidad-de-vida-_JM,mercadolibre,191.66666666666666
15500.0,departamento,Coyoacán,Ciudad de México,50.0,2.0,1.0,,https://departamento.mercadolibre.com.mx/MLM-5274546964-renta-departamento-amueblado-en-acoxpa-coapa-_JM,mercadolibre,310.0
17900.0,departamento,Coyoacán,Ciudad de México,75.0,1.0,1.0,,https://departamento.mercadolibre.com.mx/MLM-2940791959-departamento-en-renta-en-campestre-churubusco-_JM,mercadolibre,238.66666666666666
36000.0,departamento,Coyoacán,Ciudad de México,89.0,2.0,2.0,,https://departamento.mercadolibre.com.mx/MLM-5475256578-renta-departamento-en-high-park-sur-amueblado-_JM,mercadolibre,404.4943820224719
30000.0,departamento,Coyoacán,Ciudad de México,86.0,2.0,2.0,,https://departamento.mercadolibre.com.mx/MLM-5497148370-renta-departamento-en-high-park-sur-_JM,mercadolibre,348.83720930232556
6000.0,departamento,Coyoacán,Ciudad de México,30.0,1.0,1.0,,https://departamento.mercadolibre.com.mx/MLM-5456406494-renta-recamara-en-la-candelaria-coyoacan-_JM,mercadolibre,200.0
29500.0,departamento,Coyoacán,Ciudad de México,107.0,2.0,2.0,,https://departamento.mercadolibre.com.mx/MLM-2973858245-se-renta-increible-departamento-coyoacan-_JM,mercadolibre,275.70093457943926
17500.0,departamento,Coyoacán,Ciudad de México,70.0,3.0,1.0,,https://departamento.mercadolibre.com.mx/MLM-5455752624-se-renta-comodo-departamento-en-romero-de-terreros-_JM,mercadolibre,250.0
37500.0,departamento,Coyoacán,Ciudad de México,108.0,2.0,2.0,,https://departamento.mercadolibre.com.mx/MLM-5445058542-departmento-en-renta-en-coyoacan-city-tower-grand-park-_JM,mercadolibre,347.22222222222223
20950.0,departamento,Coyoacán,Ciudad de México,60.0,2.0,2.0,,https://departamento.mercadolibre.com.mx/MLM-3007063719-departamento-en-renta-san-pablo-tepetlapa-coyoacan-cdmx-_JM,mercadolibre,349.1666666666667
17500.0,departamento,Coyoacán,Ciudad de México,100.0,3.0,2.0,,https://departamento.mercadolibre.com.mx/MLM-2965245599-departamento-en-renta-en-copilco-coyoacan-3-recamaras-2-banos-2-estacionamientos-_JM,mercadolibre,175.0
15500.0,departamento,Coyoacán,Ciudad de México,65.0,3.0,1.0,,https://departamento.mercadolibre.com.mx/MLM-2982137355-departamento-en-renta-semi-amueblado-en-los-reyes-coyoacan-3-recamaras-_JM,mercadolibre,238.46153846153845
15000.0,departamento,Coyoacán,Ciudad de México,53.0,1.0,1.0,,https://departamento.mercadolibre.com.mx/MLM-2979343113-loft-en-renta-sobre-av-eje-10-sur-coyoacan-_JM,mercadolibre,283.0188679245283
15000.0,departamento,Coyoacán,Ciudad de México,90.0,2.0,2.0,,https://departamento.mercadolibre.com.mx/MLM-2985086293-lumioso-y-espacioso-depto-bien-ubicado-dos-recamaras-dos-banos-completos-un-estacionamiento-y-bodega-_JM,mercadolibre,166.66666666666666
20000.0,departamento,Coyoacán,Ciudad de México,90.0,3.0,1.0,,https://departamento.mercadolibre.com.mx/MLM-2979025293-departamento-en-renta-coyoacan-el-centinela-_JM,mercadolibre,222.22222222222223
20000.0,departamento,Coyoacán,Ciudad de México,72.0,2.0,2.0,,https://departamento.mercadolibre.com.mx/MLM-3011459047-estrena-tu-nuevo-hogar-en-una-ubicacion-privilegiada-departamento-semi-amueblado-ex-hacienda-coapa-_JM,mercadolibre,277.77777777777777
13000.0,departamento,Coyoacán,Ciudad de México,25.0,1.0,1.0,,https://departamento.mercadolibre.com.mx/MLM-5449651238-loft-en-renta-a-una-cuadra-de-los-viveros-_JM,mercadolibre,520.0
15000.0,departamento,Coyoacán,Ciudad de México,50.0,1.0,1.0,,https://departamento.mercadolibre.com.mx/MLM-5331146320-departamento-acogedor-en-renta-villa-quietud-coyoacan-_JM,mercadolibre,300.0
13000.0,departamento,Coyoacán,Ciudad de México,65.0,2.0,1.0,,https://departamento.mercadolibre.com.mx/MLM-5466515844-departamento-en-renta-en-villa-panamericana-_JM,mercadolibre,200.0
27000.0,departamento,Coyoacán,Ciudad de México,76.0,2.0,2.0,,https://departamento.mercadolibre.com.mx/MLM-5353118514-renta-de-departamento-amueblado-insurgentes-cuicuilco-_JM,mercadolibre,355.2631578947368
22000.0,departamento,Coyoacán,Ciudad de México,81.0,3.0,2.0,,https://departamento.mercadolibre.com.mx/MLM-4791773008-departamento-en-renta-en-churubusco-country-club-_JM,mercadolibre,271.60493827160496
17500.0,departamento,Coyoacán,Ciudad de México,50.0,1.0,1.0,,https://departamento.mercadolibre.com.mx/MLM-2923706237-renta-departamento-tipo-loft-excelente-ubicacion-cerca-de-estadio-azteca-y-cu-_JM,mercadolibre,350.0
9000.0,departamento,Coyoacán,Ciudad de México,100.0,2.0,1.0,,https://departamento.mercadolibre.com.mx/MLM-2959253961-se-renta-bonito-departamento-dos-recamaras-bano-y-cocina-comedor-y-sala-interesados-comunicarse-con-la-senora-yolanda-5537045091-whatsapp-_JM,mercadolibre,90.0
19000.0,departamento,Coyoacán,Ciudad de México,110.0,3.0,1.0,,https://departamento.mercadolibre.com.mx/MLM-5435493538-departamento-en-renta-cerca-de-cu-estadio-banorte-azteca-_JM,mercadolibre,172.72727272727272
9300.0,departamento,Coyoacán,Ciudad de México,50.0,1.0,1.0,,https://departamento.mercadolibre.com.mx/MLM-2811213679-departamento-en-renta-en-campestre-churubusco-_JM,mercadolibre,186.0
22500.0,departamento,Coyoacán,Ciudad de México,180.0,3.0,2.0,,https://departamento.mercadolibre.com.mx/MLM-3009562713-departamento-en-renta-en-pedregal-de-santa-ursula-_JM,mercadolibre,125.0
18000.0,departamento,Coyoacán,Ciudad de México,88.0,3.0,2.0,,https://departamento.mercadolibre.com.mx/MLM-5488148054-departamento-en-renta-en-pueblo-de-los-reyes-_JM,mercadolibre,204.54545454545453
24500.0,departamento,Coyoacán,Ciudad de México,135.0,2.0,2.0,,https://departamento.mercadolibre.com.mx/MLM-2996594721-departamento-unico-frente-a-perisur-_JM,mercadolibre,181.4814814814815
14000.0,departamento,Coyoacán,Ciudad de México,30.0,1.0,1.0,,https://departamento.mercadolibre.com.mx/MLM-5444633254-habitacion-en-renta-en-high-park-sur-_JM,mercadolibre,466.6666666666667
37500.0,departamento,Coyoacán,Ciudad de México,170.0,3.0,2.0,,https://departamento.mercadolibre.com.mx/MLM-5357495982-departamento-en-renta-en-insurgentes-cuicuilco-_JM,mercadolibre,220.58823529411765
39000.0,departamento,Coyoacán,Ciudad de México,167.0,3.0,2.0,,https://departamento.mercadolibre.com.mx/MLM-5395505102-departamento-en-renta-en-olimpica-_JM,mercadolibre,233.53293413173654
42000.0,departamento,Coyoacán,Ciudad de México,113.0,3.0,3.0,,https://departamento.mercadolibre.com.mx/MLM-2987805435-crece-con-tus-hijos-no-con-el-trafico-high-park-sur-_JM,mercadolibre,371.6814159292035
25000.0,departamento,Coyoacán,Ciudad de México,75.0,2.0,2.0,,https://departamento.mercadolibre.com.mx/MLM-5497111196-renta-departamento-con-dos-terrazas-en-la-colonia-avante-coyoacan-_JM,mercadolibre,333.3333333333333
33000.0,departamento,Coyoacán,Ciudad de México,84.0,2.0,2.0,,https://departamento.mercadolibre.com.mx/MLM-3002479875-departmentos-en-renta-en-coyoacan-ciudad-de-mexico-_JM,mercadolibre,392.85714285714283
19900.0,departamento,Coyoacán,Ciudad de México,75.0,2.0,1.0,,https://departamento.mercadolibre.com.mx/MLM-5498356516-depa-amueblado-premium-de-2-recamaras-cerca-estadio-cdmx-y-tren-ligero-_JM,mercadolibre,265.3333333333333
12000.0,departamento,Coyoacán,Ciudad de México,65.0,2.0,1.0,,https://departamento.mercadolibre.com.mx/MLM-3010820531-departamento-campestre-churubusco-_JM,mercadolibre,184.6153846153846
52000.0,departamento,Coyoacán,Ciudad de México,170.0,3.0,2.0,,https://departamento.mercadolibre.com.mx/MLM-3002725551-lomas-del-pedregal-hermoso-departamento-en-renta-_JM,mercadolibre,305.88235294117646
20500.0,departamento,Coyoacán,Ciudad de México,64.0,2.0,2.0,,https://departamento.mercadolibre.com.mx/MLM-2999408633-renta-de-departamento-sin-amueblar-en-colonia-parque-san-andres-coyoacan-_JM,mercadolibre,320.3125
11500.0,departamento,Coyoacán,Ciudad de México,18.0,1.0,1.0,,https://departamento.mercadolibre.com.mx/MLM-3006904151-loft-en-renta-en-san-diego-churubusco-_JM,mercadolibre,638.8888888888889
5000.0,departamento,Coyoacán,Ciudad de México,21.0,1.0,1.0,,https://departamento.mercadolibre.com.mx/MLM-5030642480-se-renta-habitacion-amueblada-_JM,mercadolibre,238.0952380952381
16000.0,departamento,Coyoacán,Ciudad de México,85.0,2.0,1.0,,https://departamento.mercadolibre.com.mx/MLM-2929718889-departamento-amueblado-en-renta-col-avante-coyoacan-calle-retorno-_JM,mercadolibre,188.23529411764707
37000.0,departamento,Coyoacán,Ciudad de México,108.0,2.0,2.0,,https://departamento.mercadolibre.com.mx/MLM-2976372709-departmentos-en-renta-en-coyoacan-ciudad-de-mexico-_JM,mercadolibre,342.5925925925926
18000.0,departamento,Coyoacán,Ciudad de México,95.0,3.0,2.0,,https://departamento.mercadolibre.com.mx/MLM-2999742649-renta-departamentos-pedregal-de-coyoacan-t-df0159-0249-_JM,mercadolibre,189.47368421052633
26000.0,departamento,Coyoacán,Ciudad de México,130.0,3.0,3.0,,https://departamento.mercadolibre.com.mx/MLM-2993322541-departamento-en-renta-insurgentes-cuicuilco-_JM,mercadolibre,200.0
3500.0,departamento,Coyoacán,Ciudad de México,15.0,1.0,1.0,,https://departamento.mercadolibre.com.mx/MLM-5490133304-renta-departamento-1-ambiente-pedregal-de-santa-ursula-_JM,mercadolibre,233.33333333333334
26650.0,departamento,Coyoacán,Ciudad de México,151.0,3.0,2.0,,https://departamento.mercadolibre.com.mx/MLM-5486299636-renta-departamentos-insurgentes-cuicuilco-t-df0125-0449-_JM,mercadolibre,176.49006622516555
13500.0,departamento,Coyoacán,Ciudad de México,70.0,2.0,1.0,,https://departamento.mercadolibre.com.mx/MLM-2999730953-renta-departamentos-pedregal-de-coyoacan-t-df0159-0243-_JM,mercadolibre,192.85714285714286
14250.0,departamento,Coyoacán,Ciudad de México,81.0,2.0,1.0,,https://departamento.mercadolibre.com.mx/MLM-5165692220-renta-departamentos-parque-san-andres-t-df0035-0509-_JM,mercadolibre,175.92592592592592
14600.0,departamento,Coyoacán,Ciudad de México,110.0,3.0,1.0,,https://departamento.mercadolibre.com.mx/MLM-2907471071-renta-departamentos-parque-san-andres-t-df0035-0510-_JM,mercadolibre,132.72727272727272
10500.0,departamento,Coyoacán,Ciudad de México,30.0,1.0,1.0,,https://departamento.mercadolibre.com.mx/MLM-5290367274-loft-amueblado-azalea-_JM,mercadolibre,350.0
5500.0,departamento,Coyoacán,Ciudad de México,18.0,1.0,1.0,,https://departamento.mercadolibre.com.mx/MLM-5420260052-renta-departamentos-prado-churubusco-t-df0032-0675-_JM,mercadolibre,305.55555555555554
8500.0,departamento,Coyoacán,Ciudad de México,20.0,1.0,1.0,,https://departamento.mercadolibre.com.mx/MLM-2923486051-loft-amueblado-lantana-_JM,mercadolibre,425.0
12500.0,departamento,Coyoacán,Ciudad de México,110.0,4.0,2.0,,https://departamento.mercadolibre.com.mx/MLM-5216956308-renta-departamentos-culhuacan-ctm-seccion-v-t-df0152-0244-_JM,mercadolibre,113.63636363636364
12900.0,departamento,Coyoacán,Ciudad de México,50.0,2.0,1.0,,https://departamento.mercadolibre.com.mx/MLM-5194127032-renta-departamentos-viejo-ejido-de-santa-ursula-coapa-t-df0053-0671-_JM,mercadolibre,258.0
16000.0,departamento,Coyoacán,Ciudad de México,300.0,4.0,2.0,,https://departamento.mercadolibre.com.mx/MLM-5036359798-renta-departamentos-ex-ejido-de-san-francisco-culhuacan-t-df0152-0232-_JM,mercadolibre,53.333333333333336
20000.0,departamento,Coyoacán,Ciudad de México,87.0,2.0,2.0,,https://departamento.mercadolibre.com.mx/MLM-2899137029-renta-departamentos-del-carmen-t-df0105-0615-_JM,mercadolibre,229.88505747126436
6800.0,departamento,Coyoacán,Ciudad de México,20.0,1.0,1.0,,https://departamento.mercadolibre.com.mx/MLM-2850301563-renta-departamentos-pueblo-de-los-reyes-t-df0044-0499-_JM,mercadolibre,340.0
16500.0,departamento,Coyoacán,Ciudad de México,90.0,2.0,2.0,,https://departamento.mercadolibre.com.mx/MLM-5258409300-departamento-en-renta-colonia-viejo-ejido-de-santa-ursula-coapa-coyoacan-cdmx-_JM,mercadolibre,183.33333333333334
16000.0,departamento,Coyoacán,Ciudad de México,80.0,2.0,2.0,,https://departamento.mercadolibre.com.mx/MLM-5058135044-departamento-en-renta-en-pedregal-de-santo-domingo-coyoacan-cdmx-_JM,mercadolibre,200.0
15000.0,departamento,Coyoacán,Ciudad de México,100.0,3.0,1.0,,https://departamento.mercadolibre.com.mx/MLM-5460425536-renta-departamentos-alianza-popular-revolucionaria-t-df0047-0639-_JM,mercadolibre,150.0
14300.0,departamento,Coyoacán,Ciudad de México,54.0,2.0,1.0,,https://departamento.mercadolibre.com.mx/MLM-2950713961-renta-departamentos-pueblo-la-candelaria-t-df0180-0137-_JM,mercadolibre,264.81481481481484
15000.0,departamento,Coyoacán,Ciudad de México,42.0,1.0,1.0,,https://departamento.mercadolibre.com.mx/MLM-5371401716-renta-departamento-1-ambiente-parque-san-andres-_JM,mercadolibre,357.14285714285717
16000.0,departamento,Coyoacán,Ciudad de México,103.0,2.0,1.0,,https://departamento.mercadolibre.com.mx/MLM-2961777175-renta-departamentos-prado-churubusco-t-df0032-0673-_JM,mercadolibre,155.3398058252427
13500.0,departamento,Coyoacán,Ciudad de México,54.0,2.0,1.0,,https://departamento.mercadolibre.com.mx/MLM-2911331313-renta-departamentos-campestre-churubusco-t-df0038-0500-_JM,mercadolibre,250.0
35000.0,departamento,Coyoacán,Ciudad de México,124.0,2.0,2.0,,https://departamento.mercadolibre.com.mx/MLM-2824583715-renta-departamentos-ex-hacienda-coapa-t-df0053-0669-_JM,mercadolibre,282.258064516129
10000.0,departamento,Coyoacán,Ciudad de México,90.0,2.0,1.0,,https://departamento.mercadolibre.com.mx/MLM-5462016258-renta-departamentos-san-francisco-culhuacan-barrio-de-san-francisco-t-df0152-0257-_JM,mercadolibre,111.11111111111111
11000.0,departamento,Coyoacán,Ciudad de México,55.0,2.0,1.0,,https://departamento.mercadolibre.com.mx/MLM-5465071896-renta-departamentos-culhuacan-ctm-seccion-ix-b-t-df0031-0411-_JM,mercadolibre,200.0
30000.0,departamento,Coyoacán,Ciudad de México,154.0,3.0,3.0,,https://departamento.mercadolibre.com.mx/MLM-5325693280-departamento-en-venta-insurgentes-cuicuilco-_JM,mercadolibre,194.80519480519482
14500.0,departamento,Coyoacán,Ciudad de México,54.0,2.0,1.0,,https://departamento.mercadolibre.com.mx/MLM-2911219117-renta-departamentos-campestre-churubusco-t-df0038-0498-_JM,mercadolibre,268.51851851851853
20000.0,departamento,Coyoacán,Ciudad de México,65.0,2.0,2.0,,https://departamento.mercadolibre.com.mx/MLM-2855538863-renta-departamentos-insurgentes-cuicuilco-t-df0125-0444-_JM,mercadolibre,307.6923076923077
20000.0,departamento,Coyoacán,Ciudad de México,94.0,2.0,2.0,,https://departamento.mercadolibre.com.mx/MLM-5440557754-lts-renta-departamento-en-parque-san-andres-coyoacan-_JM,mercadolibre,212.7659574468085
20000.0,departamento,Coyoacán,Ciudad de México,96.0,2.0,2.0,,https://departamento.mercadolibre.com.mx/MLM-5460518728-departamento-en-periferico-sur-5270-_JM,mercadolibre,208.33333333333334
7000.0,departamento,Coyoacán,Ciudad de México,35.0,1.0,1.0,,https://departamento.mercadolibre.com.mx/MLM-5449971082-renta-departamentos-pedregal-de-santa-ursula-t-df0136-0236-_JM,mercadolibre,200.0
14000.0,departamento,Coyoacán,Ciudad de México,83.0,2.0,1.0,,https://departamento.mercadolibre.com.mx/MLM-5465197994-renta-departamentos-cafetales-t-df0031-0414-_JM,mercadolibre,168.67469879518072
25000.0,departamento,Coyoacán,Ciudad de México,83.0,2.0,2.0,,https://departamento.mercadolibre.com.mx/MLM-2916679311-renta-de-departamento-en-olimpica-coyoacan-ll87-_JM,mercadolibre,301.2048192771084
20000.0,departamento,Coyoacán,Ciudad de México,85.0,2.0,2.0,,https://departamento.mercadolibre.com.mx/MLM-2992681573-renta-departamento-y-estrena-family-room-balcon-2-estacionamientos-_JM,mercadolibre,235.2941176470588
32000.0,departamento,Coyoacán,Ciudad de México,90.0,2.0,2.0,,https://departamento.mercadolibre.com.mx/MLM-5449982778-departamento-en-renta-en-pedregal-de-carrasco-_JM,mercadolibre,355.55555555555554
24000.0,departamento,Coyoacán,Ciudad de México,75.0,3.0,2.0,,https://departamento.mercadolibre.com.mx/MLM-5325404674-renta-departamentos-barrio-santa-catarina-t-df0037-0293-_JM,mercadolibre,320.0
30000.0,departamento,Coyoacán,Ciudad de México,108.0,2.0,1.0,,https://departamento.mercadolibre.com.mx/MLM-5435487328-renta-departamento-2-ambientes-del-carmen-_JM,mercadolibre,277.77777777777777
35000.0,departamento,Coyoacán,Ciudad de México,92.0,3.0,2.0,,https://departamento.mercadolibre.com.mx/MLM-2973850237-jardines-del-pedregal-departamento-en-renta-_JM,mercadolibre,380.4347826086956
18000.0,departamento,Coyoacán,Ciudad de México,61.0,2.0,1.0,,https://departamento.mercadolibre.com.mx/MLM-2976448195-renta-departamentos-el-mirador-t-df0091-0531-_JM,mercadolibre,295.08196721311475
19000.0,departamento,Coyoacán,Ciudad de México,75.0,2.0,1.0,,https://departamento.mercadolibre.com.mx/MLM-2950789239-renta-departamentos-romero-de-terreros-t-df0127-0250-_JM,mercadolibre,253.33333333333334
21500.0,departamento,Coyoacán,Ciudad de México,60.0,2.0,2.0,,https://departamento.mercadolibre.com.mx/MLM-5413685658-departamento-nuevo-en-renta-san-pablo-tepetlapa-coyoacan-cdmx-_JM,mercadolibre,358.3333333333333
17400.0,departamento,Coyoacán,Ciudad de México,80.0,2.0,1.0,,https://departamento.mercadolibre.com.mx/MLM-2945521207-av-pacifico-coyoacan-excelente-estado-depto-fijo-4o-piso-sin-elevador-_JM,mercadolibre,217.5
17600.0,departamento,Coyoacán,Ciudad de México,120.0,2.0,1.0,,https://departamento.mercadolibre.com.mx/MLM-2929673357-casa-en-renta-en-col-ex-ejido-de-san-francisco-coyoacan-cdmx-124-_JM,mercadolibre,146.66666666666666
15000.0,departamento,Coyoacán,Ciudad de México,30.0,1.0,1.0,,https://departamento.mercadolibre.com.mx/MLM-5036135976-departamento-en-renta-en-coyoacan-campestre-churubusco-mt-26-1588-_JM,mercadolibre,500.0
7800.0,departamento,Coyoacán,Ciudad de México,30.0,1.0,1.0,,https://departamento.mercadolibre.com.mx/MLM-2993062663-departamento-en-renta-en-av-taxquena-con-mobiliario-nuevo-_JM,mercadolibre,260.0
14000.0,departamento,Coyoacán,Ciudad de México,70.0,3.0,1.0,,https://departamento.mercadolibre.com.mx/MLM-3006545503-excelente-dpto-remodelado-y-bien-ubicado-_JM,mercadolibre,200.0
27500.0,departamento,Coyoacán,Ciudad de México,90.0,2.0,2.0,,https://departamento.mercadolibre.com.mx/MLM-5498760048-se-renta-penthouse-en-ciudad-jardin-a-estrenar-semiamueblado-_JM,mercadolibre,305.55555555555554
4950.0,departamento,Coyoacán,Ciudad de México,13.0,3.0,1.0,,https://departamento.mercadolibre.com.mx/MLM-5475153216-cuarto-amueblado-coyoacan-de-lujo-_JM,mercadolibre,380.7692307692308
13500.0,departamento,Coyoacán,Ciudad de México,80.0,2.0,1.0,,https://departamento.mercadolibre.com.mx/MLM-5440797636-departamento-en-renta-coyoacan-_JM,mercadolibre,168.75
42500.0,departamento,Coyoacán,Ciudad de México,84.0,2.0,2.0,,https://departamento.mercadolibre.com.mx/MLM-5444864934-exclusivo-departamento-en-renta-amueblado-listo-para-habitar-ubicado-en-high-park-blvd-gransur-5550-pedregal-de-carrasco-coyoacan-_JM,mercadolibre,505.95238095238096
4000.0,departamento,Coyoacán,Ciudad de México,16.0,1.0,1.0,,https://departamento.mercadolibre.com.mx/MLM-5454087382-habitacion-para-estudiante-junto-a-estadio-y-cerca-de-escuelas-y-transportes-_JM,mercadolibre,250.0
21000.0,departamento,Coyoacán,Ciudad de México,70.0,2.0,2.0,,https://departamento.mercadolibre.com.mx/MLM-2985804653-estrena-estupendo-departamento-en-renta-con-exelente-ubicacion-en-division-del-norte-coyoacan-_JM,mercadolibre,300.0
12500.0,departamento,Coyoacán,Ciudad de México,50.0,1.0,1.0,,https://departamento.mercadolibre.com.mx/MLM-2985333609-lindo-departamento-en-coyoacan-1-max-2-personas-1-recamara-_JM,mercadolibre,250.0
13500.0,departamento,Coyoacán,Ciudad de México,35.0,1.0,1.0,,https://departamento.mercadolibre.com.mx/MLM-5412097392-departamento-tipo-loft-en-renta-_JM,mercadolibre,385.7142857142857
18000.0,departamento,Coyoacán,Ciudad de México,120.0,3.0,2.0,,https://departamento.mercadolibre.com.mx/MLM-5468879980-hermoso-departamento-en-zona-residencial-coyoacan-cerca-de-metrobus-caminando-areas-comerciales-cerca-supermercado-con-vigilancia-247-buena-comunidad-_JM,mercadolibre,150.0
24000.0,departamento,Coyoacán,Ciudad de México,180.0,3.0,4.0,,https://departamento.mercadolibre.com.mx/MLM-5420055284-departamento-recien-remodelado-listo-para-habitarse-pet-friendly-_JM,mercadolibre,133.33333333333334
18000.0,departamento,Coyoacán,Ciudad de México,60.0,2.0,1.0,,https://departamento.mercadolibre.com.mx/MLM-3011003423-departamento-amueblado-de-2-recamaras-en-renta-santa-ursula-coapa-coyoacan-_JM,mercadolibre,300.0
50000.0,departamento,Coyoacán,Ciudad de México,170.0,3.0,4.0,,https://departamento.mercadolibre.com.mx/MLM-5510324792-departamento-nuevo-en-renta-170-m2-3-recamaras-con-bano-completo-y-vestidor-2-estacionamientos-bodega-exterior-cuarto-de-servicio-con-bano-completo-_JM,mercadolibre,294.11764705882354
15000.0,departamento,Coyoacán,Ciudad de México,200.0,1.0,1.0,,https://departamento.mercadolibre.com.mx/MLM-3013893297-estudio-habitacion-independiente-amueblado-1-o-2-personas-a-un-costado-del-estadio-banorte-incluye-servicios-posibilidad-de-rentarlo-por-pocos-meses-_JM,mercadolibre,75.0
25000.0,departamento,Coyoacán,Ciudad de México,94.0,2.0,2.0,,https://departamento.mercadolibre.com.mx/MLM-3013814511-renta-ph-en-division-del-norte-_JM,mercadolibre,265.9574468085106
20000.0,departamento,Cuajimalpa,Ciudad de México,110.0,3.0,2.0,,https://departamento.mercadolibre.com.mx/MLM-2975690035-departamento-amplio-en-cuajimalpa-a-15-min-de-santa-fe-_JM,mercadolibre,181.8181818181818
15000.0,departamento,Cuajimalpa,Ciudad de México,97.0,1.0,1.0,,https://departamento.mercadolibre.com.mx/MLM-2746390073-departamento-en-renta-sobre-carretera-mexico-toluca-cuajimalpa-de-morelos-_JM,mercadolibre,154.63917525773195
17000.0,departamento,Cuajimalpa,Ciudad de México,97.0,1.0,1.0,,https://departamento.mercadolibre.com.mx/MLM-4818988096-departamento-amueblado-en-renta-en-cuajimalpa-ciudad-de-mexico-_JM,mercadolibre,175.2577319587629
16700.0,departamento,Cuajimalpa,Ciudad de México,70.0,1.0,1.0,,https://departamento.mercadolibre.com.mx/MLM-5058848004-renta-de-loft-60m2-en-cuajimalpa-_JM,mercadolibre,238.57142857142858
11500.0,departamento,Cuajimalpa,Ciudad de México,68.0,2.0,2.0,,https://departamento.mercadolibre.com.mx/MLM-5473718300-rento-departamento-nuevo-para-estrenar--_JM,mercadolibre,169.11764705882354
29500.0,departamento,Cuajimalpa,Ciudad de México,105.0,3.0,2.0,,https://departamento.mercadolibre.com.mx/MLM-5016699600-departamento-en-renta-en-cuajimalpa-ideal-para-familias-en-condominio-residencial-_JM,mercadolibre,280.95238095238096
42160.0,departamento,Cuajimalpa,Ciudad de México,93.0,2.0,2.0,,https://departamento.mercadolibre.com.mx/MLM-2771987603-departamento-en-renta-en-cuajimalpa-_JM,mercadolibre,453.3333333333333
44500.0,departamento,Cuajimalpa,Ciudad de México,125.0,3.0,3.0,,https://departamento.mercadolibre.com.mx/MLM-2985557331-estrena-departamento-con-3-estacionamientos-amenidades-premium-_JM,mercadolibre,356.0
37000.0,departamento,Cuajimalpa,Ciudad de México,100.0,2.0,2.0,,https://departamento.mercadolibre.com.mx/MLM-2940999295-excelente-departamento-en-renta-en-agwa-bosques-_JM,mercadolibre,370.0
20000.0,departamento,Cuajimalpa,Ciudad de México,61.0,1.0,1.0,,https://departamento.mercadolibre.com.mx/MLM-2946334441-departamento-en-renta-en-cuajimalpa-_JM,mercadolibre,327.8688524590164
41500.0,departamento,Cuajimalpa,Ciudad de México,106.0,3.0,2.0,,https://departamento.mercadolibre.com.mx/MLM-2985945927-renta-departamento-con-3-recamaras-y-amenidades-premium-_JM,mercadolibre,391.50943396226415
48000.0,departamento,Cuajimalpa,Ciudad de México,97.0,2.0,2.0,,https://departamento.mercadolibre.com.mx/MLM-5471367386-departamento-en-renta-en-delegacion-politica-cuajimalpa-de-morelos-_JM,mercadolibre,494.8453608247423
47000.0,departamento,Cuajimalpa,Ciudad de México,87.0,2.0,2.0,,https://departamento.mercadolibre.com.mx/MLM-5386950116-departamento-en-renta-en-cuajimalpa-_JM,mercadolibre,540.2298850574713
39800.0,departamento,Cuajimalpa,Ciudad de México,79.0,2.0,2.0,,https://departamento.mercadolibre.com.mx/MLM-2937321739-departamento-en-renta-en-cuajimalpa-_JM,mercadolibre,503.7974683544304
58000.0,departamento,Cuajimalpa,Ciudad de México,117.0,3.0,2.0,,https://departamento.mercadolibre.com.mx/MLM-5096244020-departamento-en-renta-en-cuajimalpa-_JM,mercadolibre,495.7264957264957
38000.0,departamento,Cuajimalpa,Ciudad de México,165.0,3.0,2.0,,https://departamento.mercadolibre.com.mx/MLM-3002827401-departamento-en-renta-en-sendero-santa-fe-_JM,mercadolibre,230.3030303030303
20000.0,departamento,Cuajimalpa,Ciudad de México,102.0,3.0,2.0,,https://departamento.mercadolibre.com.mx/MLM-2957464261-mggdepartamento-en-renta-en-cuajimalpa-cerca-de-santa-fe-_JM,mercadolibre,196.07843137254903
20950.0,departamento,Cuajimalpa,Ciudad de México,102.0,3.0,2.0,,https://departamento.mercadolibre.com.mx/MLM-5403573670-mggdepartamento-en-renta-en-cuajimalpa-cerca-de-santa-fe-_JM,mercadolibre,205.3921568627451
28500.0,departamento,Cuajimalpa,Ciudad de México,134.0,3.0,2.0,,https://departamento.mercadolibre.com.mx/MLM-2894401117-renta-departamento-amueblado-cuajimalpa-_JM,mercadolibre,212.6865671641791
20000.0,departamento,Cuajimalpa,Ciudad de México,70.0,1.0,2.0,,https://departamento.mercadolibre.com.mx/MLM-5450912882-cuajimalpa-loft-en-renta-_JM,mercadolibre,285.7142857142857
20000.0,departamento,Cuajimalpa,Ciudad de México,97.0,2.0,2.0,,https://departamento.mercadolibre.com.mx/MLM-2890567247-departamento-en-renta-en-cuajimalpa-2-recamaras-estudio-y-amenidades-_JM,mercadolibre,206.18556701030928
18000.0,departamento,Cuajimalpa,Ciudad de México,95.0,3.0,2.0,,https://departamento.mercadolibre.com.mx/MLM-3002661643-renta-departamento-cuajimalpa-inmediato-a-interlomas-_JM,mercadolibre,189.47368421052633
25000.0,departamento,Cuajimalpa,Ciudad de México,118.0,3.0,2.0,,https://departamento.mercadolibre.com.mx/MLM-2999821805-departamento-en-renta-en-cuajimalpa-cdmx-_JM,mercadolibre,211.864406779661
58000.0,departamento,Cuajimalpa,Ciudad de México,156.0,3.0,3.0,,https://departamento.mercadolibre.com.mx/MLM-3008878481-renta-departamento-3-recs-av-santa-fe-parque-de-la-mexicana-_JM,mercadolibre,371.79487179487177
16000.0,departamento,Cuajimalpa,Ciudad de México,50.0,1.0,1.0,,https://departamento.mercadolibre.com.mx/MLM-2897175417-renta-departamento-1-recamara-santa-fe-cuajimalpa-_JM,mercadolibre,320.0
50000.0,departamento,Cuajimalpa,Ciudad de México,140.0,3.0,3.0,,https://departamento.mercadolibre.com.mx/MLM-2897176029-renta-departamento-amueblado-av-santa-fe-3-recamaras-_JM,mercadolibre,357.14285714285717
18000.0,departamento,Cuajimalpa,Ciudad de México,70.0,2.0,1.0,,https://departamento.mercadolibre.com.mx/MLM-2885233487-renta-departamento-2-rec-y-terraza-en-contadero-_JM,mercadolibre,257.14285714285717
20500.0,departamento,Cuajimalpa,Ciudad de México,42.0,1.0,1.0,,https://departamento.mercadolibre.com.mx/MLM-2909259145-confortable-loft-en-renta-en-vitant-santa-fe-parque-la-mexicana-_JM,mercadolibre,488.0952380952381
57000.0,departamento,Cuajimalpa,Ciudad de México,195.0,,2.0,,https://departamento.mercadolibre.com.mx/MLM-2975655681-departamento-renta-siroco-con-terraza-y-vista-al-parque-la-mexicana-_JM,mercadolibre,292.3076923076923
39500.0,departamento,Cuajimalpa,Ciudad de México,142.0,2.0,2.0,,https://departamento.mercadolibre.com.mx/MLM-5445164770-departamento-en-renta-amueblado-en-tres-cumbres-santa-fe-cuajimalpa-_JM,mercadolibre,278.16901408450707
100000.0,departamento,Cuajimalpa,Ciudad de México,290.0,3.0,3.0,,https://departamento.mercadolibre.com.mx/MLM-2821631017-renta-departamento-reforma-santa-fe-amueblado-_JM,mercadolibre,344.82758620689657
27000.0,departamento,Cuajimalpa,Ciudad de México,99.0,2.0,2.0,,https://departamento.mercadolibre.com.mx/MLM-2903282353-increible-departamento-en-renta-en-stampa-residencial-_JM,mercadolibre,272.72727272727275
17800.0,departamento,Cuajimalpa,Ciudad de México,74.0,2.0,1.0,,https://departamento.mercadolibre.com.mx/MLM-2850320915-departamento-de-74-m-con-2-recamaras-en-renta-granjas-palo-alto-_JM,mercadolibre,240.54054054054055
42000.0,departamento,Cuajimalpa,Ciudad de México,167.0,2.0,3.0,,https://departamento.mercadolibre.com.mx/MLM-5376221400-678058-renta-departamento-en-desarrollo-sens-carlos-echanove-vista-hermosa-cuajimalpa-cdmx-_JM,mercadolibre,251.49700598802394
65000.0,departamento,Cuajimalpa,Ciudad de México,350.0,2.0,2.0,,https://departamento.mercadolibre.com.mx/MLM-2911204131-renta-departamento-bosques-de-lomas-2-recamaras-terraza-_JM,mercadolibre,185.71428571428572
66500.0,departamento,Cuajimalpa,Ciudad de México,160.0,3.0,3.0,,https://departamento.mercadolibre.com.mx/MLM-2930150249-departamento-en-renta-amueblado-avenida-santa-fe-_JM,mercadolibre,415.625
70000.0,departamento,Cuajimalpa,Ciudad de México,245.0,3.0,2.0,,https://departamento.mercadolibre.com.mx/MLM-5278054562-hermosodepartamento-en-renta-en-santa-fe-_JM,mercadolibre,285.7142857142857
78000.0,departamento,Cuajimalpa,Ciudad de México,330.0,3.0,3.0,,https://departamento.mercadolibre.com.mx/MLM-5287921956-676333-renta-departamento-en-arcos-bosques-cuajimalpa-de-morelos-cdmx-_JM,mercadolibre,236.36363636363637
40000.0,departamento,Cuajimalpa,Ciudad de México,92.0,2.0,2.0,,https://departamento.mercadolibre.com.mx/MLM-2904271183-hermoso-depto-en-renta-en-high-park-av-santa-fe-_JM,mercadolibre,434.7826086956522
27000.0,departamento,Cuajimalpa,Ciudad de México,90.0,2.0,2.0,,https://departamento.mercadolibre.com.mx/MLM-2976428303-departamento-en-renta-_JM,mercadolibre,300.0
24400.0,departamento,Cuajimalpa,Ciudad de México,101.0,2.0,2.0,,https://departamento.mercadolibre.com.mx/MLM-2886544607-estrena-depto-en-venta-o-renta-en-lomas-del-chamizal-_JM,mercadolibre,241.58415841584159
90000.0,departamento,Cuajimalpa,Ciudad de México,240.0,3.0,3.0,,https://departamento.mercadolibre.com.mx/MLM-5278055560-hermoso-e-iluminado-depto-amoblado-y-equipado-en-mediterranea-santa-fe-_JM,mercadolibre,375.0
90000.0,departamento,Cuajimalpa,Ciudad de México,273.0,3.0,4.0,,https://departamento.mercadolibre.com.mx/MLM-2877881693-departamento-en-renta-en-bosques-de-las-lomas-secretaria-de-marina-torre-cedros-_JM,mercadolibre,329.6703296703297
20000.0,departamento,Cuajimalpa,Ciudad de México,60.0,1.0,1.0,,https://departamento.mercadolibre.com.mx/MLM-2847751607-comodo-departamento-amueblado-con-amenidades-_JM,mercadolibre,333.3333333333333
13000.0,departamento,Cuajimalpa,Ciudad de México,100.0,2.0,1.0,,https://departamento.mercadolibre.com.mx/MLM-5357381408-se-renta-departamento-amueblado-y-equipado-en-granjas-navidad-cuajimalpa-_JM,mercadolibre,130.0
21000.0,departamento,Cuajimalpa,Ciudad de México,33.0,1.0,1.0,,https://departamento.mercadolibre.com.mx/MLM-3009389035-departamento-en-renta-en-up-santafe-cuajimalpa-_JM,mercadolibre,636.3636363636364
11000.0,departamento,Cuajimalpa,Ciudad de México,15.0,1.0,1.0,,https://departamento.mercadolibre.com.mx/MLM-5246056702-cuarto-amueblado-en-santa-fe-_JM,mercadolibre,733.3333333333334
21000.0,departamento,Cuajimalpa,Ciudad de México,120.0,3.0,1.0,,https://departamento.mercadolibre.com.mx/MLM-2874534197-se-renta-departamento-en-lomas-del-chamizal-cuajimalpa-_JM,mercadolibre,175.0
36500.0,departamento,Cuajimalpa,Ciudad de México,8.386,2.0,2.0,,https://departamento.mercadolibre.com.mx/MLM-2904774997-se-renta-departamento-en-santa-fe-cuajimalpa-_JM,mercadolibre,4352.492248986407
27000.0,departamento,Cuajimalpa,Ciudad de México,49.0,1.0,1.0,,https://departamento.mercadolibre.com.mx/MLM-2904774999-se-renta-departamento-en-riga-bosques-de-las-lomas-cuajimalpa-_JM,mercadolibre,551.0204081632653
53000.0,departamento,Cuajimalpa,Ciudad de México,138.0,3.0,3.0,,https://departamento.mercadolibre.com.mx/MLM-5357495044-se-renta-departamento-amueblado-en-agwa-bosques-de-las-lomas-cuajimalpa-_JM,mercadolibre,384.05797101449275
23650.0,departamento,Cuajimalpa,Ciudad de México,44.0,1.0,1.0,,https://departamento.mercadolibre.com.mx/MLM-2874604919-se-renta-departamento-para-estrenar-en-santa-fe-cuajimalpa-_JM,mercadolibre,537.5
59000.0,departamento,Cuajimalpa,Ciudad de México,198.0,3.0,3.0,,https://departamento.mercadolibre.com.mx/MLM-5331001348-departamento-en-bosques-de-las-lomas-_JM,mercadolibre,297.979797979798
36000.0,departamento,Cuajimalpa,Ciudad de México,114.0,2.0,2.0,,https://departamento.mercadolibre.com.mx/MLM-5364308936-departamento-en-santa-fe-_JM,mercadolibre,315.7894736842105
38000.0,departamento,Cuajimalpa,Ciudad de México,105.0,2.0,2.0,,https://departamento.mercadolibre.com.mx/MLM-2964753481-departamento-en-renta-en-santa-fe-bosques-agwa-bosques-_JM,mercadolibre,361.9047619047619
60000.0,departamento,Cuajimalpa,Ciudad de México,205.0,3.0,4.0,,https://departamento.mercadolibre.com.mx/MLM-2967291529-departamento-en-renta-en-santa-fe-bosques-agwa-bosques-_JM,mercadolibre,292.6829268292683
43766.0,departamento,Cuajimalpa,Ciudad de México,138.0,3.0,3.0,,https://departamento.mercadolibre.com.mx/MLM-5394943150-departamento-en-renta-en-santa-fe-bosques-agwa-bosques-_JM,mercadolibre,317.1449275362319
50000.0,departamento,Cuajimalpa,Ciudad de México,139.0,3.0,3.0,,https://departamento.mercadolibre.com.mx/MLM-2964735001-departamento-en-renta-en-santa-fe-bosques-agwa-bosques-_JM,mercadolibre,359.71223021582733
95000.0,departamento,Cuajimalpa,Ciudad de México,240.0,3.0,3.0,,https://departamento.mercadolibre.com.mx/MLM-5376014736-departamento-en-mediterranea-santa-fe-_JM,mercadolibre,395.8333333333333
37000.0,departamento,Cuajimalpa,Ciudad de México,105.0,2.0,2.0,,https://departamento.mercadolibre.com.mx/MLM-5153932866-departamento-en-renta-en-agwa-bosques-cuajimalpa-_JM,mercadolibre,352.3809523809524
73500.0,departamento,Cuajimalpa,Ciudad de México,200.0,3.0,3.0,,https://departamento.mercadolibre.com.mx/MLM-2979155857-renta-departamento-amueblado-paradox-santa-fe-_JM,mercadolibre,367.5
15000.0,departamento,Cuajimalpa,Ciudad de México,48.0,1.0,1.0,,https://departamento.mercadolibre.com.mx/MLM-2959542421-departamento-en-renta-de-1-recamara-a-5-mins-de-contadero-y-10-de-santa-fe-_JM,mercadolibre,312.5
24000.0,departamento,Cuajimalpa,Ciudad de México,72.0,1.0,2.0,,https://departamento.mercadolibre.com.mx/MLM-2979432077-departamento-loft-nuevo-72-m2-1a-recamara-1o-bano-completo-sala-y-comedor-cocina-integral-1o-12-bano-2-estacionamientos-1a-bodega-_JM,mercadolibre,333.3333333333333
60000.0,departamento,Cuajimalpa,Ciudad de México,170.0,3.0,4.0,,https://departamento.mercadolibre.com.mx/MLM-2932510387-departamento-31d-en-renta-torre-peninsula-santa-fe-190-m2-_JM,mercadolibre,352.94117647058823
21800.0,departamento,Cuajimalpa,Ciudad de México,59.0,2.0,1.0,,https://departamento.mercadolibre.com.mx/MLM-5290398456-renta-de-departamento-de-lujo-en-park-de-lux-en-cuajimaldo-exclusividad-y-confort-_JM,mercadolibre,369.49152542372883
60000.0,departamento,Cuajimalpa,Ciudad de México,172.0,3.0,4.0,,https://departamento.mercadolibre.com.mx/MLM-2999923093-renta-depto-fe-3-recamaras-torre-300-vista-parque-mexicana-santa-fe-cdmx-_JM,mercadolibre,348.83720930232556
53000.0,departamento,Cuajimalpa,Ciudad de México,116.0,2.0,2.0,,https://departamento.mercadolibre.com.mx/MLM-3002947349-renta-depto-2-recs-av-santa-fe-parque-de-la-mexicana-_JM,mercadolibre,456.8965517241379
70000.0,departamento,Cuajimalpa,Ciudad de México,314.0,3.0,3.0,,https://departamento.mercadolibre.com.mx/MLM-5246122372-renta-departamento-tamarindos-bosques-de-las-lomas-cuajimalpa-70000-_JM,mercadolibre,222.9299363057325
49500.0,departamento,Cuajimalpa,Ciudad de México,220.0,3.0,3.0,,https://departamento.mercadolibre.com.mx/MLM-2962025155-renta-departamento-sens-lomas-de-vista-hermosa-cuajimalpa-49500-_JM,mercadolibre,225.0
35000.0,departamento,Cuajimalpa,Ciudad de México,124.0,2.0,2.0,,https://departamento.mercadolibre.com.mx/MLM-2962048085-renta-departamento-sens-vista-hermosa-cuajimalpa-cerca-santa-fe-35000-_JM,mercadolibre,282.258064516129
70000.0,departamento,Cuajimalpa,Ciudad de México,275.0,4.0,3.0,,https://departamento.mercadolibre.com.mx/MLM-3009539863-departamento-en-renta-en-bosques-de-las-lomas-_JM,mercadolibre,254.54545454545453
28000.0,departamento,Cuajimalpa,Ciudad de México,114.0,2.0,2.0,,https://departamento.mercadolibre.com.mx/MLM-5488224390-departamento-en-renta-en-campestre-palo-alto-_JM,mercadolibre,245.6140350877193
40000.0,departamento,Cuajimalpa,Ciudad de México,128.0,2.0,2.0,,https://departamento.mercadolibre.com.mx/MLM-2999443223-renta-departamento-sobre-avenida-santa-fe-con-vista-a-la-mexicana-_JM,mercadolibre,312.5
73500.0,departamento,Cuajimalpa,Ciudad de México,204.0,3.0,3.0,,https://departamento.mercadolibre.com.mx/MLM-5479859304-departamento-en-renta-amueblado-paradox-av-santa-fe-546-santa-fe-cuajimalpa-_JM,mercadolibre,360.29411764705884
70000.0,departamento,Cuajimalpa,Ciudad de México,360.0,3.0,3.0,,https://departamento.mercadolibre.com.mx/MLM-3009587685-departamento-en-renta-en-bosques-de-las-lomas-_JM,mercadolibre,194.44444444444446
29362.0,departamento,Cuajimalpa,Ciudad de México,57.0,1.0,1.0,,https://departamento.mercadolibre.com.mx/MLM-3009540283-departamento-en-renta-en-bosques-de-las-lomas-_JM,mercadolibre,515.1228070175439
32000.0,departamento,Cuajimalpa,Ciudad de México,90.0,2.0,2.0,,https://departamento.mercadolibre.com.mx/MLM-5479460048-renta-departamento-santa-fe-satori-balcon-bodega-2-recamaras-amenidades-vigilancia-_JM,mercadolibre,355.55555555555554
45800.0,departamento,Cuajimalpa,Ciudad de México,135.0,3.0,2.0,,https://departamento.mercadolibre.com.mx/MLM-5479429306-departamento-en-renta-high-park-santa-fe-_JM,mercadolibre,339.25925925925924
34000.0,departamento,Cuajimalpa,Ciudad de México,163.0,2.0,2.0,,https://departamento.mercadolibre.com.mx/MLM-5497108646-santa-fe-town-house-en-renta-en-antigua-_JM,mercadolibre,208.58895705521473
35000.0,departamento,Cuajimalpa,Ciudad de México,70.0,2.0,2.0,,https://departamento.mercadolibre.com.mx/MLM-2996419311-up-santa-fe-renta-de-departamento-amueblado-_JM,mercadolibre,500.0
85000.0,departamento,Cuajimalpa,Ciudad de México,349.0,3.0,3.0,,https://departamento.mercadolibre.com.mx/MLM-5408016290-departamento-amueblado-en-renta-en-el-servilletero-_JM,mercadolibre,243.55300859598853
25000.0,departamento,Cuajimalpa,Ciudad de México,90.0,2.0,2.0,,https://departamento.mercadolibre.com.mx/MLM-5435625284-departamento-en-renta-en-manzanastitla-_JM,mercadolibre,277.77777777777777
55000.0,departamento,Cuajimalpa,Ciudad de México,140.0,2.0,2.0,,https://departamento.mercadolibre.com.mx/MLM-2875316817-departamento-en-tres-cumbres-con-muebles-y-sin-muebles-_JM,mercadolibre,392.85714285714283
55000.0,departamento,Cuajimalpa,Ciudad de México,140.0,3.0,2.0,,https://departamento.mercadolibre.com.mx/MLM-2950940427-magnifico-departamento-sobre-av-santa-fe-con-muebles-y-balcon--_JM,mercadolibre,392.85714285714283
11500.0,departamento,Cuajimalpa,Ciudad de México,20.0,1.0,1.0,,https://departamento.mercadolibre.com.mx/MLM-2846529587-departamento-en-renta-en-san-jose-de-los-cedros-_JM,mercadolibre,575.0
31500.0,departamento,Cuajimalpa,Ciudad de México,82.0,2.0,2.0,,https://departamento.mercadolibre.com.mx/MLM-2991053463-departamento-en-renta-en-el-yaqui-_JM,mercadolibre,384.1463414634146
33000.0,departamento,Cuajimalpa,Ciudad de México,48.0,1.0,1.0,,https://departamento.mercadolibre.com.mx/MLM-2990965989-departamento-en-renta-en-el-yaqui-_JM,mercadolibre,687.5
55000.0,departamento,Cuajimalpa,Ciudad de México,175.0,3.0,2.0,,https://departamento.mercadolibre.com.mx/MLM-2957654207-departamento-en-renta-en-santa-fe-cuajimalpa-_JM,mercadolibre,314.2857142857143
19303.0,departamento,Cuajimalpa,Ciudad de México,56.0,2.0,1.0,,https://departamento.mercadolibre.com.mx/MLM-2878178385-departamento-en-renta-contadero-2-recamaras-_JM,mercadolibre,344.69642857142856
25500.0,departamento,Cuajimalpa,Ciudad de México,73.0,1.0,1.0,,https://departamento.mercadolibre.com.mx/MLM-5430417730-departamento-en-renta-en-el-yaqui-_JM,mercadolibre,349.3150684931507
58000.0,departamento,Cuajimalpa,Ciudad de México,138.0,3.0,3.0,,https://departamento.mercadolibre.com.mx/MLM-5386924602-departamento-en-renta-en-bosques-de-las-lomas-_JM,mercadolibre,420.28985507246375
15500.0,departamento,Cuajimalpa,Ciudad de México,65.0,2.0,2.0,,https://departamento.mercadolibre.com.mx/MLM-2959637513-departamento-en-renta-en-loma-de-la-palma-_JM,mercadolibre,238.46153846153845
27953.0,departamento,Cuajimalpa,Ciudad de México,59.0,1.0,1.0,,https://departamento.mercadolibre.com.mx/MLM-2878168719-loft-en-renta-contadero-1-recamaras-_JM,mercadolibre,473.77966101694915
21500.0,departamento,Cuajimalpa,Ciudad de México,70.0,2.0,2.0,,https://departamento.mercadolibre.com.mx/MLM-2963241945-departamento-en-renta-en-abdias-garcia-soto-_JM,mercadolibre,307.14285714285717
19000.0,departamento,Cuajimalpa,Ciudad de México,65.0,2.0,2.0,,https://departamento.mercadolibre.com.mx/MLM-5298395466-espectacular-departamento-con-gran-terraza-privada-a-5-min-de-santa-fe-_JM,mercadolibre,292.3076923076923
52009.0,departamento,Cuajimalpa,Ciudad de México,138.0,3.0,2.0,,https://departamento.mercadolibre.com.mx/MLM-5132893394-departamento-en-agwa-bosques-en-venta-cuajimalpa-de-morelos-cdmx-_JM,mercadolibre,376.8768115942029
50000.0,departamento,Cuajimalpa,Ciudad de México,239.0,3.0,3.0,,https://departamento.mercadolibre.com.mx/MLM-5395493278-departamento-en-renta-en-bosques-de-las-lomas-_JM,mercadolibre,209.20502092050208
105000.0,departamento,Cuajimalpa,Ciudad de México,260.0,3.0,3.0,,https://departamento.mercadolibre.com.mx/MLM-2929729561-departamento-en-renta-basalto-cumbres-de-santa-fe-_JM,mercadolibre,403.84615384615387
55000.0,departamento,Cuajimalpa,Ciudad de México,119.0,3.0,2.0,,https://departamento.mercadolibre.com.mx/MLM-5217639584--departamento-frente-a-la-mexicana-con-balcon-_JM,mercadolibre,462.1848739495798
48000.0,departamento,Cuajimalpa,Ciudad de México,195.0,3.0,3.0,,https://departamento.mercadolibre.com.mx/MLM-2878104117--oportunidad-departamento-en-renta-con-2-balcones-y-areas-comunes-_JM,mercadolibre,246.15384615384616
37253.0,departamento,Cuauhtémoc,Ciudad de México,85.0,2.0,2.0,,https://click1.mercadolibre.com.mx/brand_ads/clicks/MLM/count?a=hIwZEm85ZnjyYAJfpQ3Xg1QmzhEjF5cSRwYJJhut%2B%2FQPpJPgJyB4DVmz68jbD4qMR3C6B1yJaKtdXWhcb866oOJjkUbBOlTl1MnMuFcsl9wMX%2FH9to27HBIijB%2FZoZOgD0Py1PORpgcC1GXo6LmW46lyyPN1WZ8RHjlv9LvpFJjMYnexFIQudANlk2vzsxODkY4HWpaflX7hUOxLE4EPF1ZPQfK0305KBswjmB4SD%2FRn8rDTHEqwBRY2z8E1YwBJOUUiBYgkqSh%2BNePIXhpK8V9RgiHEO%2BW6POMS1HIUJAVjUtyxF%2BsQ%2FtjeYH0RAYSv5ste0lGtohn%2BFO2iyJ7dobXZfAOtMWn1WodwIX32TWKZiEcO6PS3H5dlnyUKB2kpDclsonozesZHGWo3uRwUAQyK3EwgGbLiE6%2BKKF0yebTg2XsxIMRxx0nrl1aEZe6U3rJUL9MZn4uRmk5ZQIUT29mslPA3BU9Qf4VeMyvthGddVSWiSz5R3FVB5%2FNMmndiU0bt10BOnAHsXp7pBQ0SlLKUsAdvbGnT9BAMjlE4BfAhqUCkFHTH13xssbZBikYeQ6j8SejDKbZs7DfUMAs%2FNjGJ6w97iONm8hD%2BJ%2BWvux751OyIkag4cYWMFmDORtl9rFCRV6dOe7BVpb6q2jAlzsw9nuaQsHgUc5H8DLYNQgN1M8vdcZuCgjKrJJ509RPRdwjDbSb1tW1jK5hdUqFTy2rAfvWyoYmOVOaKb%2BiFxGxC%2BNoCe5rVlw5e%2FbKabF8jx6xXRYxUQPytqLXIOlS4Rcv2Kprq0kjIdn48xWSnl64LlVGz4WmmsjmYJCHD0ZMPuuv%2FVHhNB5jy8ZZZ%2B9jDCTJRNOOgBrDfio0uw%2FDSMfIrTJbzOzZ7sI06yo71bSf9fMd8MIkQ66k1xFmmLTU1ywNqtJX6CzhLzO5M%2FRKqnV5eEj3ORTclhEru9kQyan0lIdDlRCaJgwXT0zbcDtq7AMKQn0XF%2BbFX8SjHo6sCX0biuAfZCBuzqk5s1ZyMMdpAqIDsyitVPHNOji7hlpkrnQFJxlkiJVhrQioADv%2F6V74IeVbUoN%2BD8NLwaigRwUM%2Bu59Ahv6Cb9P9rQUMfeeT6zkPI2DrXJKbTkFIJdccmgCv05KpZ2NfYsidElBg039z8FGlPT6qYFiijuKl0fUjcVInbJlqR%2BeWC%2BCObDlyeOwFoFdlX8vF8kepB7wgje6a34DS5VnLqGLecnXKfuHUMRtf59ZqD39FuX9KMtt1%2FWyzw3yFcX7eplnnVUWJXL7rucRXLq6C6%2BJ%2FnputGP7M1GXVVkEieHhoGjhEHDOASad9HcZfNphXTcd8C8SwrYP3dCPmGHsaPBzUrVMhyolvgJhps0G2QTGX1YtVKMhMLRCLHyNOsU48znQ7ncv9xuunii%2FUTIPblkfE6xRwDscLEPI79RVGIlbXKS1si7%2BDOdZNCq38PXH%2B%2FCx7u1zt%2BZL0Mj9Y85rPQA361JxJu6CiY1cI8U4mhgLJsg2VU3AdFPhzOBu7WoQPrKcs0j%2Fq5ejJbnXGoU9FhX9roLHIyRl8WOHHE5vKBymmEBXn8ZQ3Fpo%3D,mercadolibre,438.2705882352941
19000.0,departamento,Cuauhtémoc,Ciudad de México,40.0,,1.0,,https://click1.mercadolibre.com.mx/brand_ads/clicks/MLM/count?a=5LXjat3h%2BoomVbMmIBntNMgzSgDsA%2FTmuVht48Xtuy%2BG44Z3SmdLjmSzwMvth%2BwOUgV8TNOEyAW7i0%2BIrZbmhVSnasqJ%2BxxCTfkkoAej%2F1hxIKW2lxe6cE%2BZ3iYZyl7eXL0oCBRLOctPpY3Pa2Q%2FabCIN4UCSCTCzExI7FZlqEEZEiVnjrlazmnZzHXcgNMRyei1XmlcD5D%2FOa1JrXXNdlExk0E3dUBqm1%2BX50K1%2FcIVLeQQM%2F5pTd8lvRf2xs%2FV839kcdj0YTsMawI4NTo31NFCudflspYkQHww0TTMbVJFmR0eD1OzP%2BfkrtIy6or3iMP0THsy037QKEs7pUaorol843vsG%2FaFyK5J2yEHwCZxsu5xB%2Fx38KRqOrFyM90Qs7RyD56HC1%2FdvHUVFWOCtBIl7yM11yiQ6LtDX7EYxVVDuHTVsRSndTEdTc%2BZXa%2FGUqhogGCmbANI2O1bQNIh2%2FciKVB6EBbtZUzifaVGG32dn%2F%2B49tVCymuJx8fLu0c1qKZTpXtm5XC1nThYbWHc6bVjOqOPugyytAJy37MmCP3U3JxfuTqP8ltZG2XSYqZqrI27p1509wONV823Zfnz7a6YoDQUR1T5h1PNnedv4UAazklN6208ieZbWltxtaxTjTY0f5Gs99L5thvfbU72VBBSLSXYywYDKlpKYTqvsSW1yfSoo8a%2FE3NtoCsWxxPnCWHQv1Z%2FG2WFnCObgp34hdmIDcmEb8SlKaDk3iWU6THRjGNq2D3xUL4qNPximKt6Q83McRZol1KH3hmHm7BB%2FKIsxbL7FlVrAtr6JqhCizzWnzKpKDYyKob%2BLjGDhRpB35HrY9RfBJthLSII77f0mnegtVTrITKqmX4GCY%2B%2B%2BAr1e5eYIqzSC3WvCdvBcFfuRk4xi4mOUF%2FnuvqC9ZpPfed430Md3XRJCtZF2tdA8pNp1ukA9U%2BnWzGy8ozvutJpmFA4h8FlTH7nmc0xKMATLJFeaE4bvmpP93VEYLh1OSrteVJphP7mphzmJQn4lpUFC7E80%2FCb9%2B3arazTNkqoqkPLkeg4CfdzKyJ1lNeOj1E0RZQeWjupSNY4RcrGakmo0Se7XHJHyUnxrvVF%2FVjOzquU1s8ACE1A6HGwgOpnYHwCMjJShcnecnPWEZKnAjJftP0QnztqcwebnG1njVU6SzjBMpb%2Fvr1Gd12ZYAqEFKn2kAspyM%2F5NHDtYh6qxAGoSXzVAWTpUW5%2Bjln1ckfAF2gsQY9a97GgPOM0A0ZqkKsrQ4bvkHoz53l7iTQmIeegcYKfoItZF13ExUdO6I4RMJiUVTImFbdXnS09OLe3n7baPeQ8eFmsgbVGlcXiOTS6YfmahriYbCKEjMy7u5q%2BwfTYiZuu7hLHIfkMati70%2B7pnRm8AT5TBdfhdOfuVOH%2F5gB3d1ATaQtfvFX%2Fuu6Vz1YTafEBIIPFiUDA0zCLEYLYw3ZUYK36VHgJFk9vwbvrTOL7es%2BEvxHtWkxVHJ9VWQ6eSSGyouRQKlGyWZsPpdxjCVAVMm9H3KlY0AhWqgToIHXLlXEO4%2BE4YHttQ9FT7O8svJ807tJOTQC1Z9SR6HSwmKpS,mercadolibre,475.0
33900.0,departamento,Cuauhtémoc,Ciudad de México,47.0,1.0,1.0,,https://departamento.mercadolibre.com.mx/MLM-2938729831-departamento-en-renta-university-tower-reforma-1-recamara-_JM,mercadolibre,721.2765957446809
20000.0,departamento,Cuauhtémoc,Ciudad de México,50.0,1.0,1.0,,https://departamento.mercadolibre.com.mx/MLM-5479268604-renta-departamento-amueblado-en-roma-sur-baja-california--_JM,mercadolibre,400.0
68000.0,departamento,Cuauhtémoc,Ciudad de México,117.0,2.0,2.0,,https://departamento.mercadolibre.com.mx/MLM-3002618359-departamento-de-lujo-amueblado-en-renta-reforma-222-piso-28-vista-panoramica-_JM,mercadolibre,581.1965811965812
12500.0,departamento,Cuauhtémoc,Ciudad de México,20.0,1.0,1.0,,https://departamento.mercadolibre.com.mx/MLM-2919504629-renta-loft-en-roma-sur-_JM,mercadolibre,625.0
18900.0,departamento,Cuauhtémoc,Ciudad de México,61.0,2.0,2.0,,https://departamento.mercadolibre.com.mx/MLM-2880690275-departamento-en-renta-cercano-a-reforma-polanco-pemex-marina-nacional-_JM,mercadolibre,309.8360655737705
22000.0,departamento,Cuauhtémoc,Ciudad de México,60.0,1.0,1.0,,https://departamento.mercadolibre.com.mx/MLM-2932620323-renta-roma-norte-_JM,mercadolibre,366.6666666666667
30000.0,departamento,Cuauhtémoc,Ciudad de México,90.0,2.0,2.0,,https://departamento.mercadolibre.com.mx/MLM-2921382039-renta-departamento-en-cuauhtemoc-_JM,mercadolibre,333.3333333333333
25000.0,departamento,Cuauhtémoc,Ciudad de México,80.0,2.0,1.0,,https://departamento.mercadolibre.com.mx/MLM-2973927933-renta-departamento-roma-norte-_JM,mercadolibre,312.5
20155.0,departamento,Cuauhtémoc,Ciudad de México,38.0,1.0,1.0,,https://departamento.mercadolibre.com.mx/MLM-5497118728-renta-departamentos-paseo-de-la-reforma-sin-aval-con-alberca-cdmx-_JM,mercadolibre,530.3947368421053
33000.0,departamento,Cuauhtémoc,Ciudad de México,100.0,2.0,1.0,,https://departamento.mercadolibre.com.mx/MLM-2973898619-renta-departamento-roma-norte-_JM,mercadolibre,330.0
38757.0,departamento,Cuauhtémoc,Ciudad de México,78.0,2.0,2.0,,https://departamento.mercadolibre.com.mx/MLM-2980118543-departamento-en-renta-en-san-rafael-_JM,mercadolibre,496.88461538461536
69000.0,departamento,Cuauhtémoc,Ciudad de México,212.0,3.0,4.0,,https://departamento.mercadolibre.com.mx/MLM-5473375980-ph-en-renta-en-la-condesa-sobre-amsterdam-con-roof-garden-privado-_JM,mercadolibre,325.47169811320754
20465.0,departamento,Cuauhtémoc,Ciudad de México,31.0,1.0,1.0,,https://departamento.mercadolibre.com.mx/MLM-2803201541-departamento-en-renta-en-san-rafael-_JM,mercadolibre,660.1612903225806
20300.0,departamento,Cuauhtémoc,Ciudad de México,38.0,,1.0,,https://departamento.mercadolibre.com.mx/MLM-5407571636-departamento-en-renta-sin-aval-alberca-col-juarez-cuauhtemoc-cuidad-mexico-_JM,mercadolibre,534.2105263157895
19500.0,departamento,Cuauhtémoc,Ciudad de México,38.0,1.0,1.0,,https://departamento.mercadolibre.com.mx/MLM-2975688753-paseo-de-la-reforma-departamentos-en-renta-centro-cdmx-ciudad-mexico-_JM,mercadolibre,513.1578947368421
26500.0,departamento,Cuauhtémoc,Ciudad de México,45.0,1.0,1.0,,https://departamento.mercadolibre.com.mx/MLM-3009367403-departamento-amueblado-en-la-roma-_JM,mercadolibre,588.8888888888889
20155.0,departamento,Cuauhtémoc,Ciudad de México,31.0,1.0,1.0,,https://departamento.mercadolibre.com.mx/MLM-2980081125-departamento-en-renta-en-san-rafael-_JM,mercadolibre,650.1612903225806
19800.0,departamento,Cuauhtémoc,Ciudad de México,31.0,1.0,1.0,,https://departamento.mercadolibre.com.mx/MLM-5428241016-renta-departamento-tipo-loft-zona-reforma-opcion-renta-amueblado-_JM,mercadolibre,638.7096774193549
22500.0,departamento,Cuauhtémoc,Ciudad de México,55.0,1.0,1.0,,https://departamento.mercadolibre.com.mx/MLM-2979037665-renta-departamento-cerca-metro-juarez--_JM,mercadolibre,409.09090909090907
19200.0,departamento,Cuauhtémoc,Ciudad de México,38.0,1.0,1.0,,https://departamento.mercadolibre.com.mx/MLM-2975637735-departamentos-en-renta-sin-aval-en-el-centro-alberca-cdmx-col-juarez-reforma-_JM,mercadolibre,505.2631578947368
26850.0,departamento,Cuauhtémoc,Ciudad de México,53.0,1.0,1.0,,https://departamento.mercadolibre.com.mx/MLM-5428292046-renta-departamento-zona-reforma-opcion-renta-amueblado-_JM,mercadolibre,506.60377358490564
28900.0,departamento,Cuauhtémoc,Ciudad de México,42.0,1.0,1.0,,https://departamento.mercadolibre.com.mx/MLM-5428150526-renta-exclusivo-loft-en-excelente-ubicacion-opcion-renta-amueblado-_JM,mercadolibre,688.0952380952381
36900.0,departamento,Cuauhtémoc,Ciudad de México,71.0,2.0,2.0,,https://departamento.mercadolibre.com.mx/MLM-5428150758-renta-departamento-zona-reforma-opcion-renta-amueblado-_JM,mercadolibre,519.7183098591549
26150.0,departamento,Cuauhtémoc,Ciudad de México,40.0,1.0,1.0,,https://departamento.mercadolibre.com.mx/MLM-5428150674-renta-departamento-zona-reforma-opcion-renta-amueblado-_JM,mercadolibre,653.75
37170.0,departamento,Cuauhtémoc,Ciudad de México,71.0,2.0,2.0,,https://departamento.mercadolibre.com.mx/MLM-2991053219-departamento-en-renta-en-san-rafael-_JM,mercadolibre,523.5211267605633
37100.0,departamento,Cuauhtémoc,Ciudad de México,78.0,2.0,2.0,,https://departamento.mercadolibre.com.mx/MLM-5428240926-renta-departamento-zona-reforma-opcion-renta-amueblado-_JM,mercadolibre,475.64102564102564
34500.0,departamento,Cuauhtémoc,Ciudad de México,51.0,1.0,1.0,,https://departamento.mercadolibre.com.mx/MLM-5428291864-renta-exclusivo-departamento-en-excelente-ubicacion-opcion-renta-amueblado-_JM,mercadolibre,676.4705882352941
19900.0,departamento,Cuauhtémoc,Ciudad de México,36.0,1.0,1.0,,https://departamento.mercadolibre.com.mx/MLM-5428240788-renta-departamento-col-juarez-opcion-renta-amueblado-_JM,mercadolibre,552.7777777777778
52000.0,departamento,Cuauhtémoc,Ciudad de México,122.0,2.0,2.0,,https://departamento.mercadolibre.com.mx/MLM-5460574536-renta-departamento-amueblado-y-equipado-la-condesa--_JM,mercadolibre,426.2295081967213
31000.0,departamento,Cuauhtémoc,Ciudad de México,35.0,1.0,1.0,,https://departamento.mercadolibre.com.mx/MLM-5407575560-departamentos-en-renta-amueblados-en-la-col-condesa-ciudad-de-mexico-cuauhtemoc-_JM,mercadolibre,885.7142857142857
50000.0,departamento,Cuauhtémoc,Ciudad de México,75.0,2.0,2.0,,https://departamento.mercadolibre.com.mx/MLM-5428240776-renta-exclusivo-departamento-en-excelente-ubicacion-opcion-renta-amueblado-_JM,mercadolibre,666.6666666666666
30000.0,departamento,Cuauhtémoc,Ciudad de México,53.0,1.0,1.0,,https://departamento.mercadolibre.com.mx/MLM-5492142094-departamento-amueblado-en-renta-con-amplia-terraza-hamburgo-32-col-juarez-_JM,mercadolibre,566.0377358490566
27000.0,departamento,Cuauhtémoc,Ciudad de México,40.0,,1.0,,https://departamento.mercadolibre.com.mx/MLM-5488833454-exclusivo-loft-amueblado-en-roma-norte-_JM,mercadolibre,675.0
13000.0,departamento,Cuauhtémoc,Ciudad de México,70.0,2.0,1.0,,https://departamento.mercadolibre.com.mx/MLM-5479779086-departamento-en-renta-en-boleo-con-roof-privado-_JM,mercadolibre,185.71428571428572
38000.0,departamento,Cuauhtémoc,Ciudad de México,80.0,2.0,1.0,,https://departamento.mercadolibre.com.mx/MLM-3006267083-departamento-en-renta-edif-porfiriano-roma-norte-_JM,mercadolibre,475.0
38000.0,departamento,Cuauhtémoc,Ciudad de México,83.0,2.0,2.0,,https://departamento.mercadolibre.com.mx/MLM-2996467291-hermoso-departamento-amueblado-en-renta-col-cuauhtemoc-cdmx-_JM,mercadolibre,457.8313253012048
35000.0,departamento,Cuauhtémoc,Ciudad de México,100.0,2.0,1.0,,https://departamento.mercadolibre.com.mx/MLM-3011034627-departamento-amueblado-en-roma-norte-100-m2-_JM,mercadolibre,350.0
45000.0,departamento,Cuauhtémoc,Ciudad de México,100.0,2.0,2.0,,https://departamento.mercadolibre.com.mx/MLM-2996558305-departamento-amueblado-en-renta-roma-norte-_JM,mercadolibre,450.0
9500.0,departamento,Cuauhtémoc,Ciudad de México,54.0,2.0,1.0,,https://departamento.mercadolibre.com.mx/MLM-5441392838-renta-departamento-en-cuauhtemos-cdmx-_JM,mercadolibre,175.92592592592592
23730.0,departamento,Cuauhtémoc,Ciudad de México,38.0,1.0,1.0,,https://departamento.mercadolibre.com.mx/MLM-5100555284-renta-departamento-roma-sur-cdmx-condesa-_JM,mercadolibre,624.4736842105264
15500.0,departamento,Cuauhtémoc,Ciudad de México,75.0,2.0,1.0,,https://departamento.mercadolibre.com.mx/MLM-5352394826-renta-dpto-recien-remodelado-republica-del-salvador-a-una-cuadra-de-eje-central-_JM,mercadolibre,206.66666666666666
23730.0,departamento,Cuauhtémoc,Ciudad de México,34.0,1.0,1.0,,https://departamento.mercadolibre.com.mx/MLM-2831428887-renta-departamento-roma-sur-cdmx-sin-aval-_JM,mercadolibre,697.9411764705883
25000.0,departamento,Cuauhtémoc,Ciudad de México,90.0,2.0,2.0,,https://departamento.mercadolibre.com.mx/MLM-5444490642-departamento-en-renta-en-santa-maria-la-ribera-con-roof-garden-privado-_JM,mercadolibre,277.77777777777777
30000.0,departamento,Cuauhtémoc,Ciudad de México,74.0,1.0,1.0,,https://departamento.mercadolibre.com.mx/MLM-5402179908-renta-increible-loft-en-roma-norte-a-un-costado-de-plaza-rio-de-janeiro-y-de-plaza-luis-cabrera-_JM,mercadolibre,405.4054054054054
23000.0,departamento,Cuauhtémoc,Ciudad de México,70.0,2.0,1.0,,https://departamento.mercadolibre.com.mx/MLM-5375998214-renta-departamento-colonia-doctores-cdmx-cerca-de-la-arena-mexico-_JM,mercadolibre,328.57142857142856
19600.0,departamento,Cuauhtémoc,Ciudad de México,37.0,1.0,1.0,,https://departamento.mercadolibre.com.mx/MLM-5200281336-departamento-en-tabacalera-_JM,mercadolibre,529.7297297297297
21000.0,departamento,Cuauhtémoc,Ciudad de México,50.0,1.0,1.0,,https://departamento.mercadolibre.com.mx/MLM-5100349022-deparamento-en-renta-en-roma-sur-condesa-_JM,mercadolibre,420.0
11150.0,departamento,Cuauhtémoc,Ciudad de México,50.0,,1.0,,https://departamento.mercadolibre.com.mx/MLM-2926714517-depa-amueblado-y-equipado-en-tabacalera-con-servicios-incluidos-_JM,mercadolibre,223.0
33500.0,departamento,Cuauhtémoc,Ciudad de México,80.0,1.0,1.0,,https://departamento.mercadolibre.com.mx/MLM-5271952208-renta-de-departamento-art-deco-amueblado-en-la-juarez-_JM,mercadolibre,418.75
26930.0,departamento,Cuauhtémoc,Ciudad de México,45.0,1.0,1.0,,https://departamento.mercadolibre.com.mx/MLM-5100360632-departamento-loft-en-renta-sobre-reforma-cdmx-_JM,mercadolibre,598.4444444444445
30000.0,departamento,Cuauhtémoc,Ciudad de México,61.0,1.0,1.0,,https://departamento.mercadolibre.com.mx/MLM-2932076293-departamento-con-amplia-terraza-en-renta-amueblado-y-equipado-hamburgo-32-col-juarez-_JM,mercadolibre,491.8032786885246
35030.0,departamento,Cuauhtémoc,Ciudad de México,65.0,1.0,1.0,,https://departamento.mercadolibre.com.mx/MLM-2831171529-renta-departamento-en-condesa-cdmx-_JM,mercadolibre,538.9230769230769
7875.0,departamento,Cuauhtémoc,Ciudad de México,121.0,2.0,2.0,,https://departamento.mercadolibre.com.mx/MLM-5413354300-renta-departamento-de-lujo-condesa-2-3-rec-sonora-149-_JM,mercadolibre,65.08264462809917
33000.0,departamento,Cuauhtémoc,Ciudad de México,110.0,2.0,1.0,,https://departamento.mercadolibre.com.mx/MLM-2837380727-departamento-amueblado-en-roma-norte-110-m2-_JM,mercadolibre,300.0
17530.0,departamento,Cuauhtémoc,Ciudad de México,30.0,1.0,1.0,,https://departamento.mercadolibre.com.mx/MLM-2945511473-departamento-en-renta-en-juarez-_JM,mercadolibre,584.3333333333334
25000.0,departamento,Cuauhtémoc,Ciudad de México,28.0,1.0,1.0,,https://departamento.mercadolibre.com.mx/MLM-2831356555-departamento-en-renta-en-reforma-_JM,mercadolibre,892.8571428571429
42000.0,departamento,Cuauhtémoc,Ciudad de México,80.0,2.0,2.0,,https://departamento.mercadolibre.com.mx/MLM-5339990842-departamento-en-renta-amueblado-y-equipado-2-recamaras-2-banos-hamburgo-32-col-juarez-_JM,mercadolibre,525.0
27230.0,departamento,Cuauhtémoc,Ciudad de México,30.0,1.0,1.0,,https://departamento.mercadolibre.com.mx/MLM-5100350452-renta-departamento-reforma-cdmx-sin-aval-_JM,mercadolibre,907.6666666666666
25000.0,departamento,Cuauhtémoc,Ciudad de México,53.0,1.0,1.0,,https://departamento.mercadolibre.com.mx/MLM-2956944745-departamento-en-renta-en-rio-niagara-_JM,mercadolibre,471.6981132075472
35000.0,departamento,Cuauhtémoc,Ciudad de México,67.0,1.0,1.0,,https://departamento.mercadolibre.com.mx/MLM-2930115157-departamento-en-renta-amueblado-y-equipado-hamburgo-32-col-juarez-_JM,mercadolibre,522.3880597014926
28000.0,departamento,Cuauhtémoc,Ciudad de México,44.0,1.0,1.0,,https://departamento.mercadolibre.com.mx/MLM-2930118983-loft-premium-en-renta-amueblado-y-equipado-hamburgo-32-col-juarez-_JM,mercadolibre,636.3636363636364
20500.0,departamento,Cuauhtémoc,Ciudad de México,41.0,1.0,1.0,,https://departamento.mercadolibre.com.mx/MLM-5224472530-renta-departamento-roma-sur-_JM,mercadolibre,500.0
30000.0,departamento,Cuauhtémoc,Ciudad de México,110.0,2.0,1.0,,https://departamento.mercadolibre.com.mx/MLM-5115075674-departamento-amueblado-en-roma-norte-110-m2-_JM,mercadolibre,272.72727272727275
45000.0,departamento,Cuauhtémoc,Ciudad de México,129.0,2.0,2.0,,https://departamento.mercadolibre.com.mx/MLM-2992777603-departamento-en-renta-en-la-roma-norte-_JM,mercadolibre,348.83720930232556
32000.0,departamento,Cuauhtémoc,Ciudad de México,109.0,1.0,2.0,,https://departamento.mercadolibre.com.mx/MLM-2992767729-ph-en-renta-y-venta-con-roof-garden-privado-_JM,mercadolibre,293.57798165137615
33000.0,departamento,Cuauhtémoc,Ciudad de México,150.0,3.0,1.0,,https://departamento.mercadolibre.com.mx/MLM-2837556005-departamento-amueblado-en-roma-norte-150-m2-_JM,mercadolibre,220.0
18900.0,departamento,Cuauhtémoc,Ciudad de México,58.0,2.0,2.0,,https://departamento.mercadolibre.com.mx/MLM-2957337515-departamento-nuevo-en-renta-buenavista-cuauhtemoc-_JM,mercadolibre,325.86206896551727
30000.0,departamento,Cuauhtémoc,Ciudad de México,59.0,2.0,1.0,,https://departamento.mercadolibre.com.mx/MLM-2894409827-precioso-departamento-con-amenidades-en-roma-norte-_JM,mercadolibre,508.47457627118644
35000.0,departamento,Cuauhtémoc,Ciudad de México,91.0,1.0,1.0,,https://departamento.mercadolibre.com.mx/MLM-2775931907-departamento-en-reforma-27-_JM,mercadolibre,384.61538461538464
50000.0,departamento,Cuauhtémoc,Ciudad de México,100.0,2.0,2.0,,https://departamento.mercadolibre.com.mx/MLM-2964873523-departamento-en-renta-en-paseo-de-la-reforma-_JM,mercadolibre,500.0
16500.0,departamento,Cuauhtémoc,Ciudad de México,55.0,2.0,1.0,,https://departamento.mercadolibre.com.mx/MLM-5024201300-renta-de-departamento-amueblado-colonia-doctores-_JM,mercadolibre,300.0
20261.0,departamento,Cuauhtémoc,Ciudad de México,38.0,1.0,1.0,,https://departamento.mercadolibre.com.mx/MLM-5305499850-departamentos-con-amenidades-en-cdmx-_JM,mercadolibre,533.1842105263158
34000.0,departamento,Cuauhtémoc,Ciudad de México,100.0,2.0,2.0,,https://departamento.mercadolibre.com.mx/MLM-2908992721-en-renta-duplex-con-terraza-en-chilpancingo-roma-sur-_JM,mercadolibre,340.0
80000.0,departamento,Cuauhtémoc,Ciudad de México,120.0,2.0,2.0,,https://departamento.mercadolibre.com.mx/MLM-2967905969-renta-penhouse-parque-espana-_JM,mercadolibre,666.6666666666666
27500.0,departamento,Cuauhtémoc,Ciudad de México,42.0,1.0,1.0,,https://departamento.mercadolibre.com.mx/MLM-2865690581-renta-departamento-tipo-studio-col-roma-norte-cdmx-a-400mts-paseo-reforma-_JM,mercadolibre,654.7619047619048
48000.0,departamento,Cuauhtémoc,Ciudad de México,110.0,2.0,2.0,,https://departamento.mercadolibre.com.mx/MLM-5450881230-departamento-en-roma-norte-amueblado-o-sin-amueblar-_JM,mercadolibre,436.3636363636364
29000.0,departamento,Cuauhtémoc,Ciudad de México,40.0,,1.0,,https://departamento.mercadolibre.com.mx/MLM-2937250191-exclusivo-loft-amueblado-de-diseno-en-la-roma-_JM,mercadolibre,725.0
35000.0,departamento,Cuauhtémoc,Ciudad de México,135.0,2.0,2.0,,https://departamento.mercadolibre.com.mx/MLM-5462066382-hermoso-departamento-sin-muebles-con-una-vista-privilegiada-a-reforma-_JM,mercadolibre,259.25925925925924
31700.0,departamento,Cuauhtémoc,Ciudad de México,51.0,1.0,1.0,,https://departamento.mercadolibre.com.mx/MLM-2865664739-renta-departamento-para-estrenar-1-recamara-col-roma-norte-cdmx-a-400mts-paseo-reforma-_JM,mercadolibre,621.5686274509804
48000.0,departamento,Cuauhtémoc,Ciudad de México,111.0,2.0,2.0,,https://departamento.mercadolibre.com.mx/MLM-5462018352-renta-departamento-amueblado-en-col-tabacalera-con-una-vista-increible-_JM,mercadolibre,432.43243243243245
45200.0,departamento,Cuauhtémoc,Ciudad de México,68.0,1.0,1.0,,https://departamento.mercadolibre.com.mx/MLM-2865729307-renta-departamento-para-estrenar-2-recamaras-col-roma-norte-cdmx-a-400mts-paseo-reforma-_JM,mercadolibre,664.7058823529412
27000.0,departamento,Cuauhtémoc,Ciudad de México,110.0,1.0,2.0,,https://departamento.mercadolibre.com.mx/MLM-2967523963-con-gran-terraza-cerca-de-reforma-222-departamento-en-renta-en-cdmx-_JM,mercadolibre,245.45454545454547
43000.0,departamento,Cuauhtémoc,Ciudad de México,110.0,2.0,2.0,,https://departamento.mercadolibre.com.mx/MLM-5462042834-renta-departamento-amueblado-con-balcon-_JM,mercadolibre,390.90909090909093
45000.0,departamento,Cuauhtémoc,Ciudad de México,124.0,3.0,3.0,,https://departamento.mercadolibre.com.mx/MLM-2984750745-departamento-en-renta-colonia-juarez-_JM,mercadolibre,362.9032258064516
21000.0,departamento,Cuauhtémoc,Ciudad de México,75.0,3.0,1.0,,https://departamento.mercadolibre.com.mx/MLM-5455714606-se-renta-departamento-remodelado-colonia-san-rafael-_JM,mercadolibre,280.0
42780.0,departamento,Cuauhtémoc,Ciudad de México,105.0,3.0,2.0,,https://departamento.mercadolibre.com.mx/MLM-2950232417-departamento-interior-ubicada-en-la-calle-de-cholula-en-la-condesa-tiene-una-ubicacion-privilegiada-y-con-alta-demanda-cerca-de-parques-como-el-parque-mexico-y-el-parque-espana-remodelado-para-e-_JM,mercadolibre,407.42857142857144
50000.0,departamento,Cuauhtémoc,Ciudad de México,130.0,2.0,2.0,,https://departamento.mercadolibre.com.mx/MLM-5352413712-renta-departamento-bgrand-reforma-vistas-panoramicas-amueblado-amenidades-alberca-coworking-spa-salones-uso-multiple-gym-sauna-terrazas-area-social-_JM,mercadolibre,384.61538461538464
39900.0,departamento,Cuauhtémoc,Ciudad de México,110.0,2.0,2.0,,https://departamento.mercadolibre.com.mx/MLM-2945238755-departamento-en-cuauhtemoc-cerca-de-reforma-con-roof-garden-_JM,mercadolibre,362.72727272727275
95000.0,departamento,Cuauhtémoc,Ciudad de México,180.0,2.0,2.0,,https://departamento.mercadolibre.com.mx/MLM-3005723597-departamento-amueblado-y-equipado-col-condesa-con-terraza-_JM,mercadolibre,527.7777777777778
35500.0,departamento,Cuauhtémoc,Ciudad de México,100.0,2.0,2.0,,https://departamento.mercadolibre.com.mx/MLM-5497802692-departamento-en-roma-norte-merida-174-primer-piso-_JM,mercadolibre,355.0
29500.0,departamento,Cuauhtémoc,Ciudad de México,110.0,2.0,1.0,,https://departamento.mercadolibre.com.mx/MLM-5479761640-departamento-2-recamaras-1-estudio-1-bano-recien-remodelado-roma-norte-super-ubicado-_JM,mercadolibre,268.1818181818182
14500.0,departamento,Cuauhtémoc,Ciudad de México,65.0,2.0,1.0,,https://departamento.mercadolibre.com.mx/MLM-2883711759-departamento-en-renta-col-san-simon-tolnahuac-_JM,mercadolibre,223.07692307692307
47100.0,departamento,Cuauhtémoc,Ciudad de México,143.0,3.0,2.0,,https://departamento.mercadolibre.com.mx/MLM-2983734049-departamento-en-renta-amueblado-en-condesa-_JM,mercadolibre,329.3706293706294
29500.0,departamento,Cuauhtémoc,Ciudad de México,120.0,3.0,1.0,,https://departamento.mercadolibre.com.mx/MLM-2943032467-departamento-en-renta-roma-norte-3-recamaras-1-bano-recien-renovado-excelente-ubicacion-cocina-integral-con-estacionamiento-y-cuarto-de-servicio-exterior-_JM,mercadolibre,245.83333333333334
47100.0,departamento,Cuauhtémoc,Ciudad de México,143.0,2.0,2.0,,https://departamento.mercadolibre.com.mx/MLM-2988171487-departamento-en-renta-amueblado-en-taman-condesa-_JM,mercadolibre,329.3706293706294
35000.0,departamento,Cuauhtémoc,Ciudad de México,150.0,3.0,1.0,,https://departamento.mercadolibre.com.mx/MLM-2989652609-rento-departamento-amueblado-en-roma-norte-_JM,mercadolibre,233.33333333333334
33200.0,departamento,Cuauhtémoc,Ciudad de México,160.0,3.0,1.0,,https://departamento.mercadolibre.com.mx/MLM-2989918761-departamento-amueblado-en-renta-roma-norte-_JM,mercadolibre,207.5
45000.0,departamento,Cuauhtémoc,Ciudad de México,93.0,2.0,2.0,,https://departamento.mercadolibre.com.mx/MLM-2746128961-elegante-departamento-en-renta-col-hipodromo-cdmx-_JM,mercadolibre,483.8709677419355
15000.0,departamento,Cuauhtémoc,Ciudad de México,70.0,2.0,2.0,,https://departamento.mercadolibre.com.mx/MLM-2955048951-depto-semi-amueblado-zona-centrica-_JM,mercadolibre,214.28571428571428
46000.0,departamento,Cuauhtémoc,Ciudad de México,190.0,4.0,4.0,,https://departamento.mercadolibre.com.mx/MLM-5384511632-rento-ph-amplio-en-hipodromo-condesa-4-recamaras-4-banos-2-estacionamientos-_JM,mercadolibre,242.10526315789474
35000.0,departamento,Cuauhtémoc,Ciudad de México,120.0,2.0,1.0,,https://departamento.mercadolibre.com.mx/MLM-5263915392-departamento-en-hipodromo-cuauhtemoc-con-2-recamaras-120-m-id-170566-_JM,mercadolibre,291.6666666666667
19274.0,departamento,Cuauhtémoc,Ciudad de México,38.0,1.0,1.0,,https://departamento.mercadolibre.com.mx/MLM-4965374014-renta-departamentos-bucarelicol-juarez-_JM,mercadolibre,507.2105263157895
27000.0,departamento,Cuauhtémoc,Ciudad de México,55.0,1.0,1.0,,https://departamento.mercadolibre.com.mx/MLM-2888506525-departamento-en-tabacalera-cuauhtemoc-con-1-recamara-55-m-id-170346-_JM,mercadolibre,490.90909090909093
13500.0,departamento,Cuauhtémoc,Ciudad de México,38.0,1.0,1.0,,https://departamento.mercadolibre.com.mx/MLM-5426048378-departamento-en-peralvillo-cuauhtemoc-con-1-recamara-38-m-id-171249-_JM,mercadolibre,355.2631578947368
58000.0,departamento,Cuauhtémoc,Ciudad de México,118.0,2.0,2.0,,https://departamento.mercadolibre.com.mx/MLM-2951143663-se-renta-departamento-ph-con-terraza-privada-en-juan-de-la-barrera-col-condesa-_JM,mercadolibre,491.52542372881356
29000.0,departamento,Cuauhtémoc,Ciudad de México,64.0,2.0,1.0,,https://departamento.mercadolibre.com.mx/MLM-5486258644-departamento-amueblado-en-renta-roma-norte-cerca-de-parque-luis-cabrera-_JM,mercadolibre,453.125
28000.0,departamento,Cuauhtémoc,Ciudad de México,50.0,1.0,1.0,,https://departamento.mercadolibre.com.mx/MLM-3005987251-renta-departamento-amueblado-en-hipodromo-_JM,mercadolibre,560.0
40000.0,departamento,Cuauhtémoc,Ciudad de México,91.0,2.0,2.0,,https://departamento.mercadolibre.com.mx/MLM-2935089035-departamento-en-renta-en-la-colonia-condesa-_JM,mercadolibre,439.56043956043953
35000.0,departamento,Cuauhtémoc,Ciudad de México,97.0,2.0,2.0,,https://departamento.mercadolibre.com.mx/MLM-2941336333-departamento-en-renta-con-balcon-en-la-colonia-condesa-_JM,mercadolibre,360.82474226804123
30000.0,departamento,Cuauhtémoc,Ciudad de México,80.0,2.0,1.0,,https://departamento.mercadolibre.com.mx/MLM-2987638843-departamento-en-renta-condesa-con-1-recamara-tamano-normal-y-otra-pequena-para-estudio-1-o-2-estacionamientos-c-_JM,mercadolibre,375.0
28000.0,departamento,Cuauhtémoc,Ciudad de México,80.0,1.0,1.0,,https://departamento.mercadolibre.com.mx/MLM-2965330165-departamento-en-renta-en-col-cuauhtemoc-con-o-sin-muebles-_JM,mercadolibre,350.0
41000.0,departamento,Cuauhtémoc,Ciudad de México,68.0,2.0,2.0,,https://departamento.mercadolibre.com.mx/MLM-5428291866-renta-exclusivo-departamento-en-excelente-ubicacion-_JM,mercadolibre,602.9411764705883
22000.0,departamento,Cuauhtémoc,Ciudad de México,79.0,2.0,2.0,,https://departamento.mercadolibre.com.mx/MLM-2973794323-renta-departamento-en-buenavista-remodelado-_JM,mercadolibre,278.4810126582278
60000.0,departamento,Cuauhtémoc,Ciudad de México,140.0,3.0,2.0,,https://departamento.mercadolibre.com.mx/MLM-5428291892-renta-departamento-amueblado-en-la-condesa-_JM,mercadolibre,428.57142857142856
29500.0,departamento,Cuauhtémoc,Ciudad de México,50.0,1.0,1.0,,https://departamento.mercadolibre.com.mx/MLM-5428240702-renta-departamento-loft-amueblado-roma-norte-_JM,mercadolibre,590.0
37000.0,departamento,Cuauhtémoc,Ciudad de México,161.0,3.0,3.0,,https://departamento.mercadolibre.com.mx/MLM-2976422779-renta-de-departamento-amueblado-en-tomas-alba-edison-en-la-colonia-tabacalera-_JM,mercadolibre,229.8136645962733
26500.0,departamento,Cuauhtémoc,Ciudad de México,40.0,1.0,1.0,,https://departamento.mercadolibre.com.mx/MLM-2979022133-renta-departamento-tipo-loft-en-roma-condesa-opcion-renta-amueblado-_JM,mercadolibre,662.5
45000.0,departamento,Cuauhtémoc,Ciudad de México,145.0,3.0,3.0,,https://departamento.mercadolibre.com.mx/MLM-2996402865-departamento-en-renta-en-col-roma-_JM,mercadolibre,310.3448275862069
15000.0,departamento,Cuauhtémoc,Ciudad de México,82.0,3.0,1.0,,https://departamento.mercadolibre.com.mx/MLM-3003629913-departamento-en-renta-calle-otomies-col-obrera-_JM,mercadolibre,182.9268292682927
18000.0,departamento,Cuauhtémoc,Ciudad de México,84.0,3.0,2.0,,https://departamento.mercadolibre.com.mx/MLM-5480328410-departamento-de-3-habitaciones-en-colonia-centro-cdmx-_JM,mercadolibre,214.28571428571428
7000.0,departamento,Gustavo A. Madero,Ciudad de México,13.0,1.0,1.0,,https://departamento.mercadolibre.com.mx/MLM-3005771475-departamento-en-renta-con-servicios-y-coworking-cerca-del-metro-misterios-cdmx-_JM,mercadolibre,538.4615384615385
5300.0,departamento,Gustavo A. Madero,Ciudad de México,28.0,1.0,1.0,,https://departamento.mercadolibre.com.mx/MLM-2923640227-renta-habitacion-amueblada-todo-incluido-la-raza-misterios-balcon-privado-_JM,mercadolibre,189.28571428571428
15900.0,departamento,Gustavo A. Madero,Ciudad de México,110.0,3.0,2.0,,https://departamento.mercadolibre.com.mx/MLM-5465307524-departamento-en-industrial-_JM,mercadolibre,144.54545454545453
18000.0,departamento,Gustavo A. Madero,Ciudad de México,75.0,3.0,2.0,,https://departamento.mercadolibre.com.mx/MLM-2992932679-renta-departamento-_JM,mercadolibre,240.0
12000.0,departamento,Gustavo A. Madero,Ciudad de México,60.0,3.0,2.0,,https://departamento.mercadolibre.com.mx/MLM-5433417552-rento-departamento-3-recamaras-en-colonia-dm-nacional-_JM,mercadolibre,200.0
7500.0,departamento,Gustavo A. Madero,Ciudad de México,15.0,,1.0,,https://departamento.mercadolibre.com.mx/MLM-5498359308-todo-incluido-hab-cbano-compartido-roof-garden-y-jacuzzi-_JM,mercadolibre,500.0
30000.0,departamento,Gustavo A. Madero,Ciudad de México,150.0,3.0,3.0,,https://departamento.mercadolibre.com.mx/MLM-5363872874-lujoso-departamento-en-renta-_JM,mercadolibre,200.0
16000.0,departamento,Gustavo A. Madero,Ciudad de México,84.0,3.0,2.0,,https://departamento.mercadolibre.com.mx/MLM-5439769850-se-renta-departamento-muy-centrico-_JM,mercadolibre,190.47619047619048
15500.0,departamento,Gustavo A. Madero,Ciudad de México,100.0,2.0,1.0,,https://departamento.mercadolibre.com.mx/MLM-2954614377-departamento-en-renta-como-casa-en-colonia-industrial-gustavo-a-madero-cdmx-_JM,mercadolibre,155.0
12500.0,departamento,Gustavo A. Madero,Ciudad de México,45.0,2.0,1.0,,https://departamento.mercadolibre.com.mx/MLM-4833731246-departamento-en-renta-vallejo-_JM,mercadolibre,277.77777777777777
9000.0,departamento,Gustavo A. Madero,Ciudad de México,40.0,2.0,1.0,,https://departamento.mercadolibre.com.mx/MLM-5428238728-departamento-en-renta-joyas-vallejo-galaxias-vallejo-santa-rosa-_JM,mercadolibre,225.0
23800.0,departamento,Gustavo A. Madero,Ciudad de México,75.0,2.0,2.0,,https://departamento.mercadolibre.com.mx/MLM-2996583131-departamento-en-renta-lindavista-_JM,mercadolibre,317.3333333333333
10000.0,departamento,Gustavo A. Madero,Ciudad de México,57.0,2.0,1.0,,https://departamento.mercadolibre.com.mx/MLM-5497706716-renta-departamentos-vallejo-t-df0236-0063-_JM,mercadolibre,175.43859649122808
19000.0,departamento,Gustavo A. Madero,Ciudad de México,89.0,2.0,2.0,,https://departamento.mercadolibre.com.mx/MLM-2999911501-departamento-en-renta-colonia-industrial-gustavo-a-madero-cdmx-_JM,mercadolibre,213.48314606741573
13500.0,departamento,Gustavo A. Madero,Ciudad de México,40.0,1.0,1.0,,https://departamento.mercadolibre.com.mx/MLM-5395493974-loft-amueblado-en-renta-en-nueva-vallejo-gustavo-a-madero-da421-_JM,mercadolibre,337.5
15000.0,departamento,Gustavo A. Madero,Ciudad de México,80.0,3.0,1.0,,https://departamento.mercadolibre.com.mx/MLM-5376949840-departamento-en-renta-sta-maria-ticoman-gustavo-a-madero-cdmx-_JM,mercadolibre,187.5
15000.0,departamento,Gustavo A. Madero,Ciudad de México,58.0,2.0,1.0,,https://departamento.mercadolibre.com.mx/MLM-5193014238-renta-departamentos-nueva-industrial-vallejo-t-df0257-0011-_JM,mercadolibre,258.62068965517244
13500.0,departamento,Gustavo A. Madero,Ciudad de México,30.0,1.0,1.0,,https://departamento.mercadolibre.com.mx/MLM-5395493996-renta-de-loft-nueva-vallejo-gam-da367-_JM,mercadolibre,450.0
11500.0,departamento,Gustavo A. Madero,Ciudad de México,80.0,1.0,1.0,,https://departamento.mercadolibre.com.mx/MLM-5290376598-renta-departamentos-san-juan-de-aragon-iii-seccion-t-df0181-0238-_JM,mercadolibre,143.75
18500.0,departamento,Gustavo A. Madero,Ciudad de México,30.0,2.0,1.0,,https://departamento.mercadolibre.com.mx/MLM-5395541826-departamento-en-renta-nueva-vallejo-da528-_JM,mercadolibre,616.6666666666666
14000.0,departamento,Gustavo A. Madero,Ciudad de México,54.0,2.0,1.0,,https://departamento.mercadolibre.com.mx/MLM-5460425056-renta-departamentos-vallejo-t-df0236-0058-_JM,mercadolibre,259.25925925925924
22600.0,departamento,Gustavo A. Madero,Ciudad de México,64.0,2.0,2.0,,https://departamento.mercadolibre.com.mx/MLM-2908970875-renta-departamentos-vallejo-t-df0236-0053-_JM,mercadolibre,353.125
38000.0,departamento,Gustavo A. Madero,Ciudad de México,74.0,3.0,2.0,,https://departamento.mercadolibre.com.mx/MLM-2976902831-renta-departamento-3-ambientes-li-legislatura-_JM,mercadolibre,513.5135135135135
7000.0,departamento,Gustavo A. Madero,Ciudad de México,23.0,1.0,1.0,,https://departamento.mercadolibre.com.mx/MLM-5462574674-pequeno-y-acogedor-departamento-_JM,mercadolibre,304.3478260869565
7500.0,departamento,Gustavo A. Madero,Ciudad de México,48.0,2.0,1.0,,https://departamento.mercadolibre.com.mx/MLM-5480523462-departamento-en-renta-tel5636024140-_JM,mercadolibre,156.25
16500.0,departamento,Gustavo A. Madero,Ciudad de México,64.0,3.0,2.0,,https://departamento.mercadolibre.com.mx/MLM-5030636978-departamento-en-renta-colonia-constitucion-de-la-republica-_JM,mercadolibre,257.8125
5000.0,departamento,Gustavo A. Madero,Ciudad de México,14.0,1.0,1.0,,https://departamento.mercadolibre.com.mx/MLM-2877789335-habitacion-en-pa-en-renta-en-san-pedro-zacatenco-_JM,mercadolibre,357.14285714285717
30000.0,departamento,Gustavo A. Madero,Ciudad de México,188.0,3.0,3.0,,https://departamento.mercadolibre.com.mx/MLM-5240926272-renta-de-departamento-de-lujo-en-lindavista-sur-_JM,mercadolibre,159.5744680851064
5000.0,departamento,Gustavo A. Madero,Ciudad de México,15.0,1.0,1.0,,https://departamento.mercadolibre.com.mx/MLM-5147797858-habitacion-en-pb-en-renta-en-san-pedro-zacatenco-_JM,mercadolibre,333.3333333333333
8000.0,departamento,Gustavo A. Madero,Ciudad de México,40.0,1.0,1.0,,https://departamento.mercadolibre.com.mx/MLM-5502856946-rento-depto-soleao-de-una-recamara-todos-los-servicios-cerca-metro-18-de-marzo-en-gam-en-2o-pisocolonia-industrial-_JM,mercadolibre,200.0
12900.0,departamento,Gustavo A. Madero,Ciudad de México,53.0,2.0,1.0,,https://departamento.mercadolibre.com.mx/MLM-5364705462-departamento-semi-nuevo-en-renta-junto-a-plaza-atana-en-ticoman-_JM,mercadolibre,243.39622641509433
8500.0,departamento,Gustavo A. Madero,Ciudad de México,110.0,3.0,1.0,,https://departamento.mercadolibre.com.mx/MLM-2993172335-en-planta-baja-de-hermosa-casa-vintage-zona-muy-tranquila-con-todos-los-servicios-cerca-una-recamara-amplia-solo-2-vecinos-mas-_JM,mercadolibre,77.27272727272727
8500.0,departamento,Gustavo A. Madero,Ciudad de México,48.0,1.0,1.0,,https://departamento.mercadolibre.com.mx/MLM-5371544160-departamento-con-entrada-independiente-por-j-s-bach-ideal-para-medicos-del-hosp-la-raza-_JM,mercadolibre,177.08333333333334
13000.0,departamento,Gustavo A. Madero,Ciudad de México,57.0,2.0,1.0,,https://departamento.mercadolibre.com.mx/MLM-5473378668-departamento-en-rinconada-del-marquez-de-arcos-aragon-amplio-iluminado-buena-ventilacion-ubicacion-centrica-acceso-controlado-areas-comunes-seguras-y-ambiente-residencial-tranquilo-_JM,mercadolibre,228.0701754385965
8500.0,departamento,Gustavo A. Madero,Ciudad de México,40.0,1.0,1.0,,https://departamento.mercadolibre.com.mx/MLM-2973757089-departamento-en-primer-piso-para-una-persona-maximo-2-_JM,mercadolibre,212.5
18900.0,departamento,Gustavo A. Madero,Ciudad de México,100.0,4.0,3.0,,https://departamento.mercadolibre.com.mx/MLM-5384507530-renta-depto-aragon-ii-secc-4-recamaras-3-banos-a-unos-metros-del-zoo-y-bosque-_JM,mercadolibre,189.0
12000.0,departamento,Gustavo A. Madero,Ciudad de México,49.0,2.0,1.0,,https://departamento.mercadolibre.com.mx/MLM-5466715060-estrena-agradable-y-moderno-departamento-al-norte-de-la-ciudad-_JM,mercadolibre,244.89795918367346
14200.0,departamento,Gustavo A. Madero,Ciudad de México,54.0,2.0,1.0,,https://departamento.mercadolibre.com.mx/MLM-5401866554-departamento-en-renta-colonia-bondojito-gam-de-54-m2-_JM,mercadolibre,262.962962962963
13500.0,departamento,Gustavo A. Madero,Ciudad de México,54.0,2.0,1.0,,https://departamento.mercadolibre.com.mx/MLM-5465773148-departamento-en-renta-cerca-de-metro-martin-carrera-2-recamaras-elevador-estacionamiento-y-amenidades-spazio-tepeyac-_JM,mercadolibre,250.0
14000.0,departamento,Gustavo A. Madero,Ciudad de México,56.0,2.0,1.0,,https://departamento.mercadolibre.com.mx/MLM-2945678559-departamento-en-renta-urbania-excelentes-amenidades-seguridad-y-confort-moderno-_JM,mercadolibre,250.0
16000.0,departamento,Gustavo A. Madero,Ciudad de México,60.0,2.0,1.0,,https://departamento.mercadolibre.com.mx/MLM-2954620337-departamento-con-excelente-ubicacion-_JM,mercadolibre,266.6666666666667
18000.0,departamento,Gustavo A. Madero,Ciudad de México,84.0,2.0,1.0,,https://departamento.mercadolibre.com.mx/MLM-2954603285-departamento-en-renta-84-m2-2-recamaras-servicios-incluidos-magdalena-de-las-salinas-gam-_JM,mercadolibre,214.28571428571428
15000.0,departamento,Gustavo A. Madero,Ciudad de México,54.0,2.0,1.0,,https://departamento.mercadolibre.com.mx/MLM-5413513702-depto-ubicadisimo-_JM,mercadolibre,277.77777777777777
17350.0,departamento,Gustavo A. Madero,Ciudad de México,200.0,2.0,2.0,,https://departamento.mercadolibre.com.mx/MLM-2982525299-departamento-en-renta-2-recamaras-2-banos-estacionamiento-cerca-metro-potrero-17350-_JM,mercadolibre,86.75
8000.0,departamento,Gustavo A. Madero,Ciudad de México,350.0,2.0,1.0,,https://departamento.mercadolibre.com.mx/MLM-5505645526-renta-de-departamento-nueva-tenochtitlan-_JM,mercadolibre,22.857142857142858
12000.0,departamento,Iztacalco,Ciudad de México,58.0,2.0,1.0,,https://departamento.mercadolibre.com.mx/MLM-5491748340-se-renta-bonito-departamento-con-acabados-de-lujos-se-puede-habitar-inmediatamente-cuenta-con-2-recamaras-1-bano-completo-cocina-integral-1-lugar-de-estacionamiento-_JM,mercadolibre,206.89655172413794
20900.0,departamento,Iztacalco,Ciudad de México,87.0,3.0,2.0,,https://departamento.mercadolibre.com.mx/MLM-5449965714-departamento-a-estrenar-piso-10-87m2-3-rec-2-banos-balcon-cocina-integral-alberca-jacuzzi-gym-cine-y-mas-granjas-mexico-_JM,mercadolibre,240.22988505747125
17500.0,departamento,Iztacalco,Ciudad de México,60.0,2.0,1.0,,https://departamento.mercadolibre.com.mx/MLM-2926354287-excelente-departamento-amueblado-en-renta-con-balcon-y-roof-garden-comun-_JM,mercadolibre,291.6666666666667
8700.0,departamento,Iztacalco,Ciudad de México,36.0,1.0,1.0,,https://departamento.mercadolibre.com.mx/MLM-2998655623-en-renta-moderno-deptoloft-de-una-recamarabano-completoen-planta-bajaservicios-incluidos-_JM,mercadolibre,241.66666666666666
10000.0,departamento,Iztacalco,Ciudad de México,45.0,2.0,1.0,,https://departamento.mercadolibre.com.mx/MLM-2908372867-departamento-en-renta-_JM,mercadolibre,222.22222222222223
25000.0,departamento,Iztacalco,Ciudad de México,50.0,2.0,1.0,,https://departamento.mercadolibre.com.mx/MLM-2798792321-departamento-en-renta-en-delegacion-politica-cuauhtemoc-_JM,mercadolibre,500.0
21300.0,departamento,Iztacalco,Ciudad de México,110.0,2.0,1.0,,https://departamento.mercadolibre.com.mx/MLM-3005744123-departamento-nuevo-en-renta-en-calzada-de-la-viga-_JM,mercadolibre,193.63636363636363
23900.0,departamento,Iztacalco,Ciudad de México,125.0,2.0,1.0,,https://departamento.mercadolibre.com.mx/MLM-3005744223-departamento-nuevo-en-renta-sobre-calzada-de-la-viga-_JM,mercadolibre,191.2
13500.0,departamento,Iztacalco,Ciudad de México,64.0,2.0,2.0,,https://departamento.mercadolibre.com.mx/MLM-5480118762-renta-departamentos-granjas-mexico-t-df0150-0236-_JM,mercadolibre,210.9375
17000.0,departamento,Iztacalco,Ciudad de México,105.0,3.0,2.0,,https://departamento.mercadolibre.com.mx/MLM-2993713835-renta-departamento-3-ambientes-ex-ejido-de-la-magdalena-mixiuhca-_JM,mercadolibre,161.9047619047619
6500.0,departamento,Iztacalco,Ciudad de México,35.0,1.0,1.0,,https://departamento.mercadolibre.com.mx/MLM-5474425228-renta-departamentos-agricola-oriental-t-df0179-0189-_JM,mercadolibre,185.71428571428572
11000.0,departamento,Iztacalco,Ciudad de México,42.0,2.0,1.0,,https://departamento.mercadolibre.com.mx/MLM-5486622756-renta-departamentos-agricola-oriental-t-df0179-0191-_JM,mercadolibre,261.9047619047619
7000.0,departamento,Iztacalco,Ciudad de México,35.0,1.0,1.0,,https://departamento.mercadolibre.com.mx/MLM-5198831654-renta-departamentos-la-cruz-t-df0078-0702-_JM,mercadolibre,200.0
8500.0,departamento,Iztacalco,Ciudad de México,45.0,1.0,1.0,,https://departamento.mercadolibre.com.mx/MLM-2937058247-renta-departamentos-el-rodeo-t-df0179-0181-_JM,mercadolibre,188.88888888888889
9500.0,departamento,Iztacalco,Ciudad de México,50.0,1.0,1.0,,https://departamento.mercadolibre.com.mx/MLM-2950809079-renta-departamentos-viaducto-piedad-t-df0078-0707-_JM,mercadolibre,190.0
14500.0,departamento,Iztacalco,Ciudad de México,68.0,2.0,2.0,,https://departamento.mercadolibre.com.mx/MLM-2880802079-renta-departamentos-viaducto-piedad-t-df0078-0704-_JM,mercadolibre,213.23529411764707
15000.0,departamento,Iztacalco,Ciudad de México,78.0,2.0,1.0,,https://departamento.mercadolibre.com.mx/MLM-2929732655-renta-departamentos-viaducto-piedad-t-df0078-0706-_JM,mercadolibre,192.30769230769232
12500.0,departamento,Iztacalco,Ciudad de México,56.0,2.0,1.0,,https://departamento.mercadolibre.com.mx/MLM-2954241807-renta-departamentos-agricola-oriental-t-df0176-0206-_JM,mercadolibre,223.21428571428572
16000.0,departamento,Iztacalco,Ciudad de México,65.0,3.0,1.0,,https://departamento.mercadolibre.com.mx/MLM-2965157157-departamento-amueblado-en-renta-agricola-oriental-iztacalco-le822-_JM,mercadolibre,246.15384615384616
10000.0,departamento,Iztacalco,Ciudad de México,52.0,2.0,1.0,,https://departamento.mercadolibre.com.mx/MLM-5425135622-renta-departamentos-agricola-oriental-t-df0179-0184-_JM,mercadolibre,192.30769230769232
10500.0,departamento,Iztacalco,Ciudad de México,59.0,2.0,1.0,,https://departamento.mercadolibre.com.mx/MLM-2985102015-renta-departamentos-santiago-norte-t-df0043-0362-_JM,mercadolibre,177.96610169491527
16000.0,departamento,Iztacalco,Ciudad de México,55.0,2.0,2.0,,https://departamento.mercadolibre.com.mx/MLM-2853125207-departamento-en-renta-en-agricola-oriental-iztacalco-_JM,mercadolibre,290.90909090909093
14880.0,departamento,Iztacalco,Ciudad de México,65.0,2.0,2.0,,https://departamento.mercadolibre.com.mx/MLM-2976458115-departamento-en-renta-granjas-mexico-16068-_JM,mercadolibre,228.92307692307693
14500.0,departamento,Iztacalco,Ciudad de México,70.0,2.0,2.0,,https://departamento.mercadolibre.com.mx/MLM-2999496101-departamento-en-renta-con-2-recamaras-2-banos-cocina-integral-balcon-area-de-lavado-elevador-estacionamiento-vigilancia-y-camaras-de-seguridad-excelente-ubicacion-_JM,mercadolibre,207.14285714285714
14300.0,departamento,Iztacalco,Ciudad de México,56.0,2.0,1.0,,https://departamento.mercadolibre.com.mx/MLM-3006465259-departamento-semiamueblado-en-renta-reforma-iztaccihuatl-sur-iztacalco-_JM,mercadolibre,255.35714285714286
6000.0,departamento,Iztacalco,Ciudad de México,40.0,1.0,1.0,,https://departamento.mercadolibre.com.mx/MLM-5505534618-excelente-departamento-para-solo-1-persona-_JM,mercadolibre,150.0
7999.0,departamento,Iztacalco,Ciudad de México,120.0,1.0,1.0,,https://departamento.mercadolibre.com.mx/MLM-5446720090-departamento-en-renta-en-viaducto-piedad-a-unos-pasos-del-metro-viaducto-1-recamara-sala-comedor-cocina-bano-1-er-piso-todos-los-servicios-muy-acogedor-inmejorable-ubicacion-_JM,mercadolibre,66.65833333333333
15000.0,departamento,Iztacalco,Ciudad de México,35.0,2.0,2.0,,https://departamento.mercadolibre.com.mx/MLM-5417913742-roofgarden-_JM,mercadolibre,428.57142857142856
15000.0,departamento,Iztacalco,Ciudad de México,130.0,3.0,1.0,,https://departamento.mercadolibre.com.mx/MLM-5400946650-departamento-remodelado-muy-amplio-_JM,mercadolibre,115.38461538461539
13500.0,departamento,Iztapalapa,Ciudad de México,102.0,2.0,1.0,,https://departamento.mercadolibre.com.mx/MLM-2903535981-departamento-amueblado-en-renta-san-lorenzo-iztapalapa-_JM,mercadolibre,132.35294117647058
16000.0,departamento,Iztapalapa,Ciudad de México,80.0,2.0,3.0,,https://departamento.mercadolibre.com.mx/MLM-2989280039-espectacular-departamento-en-renta-cerca-del-metro-calle-11-y-periferico-linea-12-dorada-iztapalapa-cdmx-_JM,mercadolibre,200.0
11000.0,departamento,Iztapalapa,Ciudad de México,60.0,2.0,1.0,,https://departamento.mercadolibre.com.mx/MLM-2989143547-constitucion-1917-cdmx-alcaldia-iztapalapa-renta-departamento-a-5-minutos-del-metro-constitucion-y-uam-2-recamaras-1-bano-1-estacionamiento-_JM,mercadolibre,183.33333333333334
12000.0,departamento,Iztapalapa,Ciudad de México,90.0,3.0,1.0,,https://departamento.mercadolibre.com.mx/MLM-3000369601-departamento-centrico-al-oriente-de-la-cdmx-grandes-espacios-_JM,mercadolibre,133.33333333333334
10000.0,departamento,Iztapalapa,Ciudad de México,90.0,2.0,1.0,,https://departamento.mercadolibre.com.mx/MLM-2959250071-amplio-departamento-en-renta-_JM,mercadolibre,111.11111111111111
11000.0,departamento,Iztapalapa,Ciudad de México,70.0,2.0,1.0,,https://departamento.mercadolibre.com.mx/MLM-5325406736-depto-en-renta-estrella-del-sur-_JM,mercadolibre,157.14285714285714
6500.0,departamento,Iztapalapa,Ciudad de México,53.0,2.0,1.0,,https://departamento.mercadolibre.com.mx/MLM-5479433198-renta-departamentos-jardines-de-san-lorenzo-tezonco-t-df0202-0098-_JM,mercadolibre,122.64150943396227
15000.0,departamento,Iztapalapa,Ciudad de México,75.0,2.0,2.0,,https://departamento.mercadolibre.com.mx/MLM-2993219671-departamento-renta-en-col-el-sifon-75m2-_JM,mercadolibre,200.0
8500.0,departamento,Iztapalapa,Ciudad de México,57.0,2.0,1.0,,https://departamento.mercadolibre.com.mx/MLM-5497565960-renta-departamento-2-ambientes-san-juan-estrella-_JM,mercadolibre,149.12280701754386
15000.0,departamento,Iztapalapa,Ciudad de México,55.0,2.0,2.0,,https://departamento.mercadolibre.com.mx/MLM-2999668727-renta-departamentos-paseos-de-churubusco-t-df0066-0770-_JM,mercadolibre,272.72727272727275
15000.0,departamento,Iztapalapa,Ciudad de México,75.0,3.0,2.0,,https://departamento.mercadolibre.com.mx/MLM-5497157156-renta-departamentos-paseos-de-churubusco-t-df0066-0776-_JM,mercadolibre,200.0
12995.0,departamento,Iztapalapa,Ciudad de México,78.0,3.0,2.0,,https://departamento.mercadolibre.com.mx/MLM-5497774614-departamento-en-renta-paseo-de-las-galias-291-303-lomas-estrella-cdmx-_JM,mercadolibre,166.60256410256412
5500.0,departamento,Iztapalapa,Ciudad de México,25.0,1.0,1.0,,https://departamento.mercadolibre.com.mx/MLM-5497119812-renta-departamentos-dr-alfonso-ortiz-tirado-t-df0066-0773-_JM,mercadolibre,220.0
6500.0,departamento,Iztapalapa,Ciudad de México,65.0,2.0,1.0,,https://departamento.mercadolibre.com.mx/MLM-2886209937-renta-departamentos-dr-alfonso-ortiz-tirado-t-df0066-0761-_JM,mercadolibre,100.0
3500.0,departamento,Iztapalapa,Ciudad de México,18.0,1.0,1.0,,https://departamento.mercadolibre.com.mx/MLM-2945433947-renta-departamentos-tepalcates-t-df0240-0044-_JM,mercadolibre,194.44444444444446
8000.0,departamento,Iztapalapa,Ciudad de México,60.0,2.0,1.0,,https://departamento.mercadolibre.com.mx/MLM-5338578298-renta-departamentos-progreso-del-sur-t-df0007-0637-_JM,mercadolibre,133.33333333333334
3200.0,departamento,Iztapalapa,Ciudad de México,18.0,1.0,1.0,,https://departamento.mercadolibre.com.mx/MLM-2945454883-renta-departamentos-tepalcates-t-df0240-0034-_JM,mercadolibre,177.77777777777777
6000.0,departamento,Iztapalapa,Ciudad de México,50.0,1.0,1.0,,https://departamento.mercadolibre.com.mx/MLM-2913652113-renta-departamentos-francisco-villa-t-df0235-0036-_JM,mercadolibre,120.0
9300.0,departamento,Iztapalapa,Ciudad de México,59.0,1.0,1.0,,https://departamento.mercadolibre.com.mx/MLM-2981993337-renta-departamentos-lomas-estrella-t-df0239-0060-_JM,mercadolibre,157.6271186440678
12000.0,departamento,Iztapalapa,Ciudad de México,80.0,2.0,2.0,,https://departamento.mercadolibre.com.mx/MLM-5402749702-renta-departamentos-san-miguel-t-df0184-0176-_JM,mercadolibre,150.0
16500.0,departamento,Iztapalapa,Ciudad de México,70.0,2.0,1.0,,https://departamento.mercadolibre.com.mx/MLM-2985333341-departamento-soleado-en-edificio-de-3-departamentos-_JM,mercadolibre,235.71428571428572
10000.0,departamento,Iztapalapa,Ciudad de México,60.0,3.0,2.0,,https://departamento.mercadolibre.com.mx/MLM-2962348033-planta-baja-a-5-minutos-del-metro-lomas-estella-linea-dorada-cerca-de-parque-las-antenas-y-del-xochimilco-ecologico-_JM,mercadolibre,166.66666666666666
20000.0,departamento,Iztapalapa,Ciudad de México,112.0,3.0,2.0,,https://departamento.mercadolibre.com.mx/MLM-3005755807-departamento-casa-en-renta-historiadores-_JM,mercadolibre,178.57142857142858
19425.0,departamento,Iztapalapa,Ciudad de México,120.0,3.0,1.0,,https://departamento.mercadolibre.com.mx/MLM-5209015460-departamento-en-renta-en-av-churubusco-el-prado-_JM,mercadolibre,161.875
5000.0,departamento,Iztapalapa,Ciudad de México,42.0,2.0,1.0,,https://departamento.mercadolibre.com.mx/MLM-3000577609-departamento-en-renta-iztapalapa-_JM,mercadolibre,119.04761904761905
9000.0,departamento,Iztapalapa,Ciudad de México,69.0,2.0,1.0,,https://departamento.mercadolibre.com.mx/MLM-2999902159-departamento-en-planta-baja-calle-cerrada-solo-transito-local-vigilancia-con-circuito-cerrados-a-una-calle-de-plazas-metro-super-mercado-escuelas-ubicado-en-planta-baja-con-estacionamiento-_JM,mercadolibre,130.43478260869566
2990.0,departamento,Iztapalapa,Ciudad de México,20.0,1.0,1.0,,https://departamento.mercadolibre.com.mx/MLM-2940049297-renta-cuarto-con-bano-_JM,mercadolibre,149.5
9000.0,departamento,Iztapalapa,Ciudad de México,60.0,2.0,1.0,,https://departamento.mercadolibre.com.mx/MLM-5426295276-amplio-departamento-dos-recamaras-sala-comedor-cocina-area-de-lavado-estacionamiento-techado-opcional-_JM,mercadolibre,150.0
13000.0,departamento,Iztapalapa,Ciudad de México,75.0,3.0,2.0,,https://departamento.mercadolibre.com.mx/MLM-2952876865-rento-departamentos-recien-remodelados-solo-3-pisos-muy-iluminados-vigilancia-24x7-_JM,mercadolibre,173.33333333333334
10950.0,departamento,Iztapalapa,Ciudad de México,50.0,2.0,1.0,,https://departamento.mercadolibre.com.mx/MLM-5412757302-departamento-en-renta-en-iztapalapa-a-200m-del-metro-cerro-de-la-estrella-_JM,mercadolibre,219.0
9000.0,departamento,Iztapalapa,Ciudad de México,65.0,2.0,1.0,,https://departamento.mercadolibre.com.mx/MLM-5465106816-comodo-departamento-2-recamaras-cerca-av-tlahuac-ermita-iztapalapa-metro-atlalilco-av-taxquena-_JM,mercadolibre,138.46153846153845
17500.0,departamento,Iztapalapa,Ciudad de México,100.0,2.0,3.0,,https://departamento.mercadolibre.com.mx/MLM-3013919795-amplio-departamento-super-iluminado-y-remodelado-_JM,mercadolibre,175.0
16238.0,departamento,Magdalena Contreras,Ciudad de México,44.0,1.0,1.0,,https://click1.mercadolibre.com.mx/brand_ads/clicks/MLM/count?a=Aww%2FCJnxlf5jMV4xV1d6NkOmc3ialR5vj1YWCSbGAb1nLKfSiRN3IKkEGludFCgawwPIM9e5w7R1dOj%2BkcHkK6QQ2XHwEqD5kMWB3yvzivCgm9IvuuTr4Hb0nNdBDzchunDl1AIG4nRagohrXc%2B0v0IL4RbRi8kOARyX6q77wSu8FxqT1GhWDZLXQ9ckE5hJj3%2FkxouJ9%2BIgwFLhlzGYLmCq44rKkKi6OR4fL2o7h7maXSy32aTcCCQwXOS%2BKUGqjdsZkuRwk72spezD0RDyeTcXN7f7ztPucQQYm3%2Fdc4AjE%2B3wqDwKnnCc2QQvzeCY3FiOXGpR3ph3IiQrXmzQYubbolsyk7Qt5mCkBeJ%2B8%2FoK5VWguA9o%2F%2FO4VKg1KSQglzkIEa29B73YlaChP5hTKXKfh0xw9w5517MWusX2d3mKMCNeJy2e1MNpdBxfTdDFvDcUejqXRzpGuvvGsYkUq8SaPbNiBrdaTPDf%2FekXOFtOGkEoFR2Jap2FpNUhv5%2BcUPVOI1A7NpPAASnCDX2McgavQ9acs9uRZnVcEVpPYPsMpcCR8GCi%2Fvt9VS6zi3c%2FhJqdnCQomG4DBAmHBplZwzAC4tXpPDLmubt4D1ttevUQsokW0KeaeaOKaMRRNPf1rrDCOjKLyBnTcudXJIXDRvPaEqi1P0u%2BDjbdnR9l8njaBJmcefF%2B26h151NwzWWMO7lP%2BYxq1A4%2BFEM8FIbEH552GCO3w8PaPbU%2Bo2qjtbgVJRlnzTH26DG4bOx%2FIN9a5Nt80fJLHbBm46tFq1%2BUidwJfyKkgY1SFZu03RF%2FVmC6207etFqDOFD8hPZPYLKrULTmEAIFiaBZZ86FI9bEC%2FDj9Z9X5eJAfkoqMzu5KIkKG0rts%2FaPohe47ygEf2KEo%2BX%2FJdUCrm7xs17KqKGAeqmnWlItbbitfB167%2FlenIwYyRF39OvB%2BR%2BTTkgE4OFjWv%2FJCCUFASA8w0i8f9LbC3a5MsCYFTvYAEGDL5VOHYI3zMStHMLuxi%2FJQnoFIKyE4yJnI8yarU%2BktVKkNdNwp56pb9ysy%2BTNuBUTueH4RrwNuqTF44UkD6ZOfmeysPgIrvuiAuNTDelnGCTltV748E7H2tyxi4MLYYWIq%2ByEexPrW66BBFd6LmPVJlxmdUPKrFEWgmmFhJb29km0EWdOX1GeG3DP0Z44o3mXwtN1xmLyphh7SdWD7%2FPXNaVVMRZZdnLTSjBPrYSDKU5XwdO5%2FIyN53srUsgSnnlF6%2B6div%2FG86UBwjIrIjWWLZD0xQeIrwcrZqo2qOC0989EOYrACqwMB81AvnWJuiFZ1LW6%2BHj7TNyAZgTHstnlHnVnpCehsm%2B5ffBmpUk%2BM7TzNolzX%2FASVswyoxPyLarEAegVZRP55nyaT02783AJHKpkJP6kgzFSeu8LczE45fMzfiAsIPeBfeb92ifSSK%2Fvny0sUOWQ5uvqA%2BPQ%2BwQnErB%2FR0nLMwuISFNAlyALhQhMU9Btm7sWh8T%2BLK1jyXkE%2F%2FGoFiYba%2F0H1FSOt008sXnCY5kzWIQ0QmtXqqSeX%2F76CjrUMEU9SYXlQe4BXsQNcRvKrPbF9uICHP4LqhefD3zmKuqJY9tZcr4gs%2FF8I%2Bavmp56hMCYxxtgqgge0QGdkzi%2FGUGcKFl%2BEc2zUayCxcRgnQ%3D%3D,mercadolibre,369.04545454545456
33900.0,departamento,Magdalena Contreras,Ciudad de México,79.0,2.0,2.0,,https://click1.mercadolibre.com.mx/brand_ads/clicks/MLM/count?a=VZB08PzwRJ9ArHTol8u%2F63GOAei5JxZVB2tmPdWO4cew9Nqhwv6md1Wo5kJBYtzOSwxlqq5H3Di8wz7WY0hvUw%2F9l%2BSlM2Ah%2Bh40degIrammDS0qjKUi2Reu6v%2FgBDjhx9EwkcN0T0mMTRGG7V4Eu5ti6hO3WwthbmJtTeRJeFp8djsjbKp3Cpc0lAZJ4i3yBh5cLTVtL%2BjSocxvb%2BgWTlG5ITQSu7GWDdwaUnCobLYWnP3P%2Fe4QwGPQ4Q2fwC4Eg%2Bntsj7pf%2FfQgunrC1%2FN2yrBYJNBN3TH%2BwCoN5ybjJVpoW1sjCEZbroOKLAgpcstHWlvTXyLsuO%2F%2FDs%2BSiqswoaEx6o9dVnT96fIZhAjR3OH2qneS7maTwWsqFhJe3g0AfOD%2BYqHWSBgopZ4e0K2uIx8hvSdMyqYUUWXA3sc8JSjRUquhAksYSxOnLw5gn9w3jzvMmMQI4%2BDy4pl6KZymoyehdOQ16tEORJeOkjO1mChBmVogan%2FSnUPRj0hKbExOkibinproETEJS8jtQV8kZlwpIb0I55Fr8pwKGp9xnCdHHzEzGufD1S7WWUG7%2BOPVbb2EnSDgEQae90tEo%2BUcdWZZvhBO7S7Q85v5FbHRs6Hgrp4JU9mD7Z7prfc2J2eVQmIEJX5ML9ERzmfdI5hquJMLwNBAbyGlR7kukmKda%2FFH%2BYRw0d0p4S%2Bkqs6yJT%2BDt%2B0JG8diIaqobtr0x0WgEhG%2BCHLwVNp2cnLIs4ignxQUdVoWJJQZbKsqBd8epDw5gkHGNDe9XGuT%2Bo54K5HNBb%2Bkd7GmF3PwmOcMnoIloIeuY%2BS5un7jqnxw%2BrpNWMMVSz9A4ZwzjdmjdMl7KPT5bmvPyzN54IehuQlzYFmNeQvyU1q9%2BoumkyC%2BjKqZOUN0AOoN3ImZCwCD%2Bmgl%2B59ylnIzGOBkPTs41WtZhUR7l25Xmve4lfhxDiSuS%2B1MqfsbkVqIvzoBlEfddNVW0mWHqtGt0lc1tuoUmPoX8FxIB%2Fs0b7A9SinLyHmyhBllJ9zL8O0ZLQ6gPzzCiOJZqfbfdshb9PvuTdzzOzZKy8ij9iDhFjaeQ3wIUh4ffL1yRTbtF%2FMhjfsJ9aRqK6%2F9DO84rMqVC5VJmqhp0Pw5Re%2BUm3IasXH6M7axU7jbtj9jJNwkfWqrjGmsIUv37qvvyLAaiWnmuf9KEyoKRXXDfT6CUmrlMkaLpFChHiYa5omJhzwmPpmSOmsbRrJHUcGqwkJE%2BWnMgB75VDw6Pw0N%2B4cUgnMp2qoLgWBvYuN%2FsgnEpWZ%2BuF1ItrJhyJidzyQq23SNFbytuTLy%2FIW9NHpQx%2F%2F0VlL1LPShWdbilDA5XIBRH8BPZTvlLDKbfvtGHEozbr9ZGz2kPA7PAHYIKNCHd8h7VeaZDEyDrvt7yN%2BMFUfSRzJ1Pe53biCpGcPZZk0YxJG8kiUybpgJk3UCcPqnyeFArv9uptwvb8zyMTGzgOYajW4bua5qW79JY25G%2BbL7DgaWa1slv3Pa0V%2FgqC9ansNLZ7z3rilUAzDuySJK7NGY7ndxsy3BW1hPXzM3r%2Bzpf515icWFZD%2BPouIQQ%2F7bEIcXENKhIP0iKh8NUM8Et1Sq2EAW6Rr83szXnke9eXs1dnTiAD%2BsnPA9xbIkAGOZpg1o0TNyoD4tjpxtxLrTy080aERooc%2BakrVWoqg,mercadolibre,429.11392405063293
16910.0,departamento,Magdalena Contreras,Ciudad de México,37.0,,1.0,,https://click1.mercadolibre.com.mx/brand_ads/clicks/MLM/count?a=qG1gXl3eKpMmLvVhEaD5PAq58r1CA7UXvD%2FWr5xXXyc3WyIYNqXZOMr4e4DjaxCFScVJwh9eoZwWzEEdwuCvQvBpxckkPxynatD8TrEXlcy7uP%2BudEVrjh2Ic%2FcaLIoWlV1jIQx%2BWnl%2BJYV5PeInez0HQIX%2Fb3I2xWPP9XWqzVIgFZp6%2BkVWLRbKPqguhxVXqUU9Xr%2Bj9IyEA7m%2FPU05AFnQfvJ2U7HLHWOlc5lUjwwOQYJbYanSbaw8zvIg%2BpeVRY5JtKGgOfIrnHEbkRTObSnGz2d5HRzAjwgx7zVVqGY1y3w4sMJ8UmU0eWNiCxcn6fULiK6ODqQKtONXs7qfnabFUshxtzrzrpekpGzauYpjBW0LtsVNYkk1M%2FkZWZQ%2BeXr1P%2BoQkgoTBYWiKOxWZPghzJNThhz7YBJK5e41MhtX2n0qVMizulJzlaeixShWIOwhsIhIAykle%2FZTof71e6GKjHScbtE7NPSn4Fce2A3zPdLoqq%2BgtHkciaeIKd8FXVXA%2Bu2rrSSKppj570kBXgr5CqQFA4SEybjSE7JlyMzjTSZG6WtXJawEuwiZf5MXdn%2BGh1VytPNrgxqIlBehDhsor2mjhHNwDMAOjo9n%2FjQr%2FqQoKGIjM7cf%2Fy1U0moZJtBGyEIygoFeOC0rA%2BuOgEXmit6MRO7KqotGK9OErfAWG9Fx%2FzWX7siSdZEmFezxng4lEirfeaevG%2BoK2HYR3DoLfrMft42EFiRwIQrBfXUVrwPr993G8RcGO3RNJecGvdyoiBpupmgbhWwuth7DzGMhS7c%2FTr84VSb2goy%2BiJ3CBB6MX5mcaYR%2BTHU8Ev9nmtsOwE2sqF%2BhxoFRYddGiPlhb4HQeW4ESNEjNFm7irucWP6O97Pj4DejLgFrSwvaEqWaiC5b62pLTsJbRD1pnopfcCiuKhnb6a2sbBo0JJ30rWwtUSDVs5ffoTqTP9tA29DQBvqPdVL1YaGYdhBw45JZ8qyq1CB%2Bv2%2FHiNZ3PZQQdBIxQ6LJoUmFeEX92pw%2Fvna6xW5NSXWbFL9dhgeb2AfnZEnt180r4Ed%2FKgXAdiYX9iBF5ki2lAXZ4F43EeqrtQMYG6xUqxvSjNAxsDOEPZ9oqJbQnyTTyWkXEWx5b8SxY%2FKTlGCXm4c8XgoJWNL9U6UK9Xnx60cZuhmJFZLFAbILlr4wkx2rMFn99R6tteHaOp89zjgJuPZyUL%2FKGTGXFqIjlzmsurnnTYOU7Lo26WuyWr3Gs1zrggBaQNn919iSCfE3haA8xIBzWisQ98gmpi0D1JAqc4xt2D4%2Br6yLGPKrZIqHV6yyd0zosRADYp4mkp2pFlz6IkzSGnrjiF1F1Ja26eSpeN2Fw4cSe%2BBUUdD0K1SoKPbQQgJQ8LWtDT2jDRSxCR59uOuTxkZbgcHRBKym2fkdez%2BhBw6pS1CuVvXes4y%2F0YCoJLrtdxDVcpB3UzV5FAL6T8R%2BmAvoYup8Jxq1J1DUrkKOc4nNxCfMuAL3Bvx%2FLU4s642WzA8lxPHOB7W5f1EnqfWoyDZYQE4d%2FeHuaGYQMw1jO5ejFTvf5wyx%2B9jJLqw%2FdXyAFa8NvfcnkpN0r%2BX05r7l3EYFcaWUMwXQ7d1xTyN8kVU9BHtEv5Y1ig%3D%3D,mercadolibre,457.02702702702703
47000.0,departamento,Magdalena Contreras,Ciudad de México,229.0,2.0,2.0,,https://departamento.mercadolibre.com.mx/MLM-2858642345-departamento-en-renta-en-san-jeronimo-aculco-_JM,mercadolibre,205.24017467248908
53000.0,departamento,Magdalena Contreras,Ciudad de México,229.0,2.0,2.0,,https://departamento.mercadolibre.com.mx/MLM-2855578093-san-jeronimo-ph-en-renta-con-roof-privado-_JM,mercadolibre,231.4410480349345
30000.0,departamento,Magdalena Contreras,Ciudad de México,48.0,1.0,1.0,,https://departamento.mercadolibre.com.mx/MLM-5480520134-park-pedregal-departamento-en-renta-_JM,mercadolibre,625.0
40000.0,departamento,Magdalena Contreras,Ciudad de México,105.0,3.0,2.0,,https://departamento.mercadolibre.com.mx/MLM-2774324847-departamento-en-renta-en-san-jeronimo-aculco-_JM,mercadolibre,380.95238095238096
22500.0,departamento,Magdalena Contreras,Ciudad de México,150.0,3.0,2.0,,https://departamento.mercadolibre.com.mx/MLM-5480328408-departamento-en-renta-tipo-ph-en-el-fracc-camino-a-sta-teresa-_JM,mercadolibre,150.0
25000.0,departamento,Magdalena Contreras,Ciudad de México,150.0,3.0,2.0,,https://departamento.mercadolibre.com.mx/MLM-5450478688-departamento-en-renta-en-san-jeronimo-lidice-_JM,mercadolibre,166.66666666666666
14000.0,departamento,Magdalena Contreras,Ciudad de México,94.0,2.0,1.0,,https://departamento.mercadolibre.com.mx/MLM-5462404324-renta-departamentos-san-jeronimo-lidice-t-df0130-0305-_JM,mercadolibre,148.93617021276594
36000.0,departamento,Magdalena Contreras,Ciudad de México,105.0,2.0,2.0,,https://departamento.mercadolibre.com.mx/MLM-5468900616-renta-departamento-2-ambientes-la-concepcion-_JM,mercadolibre,342.85714285714283
9249.0,departamento,Magdalena Contreras,Ciudad de México,40.0,1.0,1.0,,https://departamento.mercadolibre.com.mx/MLM-3010879871-estudio-departamento-semi-amueblado-en-renta-en-san-jeronimo-_JM,mercadolibre,231.225
4800.0,departamento,Magdalena Contreras,Ciudad de México,200.0,1.0,1.0,,https://departamento.mercadolibre.com.mx/MLM-2951136223-departamento-cercano-a-avenida-principal-_JM,mercadolibre,24.0
20000.0,departamento,Magdalena Contreras,Ciudad de México,80.0,3.0,2.0,,https://departamento.mercadolibre.com.mx/MLM-5364495166-departamento-muy-iluminado-super-ubicado-en-conjunto-con-areas-verdes-seguridad-247-_JM,mercadolibre,250.0
20000.0,departamento,Magdalena Contreras,Ciudad de México,120.0,3.0,2.0,,https://departamento.mercadolibre.com.mx/MLM-2979714095-departamento-iluminado-con-amplia-sala-y-comedor-3-recamaras-2-banos-1-estacionamiento-techado-_JM,mercadolibre,166.66666666666666
30482.0,departamento,Miguel Hidalgo,Ciudad de México,67.0,2.0,2.0,,https://click1.mercadolibre.com.mx/brand_ads/clicks/MLM/count?a=8QhvSs5seBi%2B%2B6nhZBeoxS3i4idEKFdN4olHZjuXlsH9q3Wk9MtZHIRFa7auqqPKM1Ca7gXV5KqFWo4QbnXfbJf2e6lsvLA1G5M3kwSi0%2FSymm7fmBml8G8XiXoYFqX2Cl3aN2enRjadd6L%2BBX8vlfaDejTHLF7k5jJruAiZdwncQ3cuIHXk%2FC20ZHPzqUkOotlyIObti66ACx%2B0a1PqWLzliGi115sNlNfmSgXGaEHnN54iC19EGUcdhHHw0Sx5e4b2veyYrNk9MkqliOj2RUIyA5IVdEWNJ%2FR1%2Fddn6Z9P2ZG8OzTcHQqExHnBWvgVE5wMl06GReldaXRRf8DJ%2B9AM2wmVdnk3jmQ8Dmeo6MXObpsKrgS9qnkaRTirwMvTFiRI%2Fn7zXdtZ93djlCHkQLHmOG31%2Fvbujuu21xWo7FIff%2BbodFsA8awMb7Wsp5IirnlVITXbcia4gSNQsF0BekxKt12Kj%2FRFOoPB%2BDjlGCLl2gv%2BWl1pi5NNBelohjfanaTCdEazb6MXr0zmNJbRke4NdxWZD1HZ9QM2liBIwqU9K2pCOpIYo3wrChj53m96cX85qvgNqPhIP0eYKuawy4WSJkxxiFk3U30%2BRi%2FPNo1xULajIw7Xb3HgqkD88PAU87nIUk7o5iBmXAGh18F%2FPinN7X7SU2xaruykXKMhuZZPX%2FBlXaGUMCWaHaGgpVBg%2FR7R5tm%2FNpbMa4ZKjY87sumhPsOPg8Cdic%2FVlLMMcSeVSvvx5stcHwIBrpzdNGpC5onTsI9J36zB46RsI9hOcTpSsZUxlInBPTV9ECdndzy9ObDwZnNLEqgAh8PfvovNieNUspG0BIiUX5Zh0rqNNqInvR0xk8Xv7FLlnl3w%2BjKpTZ7HQD1HmijbEQCo0qGvQrawo%2Bgp8ESyasdKpy803wXAF13%2BjY3OtYKqnx18hQktIbiE3aNPPzj%2BE914LzSmkdf0wSVGfkSKQ%2BKz5VRETfGmYJITqgKzkAejNPl7bOfEYvSh4j80lzzKORJhcs6DPnrGfkxWxRLm2QtIJ9G%2F2xwXuNAV9xJmKcBw0EuZWwyNCH73rty%2FKgd87uN2ucTJeggD8BBrWeqLma9cj4aln5fugY7XnnPiJ5hthsY8jIe56C5dcvawcdteyjbu0s21XJDLeqxkqAiiBnxX7PcM824b57w%2BiO%2Br6Xc%2FCkyxfmBzWNF%2BN7XDY%2F4e8mZ1iCaMQo%2BHuSYIvxVDRzCI7zjW5yMPqouzJG9rybJ74ESvufUzt%2BPUjxXipQ%2BjjhrZBE2ckxi5suZOP79V7086YoLcum07OiDU8kLxRlcjh%2Ba1DWRdKwE8uczSxlsGxlVuHBLw8QEXiMAjRKtU0Ls9yfkHCwXypX%2FcyhsmsAxDSURKpEZrJnONEyWMg9DxoVPA%2B0P8RotjNBbHpZ2V8g42kniTcH5tGjZRK%2F1sRSJUdyM1lShIZewyyxDbanxRMVnljJHgQ%2FTaIm%2FMYY5u%2Bs%2Bgpk8RDwR%2Bz7V5Wwd3%2BsLW4Dgi1iYvFzsEbrTgS%2FYjET3mKJR8IwsePTz4L0mdTdsO15mpLhCdr2%2BIiXqrRZl29Q%3D%3D,mercadolibre,454.95522388059703
20573.0,departamento,Miguel Hidalgo,Ciudad de México,55.0,1.0,1.0,,https://click1.mercadolibre.com.mx/brand_ads/clicks/MLM/count?a=ajhgwq7lfbgPVHnxl8jAk0uL0flWPbo9JhzbJXeu76opG0SedrCC6wuw6XCjqTFyicZ8xpQ88ohaQR%2BDz%2BdLgTNX0uc6sUbRJ5ryS2JHA2nKgVWXspaiE4KFhl8F8msBDNcSwyTQmkVWjLBnqtntpoTvt8i%2BcZxdsE%2FQbBXAm85ONrouy0Nj8MlRTtBnZtcHPf3s21vr5gWvSCp4Sf%2BtD4T3tM37D9EVnGxLYSfHSza1WNnFDDPpnVgdCQZrfo0%2F7NbblM2MhSgd%2BnikF4VrMt%2BCCBA2u%2FhuRHSlCQfmuhChqD81Qzy8S9wVbAUHST%2BIEKzjoi3ad8vi0M5fr9LCPBCLjXZ%2Bl0STOVCs39y4ikdiogjuIM0VrtLPmfA1LwXWv81F%2B6Ur2Fik9fcz7OsUZqlcP3nX7A%2BviGbcf9QezCpMNGCXJ0%2FF8UsRHwXtDn6BUDHwU8cjP9AQ%2F0HhcDsKDUK8Ztxuhph3rG8q6cNAL77hMf6A8mLjHvojO9EAvqHfI4WvrfSq0JM%2BPErN1niqKCbnWV%2BJvg5Y7iQI5S25QLs0YqbsbdpI99vQiEXkZWHEfupq44W7jRe3aJHRI5CdwKjRqlQtVLckYWnL6FfEJUQORDCsfTgsw6nobIJanoVHyBqsK2sKI6u7jnmrtCY2F%2BFP92nfG5IU%2FhrYTSPWVRrO2Hc%2F5ilx5k9mW2fZZF1vReRH5fXqsL0DZ%2Fp2OqKlUk7UJ1i4qJlh4z63DsICOCqD4ATGBPx%2BT38NHYiAuL6U2lp4VXgVrM1htVVPk7q6IS3vpi4Y%2FG6nkswN0cr8IaOw7Ivl3IgRaW1ouzaI5vYLk%2FOkzWdMCDKDxwm5Cn1MVYf0NA%2BLCKT6qrxmKPwfKS1RJRfTOPUr5%2FxKBt9kNABIRZqWhX83r5fHdrcaZBuuPku6YDsbSmolfvNDGsBaBi99rK5EHij%2FxfsA9%2FZ86tOQqV%2FtyMpYjjji6O8yRtjo0p7bdYCa4Wp08hYeNcPNlaKxAlazJ0J0lghyBmYROQh9aJm6uUv68v07wFHkgFaZlY8LDkc1qpB8y8YE2x1WlwysglDp7hcWMltgFuUWKfIrBaU%2BdoE%2FJAEO7n7UmbZB7uSZsZlpHTpewXDb5Q7SR6Xs9vvwNq4xOt2v29kAk3BzvTri0VIfsBgEFD%2BeLk0cGco%2BuA8isg9N48r0CTKgXAfdwUIFtkQnAbb0tlWn11U4MwxWWx4VM%2BSaAYatw2COrbZ7HRIgxGnn4YAScDm%2Bi3oKFkc%2Bm7TMkctWZKaBhCK1JP7HDcxt02ABO887nWYghui%2BgFEyY1TJKYTuUH0OYwMNACafKcp5f2hs4FcapWfepxC79aI3bUyywlD5EtZhjzmbpt%2FBCZih5Q%2FD%2BMdhGhAxPZz%2Fylt6FwJniHPlFWk1Jh2ZhSYwrymIp9ECpjK2IUnugVcOSWxPydJNgjytEPLr7BSgATbXHWaO608ka7jNgbh43tGfx1EVLEgEDPqHVsv0%2F%2BC%2F%2FTkOfOvhUsgo7gf6SZlqFo4vXjCO18kGI89HOC8i7Cyy4fLYsfQ9t2xM2CsBzAED6GQPfHs%3D,mercadolibre,374.05454545454546
16910.0,departamento,Miguel Hidalgo,Ciudad de México,37.0,,1.0,,https://click1.mercadolibre.com.mx/brand_ads/clicks/MLM/count?a=bmZ5Mnv6WIgcBnswj99J9NFXe8LBvV96zii6o39o2UOIT6q2BoICTiVJeXxfKRE7YNNi%2BjiBGjhyU2ZdvibGeSLuasijB00tmCppXWMUllf0J3rAwWTTEUEeqK5J8UIuApbwGetaUc%2FG7S5JcPS5JuiUmHgOhUrqmS8USysAz2UrF8Hk%2BQXYnyVhcJSeBjcB6rvWsmYX72e34gDHO4S9Q%2F5AHa%2BEbTiLnL9ACUtuGiukPwObK%2BE4r0fBUf2bvSQaHtC10Ob9WTwsrFSChixgVLDK7K%2B%2FQbVM1fMp52MYc3dBqRfhgHDNWz7z%2FYQbb78d7tGyWCgULptk%2FebpIcCoqkh2gxS4xoodlZg8RrpVmNPR%2BG1egI1k5nrO68WafVlTgwgcish3D2T9bDPS4VSpBkF4WcmfhFkxkhcdo1UHT%2FYJvKDzmbA7vWTSDQfmJR%2BJUI%2BMlcHoyjwcNXgkWvLn8RprDBLIqD1S7s1kDf9U6K9h7oXLcuyFjkT9SX3ejdYBjqrS6FiuwOVJJ2gZsSQGtxyqikZJNctTGqjA63XU4ntAuGqRS9NBc7fJ9%2FH%2FwiVUyUJPM7ovYOaOg5a5%2BJvp6CAOt8VTgXsMRB8mtioaA%2F5Qjw52fANhpCm9Io49GWFgMRe8x%2F2qgBanoQAnFH6W5oTkzKhDoHGT1OaOyWoEzWn%2FT1jhZ9Ie%2BlWF4XR%2BBOrVkynOPh7QH%2FjcLL8VGSs3ccieMore6XgHXVapzSFczcVw50FD1Wbk%2BzITVuiWtyhGAwqXlU%2FF%2F811ZsPN2Gm%2FPny9T6bEvHbxu21RQXGBeF6JmlNgQhGj4BYhiUZz8vMjBvGQcQWMPluM65%2FQzt4iu3F8pvpkPCBtmhfLay%2BDPBnIi3Dv7fxMvUpcxn11z%2FRO%2Bv78TqufTE%2BXvWBGyYiMWm2DlQExvTSslYXffzUiLcTWJULUnHE4PsCp3%2BcaUh7pIJfPNrB1zp5DcYRyJsqa0J6TAgykT0TMzXIcUX9G2EKOpihcFc%2Fdfmgri%2FrdB8xu%2FNggskjPrsDK2rcSYcGpA%2B8Xev768eDuD9ypOc9gfV%2F2truXpWb57GvBGP%2Fy9dPzZJk9wJ7FBj8Bgi%2FJbmPOPsbKiOgCnmw5wAZR7%2BD32wiwvUzadWF8T%2F%2FdlwgGRUN3mt6EptgCFbJ3eb6VhdKixI2VwNOWaLp2PL4O0TATlFd%2FyEeYTFD946VwHyFG0wfC4Ar7Rqn%2BqBuqV6AzQ9WwY8GiW%2BLVB2zrFdd7rfchzF1wfz8kr1OrApe3Dojdfqu92Zjw8H%2BcOD6WlHP3FrLrilHu%2BUZWhRwLZ9h9jWt5xjdTWBU0JdFM05BhbtboYz6esWZa4LlFDPZRkpxA1uCKxSfubHCSMdqlGxfhk%2Bn8%2FVPsMQ8EZvg6uviKVngcGMer3LrhyCs6PcPGDRxS64s%2BEo4BC2EUHL5FrX2gRqehCgH1vRbV9p5LTBAxRlwFMtDOnEbzIX2GER0tywx26eBiWJ0JHwefGnb4yzdCmmtTnlId8iQAP55gd8gKSj9osQATGZd3L8NcsE%2FO5lIKGBsxodp4,mercadolibre,457.02702702702703
35000.0,departamento,Miguel Hidalgo,Ciudad de México,82.0,2.0,2.0,,https://departamento.mercadolibre.com.mx/MLM-5507199572-departamento-en-renta-en-anahuac-i-seccion-_JM,mercadolibre,426.8292682926829
30000.0,departamento,Miguel Hidalgo,Ciudad de México,77.0,2.0,2.0,,https://departamento.mercadolibre.com.mx/MLM-5480124168-departamento-amueblado-laguna-de-mayran-_JM,mercadolibre,389.61038961038963
49500.0,departamento,Miguel Hidalgo,Ciudad de México,170.0,3.0,2.0,,https://departamento.mercadolibre.com.mx/MLM-2896947445-departamento-en-renta-en-polanco-con-amplio-patio-privado-_JM,mercadolibre,291.1764705882353
17600.0,departamento,Miguel Hidalgo,Ciudad de México,39.0,1.0,1.0,,https://departamento.mercadolibre.com.mx/MLM-2975676473-departamentos-en-renta-sin-aval-con-alberca-cerca-de-polanco-miguel-hidalgo-cdmx-_JM,mercadolibre,451.28205128205127
100000.0,departamento,Miguel Hidalgo,Ciudad de México,165.0,2.0,2.0,,https://departamento.mercadolibre.com.mx/MLM-2803201615-departamento-en-renta-en-polanco-iii-seccion-_JM,mercadolibre,606.060606060606
16000.0,departamento,Miguel Hidalgo,Ciudad de México,70.0,2.0,1.0,,https://departamento.mercadolibre.com.mx/MLM-2987823315-renta-departamento-tacuba-_JM,mercadolibre,228.57142857142858
75000.0,departamento,Miguel Hidalgo,Ciudad de México,156.0,2.0,2.0,,https://departamento.mercadolibre.com.mx/MLM-5430040236-departamento-amueblado-_JM,mercadolibre,480.7692307692308
90000.0,departamento,Miguel Hidalgo,Ciudad de México,200.0,3.0,2.0,,https://departamento.mercadolibre.com.mx/MLM-5412790124-departamento-en-renta-en-polanco-iv-seccion-_JM,mercadolibre,450.0
39000.0,departamento,Miguel Hidalgo,Ciudad de México,152.0,2.0,2.0,,https://departamento.mercadolibre.com.mx/MLM-5462327088-penthouse-en-renta-con-roof-garden-privado-en-la-escandon-_JM,mercadolibre,256.57894736842104
20800.0,departamento,Miguel Hidalgo,Ciudad de México,51.0,1.0,1.0,,https://departamento.mercadolibre.com.mx/MLM-2980092803-departamento-en-renta-en-lomas-de-sotelo-_JM,mercadolibre,407.84313725490193
19728.0,departamento,Miguel Hidalgo,Ciudad de México,51.0,1.0,1.0,,https://departamento.mercadolibre.com.mx/MLM-2980118531-departamento-en-renta-en-lomas-de-sotelo-_JM,mercadolibre,386.8235294117647
30700.0,departamento,Miguel Hidalgo,Ciudad de México,67.0,2.0,2.0,,https://departamento.mercadolibre.com.mx/MLM-2980092801-departamento-en-renta-en-lomas-de-sotelo-_JM,mercadolibre,458.2089552238806
30000.0,departamento,Miguel Hidalgo,Ciudad de México,70.0,2.0,1.0,,https://departamento.mercadolibre.com.mx/MLM-2980232463-departamento-en-renta-en-lomas-de-sotelo-_JM,mercadolibre,428.57142857142856
33100.0,departamento,Miguel Hidalgo,Ciudad de México,35.0,1.0,1.0,,https://departamento.mercadolibre.com.mx/MLM-5310213736-departamentos-en-renta-amueblados-en-polanco-miguel-hidalgo-ciudad-de-mexico-_JM,mercadolibre,945.7142857142857
16700.0,departamento,Miguel Hidalgo,Ciudad de México,40.0,1.0,1.0,,https://departamento.mercadolibre.com.mx/MLM-5428291948-renta-departamento-amueblado-opcional-toreo-5min-carso-ampliacion-granada-_JM,mercadolibre,417.5
67500.0,departamento,Miguel Hidalgo,Ciudad de México,118.0,2.0,2.0,,https://departamento.mercadolibre.com.mx/MLM-5445176874-departamento-en-renta-vista-al-soumaya-grand-polanco-irrigacion-miguel-hidalgo-_JM,mercadolibre,572.0338983050848
17400.0,departamento,Miguel Hidalgo,Ciudad de México,40.0,1.0,1.0,,https://departamento.mercadolibre.com.mx/MLM-2975663493-departamentos-en-renta-sin-aval-cerca-de-polanco-miguel-hidalgo-ciudad-de-mexico-_JM,mercadolibre,435.0
29900.0,departamento,Miguel Hidalgo,Ciudad de México,67.0,2.0,2.0,,https://departamento.mercadolibre.com.mx/MLM-5428506812-renta-departamento-amueblado-opcional-toreo-5min-carso-ampliacion-granada-_JM,mercadolibre,446.2686567164179
34500.0,departamento,Miguel Hidalgo,Ciudad de México,116.0,2.0,2.0,,https://departamento.mercadolibre.com.mx/MLM-2979045207-renta-departamento-en-residencial-parques-polanco-_JM,mercadolibre,297.41379310344826
68000.0,departamento,Miguel Hidalgo,Ciudad de México,118.0,2.0,2.0,,https://departamento.mercadolibre.com.mx/MLM-5445127334-departamento-en-renta-en-cervantes-saavedra-nuevo-polanco-miguel-hidalgo-cdmx-_JM,mercadolibre,576.271186440678
60000.0,departamento,Miguel Hidalgo,Ciudad de México,180.0,2.0,3.0,,https://departamento.mercadolibre.com.mx/MLM-2980232477-departamento-en-renta-en-polanco-iv-seccion-_JM,mercadolibre,333.3333333333333
31500.0,departamento,Miguel Hidalgo,Ciudad de México,83.0,2.0,2.0,,https://departamento.mercadolibre.com.mx/MLM-5428506766-renta-de-departamento-amueblado-en-carso-vistas-del-bosque-toreo-_JM,mercadolibre,379.51807228915663
21500.0,departamento,Miguel Hidalgo,Ciudad de México,52.0,1.0,1.0,,https://departamento.mercadolibre.com.mx/MLM-5428506810-renta-departamento-amueblado-opcional-toreo-5min-carso-ampliacion-granada-_JM,mercadolibre,413.46153846153845
39800.0,departamento,Miguel Hidalgo,Ciudad de México,74.0,2.0,2.0,,https://departamento.mercadolibre.com.mx/MLM-5428506826-renta-departamento-neuchatel-gran-ciudad-ampliacion-granada-nuevo-polanco-_JM,mercadolibre,537.8378378378378
36900.0,departamento,Miguel Hidalgo,Ciudad de México,63.0,2.0,1.0,,https://departamento.mercadolibre.com.mx/MLM-5428150610-renta-departamento-neuchatel-gran-ciudad-ampliacion-granada-nuevo-polanco-_JM,mercadolibre,585.7142857142857
35900.0,departamento,Miguel Hidalgo,Ciudad de México,56.0,1.0,1.0,,https://departamento.mercadolibre.com.mx/MLM-5428291960-renta-departamento-neuchatel-gran-ciudad-ampliacion-granada-nuevo-polanco-_JM,mercadolibre,641.0714285714286
33000.0,departamento,Miguel Hidalgo,Ciudad de México,47.0,1.0,1.0,,https://departamento.mercadolibre.com.mx/MLM-5428150604-renta-departamento-neuchatel-gran-ciudad-ampliacion-granada-nuevo-polanco-_JM,mercadolibre,702.1276595744681
35000.0,departamento,Miguel Hidalgo,Ciudad de México,56.0,1.0,1.0,,https://departamento.mercadolibre.com.mx/MLM-5428506822-renta-departamento-neuchatel-gran-ciudad-ampliacion-granada-nuevo-polanco-_JM,mercadolibre,625.0
28500.0,departamento,Miguel Hidalgo,Ciudad de México,42.0,1.0,1.0,,https://departamento.mercadolibre.com.mx/MLM-2979159109-renta-departamento-neuchatel-gran-ciudad-ampliacion-granada-nuevo-polanco-_JM,mercadolibre,678.5714285714286
31000.0,departamento,Miguel Hidalgo,Ciudad de México,38.0,1.0,1.0,,https://departamento.mercadolibre.com.mx/MLM-5407574668-departamentos-amueblados-en-renta-en-polanco-ciudad-de-mexico-miguel-hidalgo-_JM,mercadolibre,815.7894736842105
32000.0,departamento,Miguel Hidalgo,Ciudad de México,42.0,1.0,1.0,,https://departamento.mercadolibre.com.mx/MLM-5428506816-renta-amueblado-en-neuchatel-gran-ciudad-ampliacion-granada-nuevo-polanco-_JM,mercadolibre,761.9047619047619
22000.0,departamento,Miguel Hidalgo,Ciudad de México,40.0,1.0,1.0,,https://departamento.mercadolibre.com.mx/MLM-5401938382-hermoso-departamento-tipo-loft-en-renta-lomas-de-bezares-miguel-hidalgo-_JM,mercadolibre,550.0
39000.0,departamento,Miguel Hidalgo,Ciudad de México,71.0,1.0,1.0,,https://departamento.mercadolibre.com.mx/MLM-5428506916-renta-departamento-amueblado-residencial-plaza-carso-nuevo-polanco-_JM,mercadolibre,549.2957746478874
24000.0,departamento,Miguel Hidalgo,Ciudad de México,42.0,,1.0,,https://departamento.mercadolibre.com.mx/MLM-5479779098-renta-loft-amueblado-be-grand-alto-polanco-torre-3-piso-alto-_JM,mercadolibre,571.4285714285714
70000.0,departamento,Miguel Hidalgo,Ciudad de México,116.0,2.0,2.0,,https://departamento.mercadolibre.com.mx/MLM-2996086093-renta-departamento-en-residencial-miyana-amueblado-_JM,mercadolibre,603.448275862069
85000.0,departamento,Miguel Hidalgo,Ciudad de México,300.0,3.0,3.0,,https://departamento.mercadolibre.com.mx/MLM-5505639708-renta-de-departamento-remodelado-a-una-cuadra-del-colegio-liceo-_JM,mercadolibre,283.3333333333333
90000.0,departamento,Miguel Hidalgo,Ciudad de México,180.0,2.0,2.0,,https://departamento.mercadolibre.com.mx/MLM-5474102668-departamento-amueblado-con-terraza-_JM,mercadolibre,500.0
60000.0,departamento,Miguel Hidalgo,Ciudad de México,150.0,3.0,2.0,,https://departamento.mercadolibre.com.mx/MLM-5505532334-departamento-amueblado-en-polanco-v-seccion-150-m2-_JM,mercadolibre,400.0
60000.0,departamento,Miguel Hidalgo,Ciudad de México,200.0,3.0,2.0,,https://departamento.mercadolibre.com.mx/MLM-5505532340-departamento-amueblado-en-renta-polanco-v-seccion-200-m2-_JM,mercadolibre,300.0
46000.0,departamento,Miguel Hidalgo,Ciudad de México,120.0,4.0,2.0,,https://departamento.mercadolibre.com.mx/MLM-2993166983-departamento-en-renta-en-polanco-amueblado-_JM,mercadolibre,383.3333333333333
25000.0,departamento,Miguel Hidalgo,Ciudad de México,30.0,1.0,1.0,,https://departamento.mercadolibre.com.mx/MLM-5100534812-renta-de-departamento-en-nuevo-polanco-sin-aval-_JM,mercadolibre,833.3333333333334
28000.0,departamento,Miguel Hidalgo,Ciudad de México,160.0,2.0,2.0,,https://departamento.mercadolibre.com.mx/MLM-5173150724-departamento-amplio-con-2-habitaciones-1-estudio-bano-y-medio-en-nuevo-polanco-_JM,mercadolibre,175.0
78000.0,departamento,Miguel Hidalgo,Ciudad de México,285.0,3.0,3.0,,https://departamento.mercadolibre.com.mx/MLM-2926066249-departamento-en-renta-o-venta-cerca-del-bosque-de-chapultepeclomas-de-virreyes-_JM,mercadolibre,273.6842105263158
21000.0,departamento,Miguel Hidalgo,Ciudad de México,60.0,2.0,2.0,,https://departamento.mercadolibre.com.mx/MLM-2932535103-a-2-min-de-polanco-departamento-en-renta-en-lago-silverio-mariano-escobedo-_JM,mercadolibre,350.0
27030.0,departamento,Miguel Hidalgo,Ciudad de México,50.0,1.0,1.0,,https://departamento.mercadolibre.com.mx/MLM-2831429135-renta-de-departamento-premium-en-nuevo-polanco-sin-aval-_JM,mercadolibre,540.6
85000.0,departamento,Miguel Hidalgo,Ciudad de México,175.0,3.0,3.0,,https://departamento.mercadolibre.com.mx/MLM-2974205417-departamento-en-renta-en-polanco-de-3-recamaras-y-175-m2-_JM,mercadolibre,485.7142857142857
65000.0,departamento,Miguel Hidalgo,Ciudad de México,170.0,3.0,3.0,,https://departamento.mercadolibre.com.mx/MLM-2740230835-departamento-en-renta-en-plaza-carso-_JM,mercadolibre,382.3529411764706
31000.0,departamento,Miguel Hidalgo,Ciudad de México,90.0,2.0,2.0,,https://departamento.mercadolibre.com.mx/MLM-2970380669-departamento-en-renta-con-amenidades-_JM,mercadolibre,344.44444444444446
5900.0,departamento,Miguel Hidalgo,Ciudad de México,160.0,2.0,3.0,,https://departamento.mercadolibre.com.mx/MLM-5369786686-departamento-amueblado-en-renta-polanco-_JM,mercadolibre,36.875
65000.0,departamento,Miguel Hidalgo,Ciudad de México,162.0,3.0,2.0,,https://departamento.mercadolibre.com.mx/MLM-2962194239-departamento-en-renta-amueblado-en-polanco-_JM,mercadolibre,401.2345679012346
72500.0,departamento,Miguel Hidalgo,Ciudad de México,176.0,3.0,3.0,,https://departamento.mercadolibre.com.mx/MLM-5473420318-departamento-en-renta-en-polanco-primera-seccion-_JM,mercadolibre,411.9318181818182
45000.0,departamento,Miguel Hidalgo,Ciudad de México,97.0,1.0,1.0,,https://departamento.mercadolibre.com.mx/MLM-2969937305-departamento-con-muebles-e-interiorismo-de-primera-en-renta-en-la-escandon-_JM,mercadolibre,463.91752577319585
20000.0,departamento,Miguel Hidalgo,Ciudad de México,40.0,1.0,1.0,,https://departamento.mercadolibre.com.mx/MLM-5194420858-loft-en-renta-en-polanco-amueblado-_JM,mercadolibre,500.0
105000.0,departamento,Miguel Hidalgo,Ciudad de México,194.0,2.0,2.0,,https://departamento.mercadolibre.com.mx/MLM-2929371989-departamento-amueblado-con-vista-verde-en-renta-en-polanco-_JM,mercadolibre,541.2371134020618
40500.0,departamento,Miguel Hidalgo,Ciudad de México,70.0,1.0,1.0,,https://departamento.mercadolibre.com.mx/MLM-5376620062-departamento-amoblado-en-renta-palza-carso-7058-m2-_JM,mercadolibre,578.5714285714286
100000.0,departamento,Miguel Hidalgo,Ciudad de México,257.0,2.0,3.0,,https://departamento.mercadolibre.com.mx/MLM-5170834102-renta-departamento-doble-altura-en-polanco-v-seccion-miguel-hidalgo-cdmx-_JM,mercadolibre,389.10505836575874
6000.0,departamento,Miguel Hidalgo,Ciudad de México,250.0,3.0,3.0,,https://departamento.mercadolibre.com.mx/MLM-2740230853-departamento-en-renta-en-plaza-carso-polanco-_JM,mercadolibre,24.0
63000.0,departamento,Miguel Hidalgo,Ciudad de México,99.0,2.0,2.0,,https://departamento.mercadolibre.com.mx/MLM-2970380671-departamento-en-renta-en-jvm-amueblado-_JM,mercadolibre,636.3636363636364
66000.0,departamento,Miguel Hidalgo,Ciudad de México,118.0,2.0,2.0,,https://departamento.mercadolibre.com.mx/MLM-5430016592-departamento-amueblado-en-renta-en-polanco-seccion-i-_JM,mercadolibre,559.3220338983051
14000.0,departamento,Miguel Hidalgo,Ciudad de México,248.0,3.0,2.0,,https://departamento.mercadolibre.com.mx/MLM-5466517312-renta-de-pent-house-en-polanco-con-terraza-y-chimenea-_JM,mercadolibre,56.45161290322581
38000.0,departamento,Miguel Hidalgo,Ciudad de México,165.0,2.0,2.0,,https://departamento.mercadolibre.com.mx/MLM-5304533612-amplio-departamento-residencial-vista-verde-lomas-de-bezares-_JM,mercadolibre,230.3030303030303
19010.0,departamento,Miguel Hidalgo,Ciudad de México,74.0,2.0,2.0,,https://departamento.mercadolibre.com.mx/MLM-5465108662-cerca-polanco-2-recamaras-2-banos-y-2-estacionamientos-_JM,mercadolibre,256.8918918918919
60000.0,departamento,Miguel Hidalgo,Ciudad de México,250.0,3.0,2.0,,https://departamento.mercadolibre.com.mx/MLM-5356876086-amplio-departamento-en-polanco-con-balcon-precio-inigualable-_JM,mercadolibre,240.0
70000.0,departamento,Miguel Hidalgo,Ciudad de México,330.0,3.0,3.0,,https://departamento.mercadolibre.com.mx/MLM-2759422359-polanco-lamartine-penthouse-en-dos-niveles-de-330m2-3-amplias-recamaras-terraza-balcon-vista-panoramica-excelente-ubicacion-el-precio-es-mas-el-mantenimiento-_JM,mercadolibre,212.12121212121212
22000.0,departamento,Miguel Hidalgo,Ciudad de México,60.0,1.0,1.0,,https://departamento.mercadolibre.com.mx/MLM-2959446641-departamento-amueblado-todo-incluido-lomas-de-chapultepec-6-_JM,mercadolibre,366.6666666666667
36000.0,departamento,Miguel Hidalgo,Ciudad de México,98.0,3.0,2.0,,https://departamento.mercadolibre.com.mx/MLM-2982497081-renta-depto-citytowers-polanco-miguel-hidalgo-cdmx-_JM,mercadolibre,367.3469387755102
13000.0,departamento,Miguel Hidalgo,Ciudad de México,325.0,2.0,3.0,,https://departamento.mercadolibre.com.mx/MLM-2853205955-departamento-en-venta-polanco-_JM,mercadolibre,40.0
24000.0,departamento,Miguel Hidalgo,Ciudad de México,60.0,1.0,1.0,,https://departamento.mercadolibre.com.mx/MLM-2740075363-departamento-en-renta-en-periodista-miguel-hidalgo-_JM,mercadolibre,400.0
68000.0,departamento,Miguel Hidalgo,Ciudad de México,130.0,2.0,2.0,,https://departamento.mercadolibre.com.mx/MLM-2740126983-departamento-en-renta-en-plaza-carso-_JM,mercadolibre,523.0769230769231
85000.0,departamento,Miguel Hidalgo,Ciudad de México,308.0,2.0,3.0,,https://departamento.mercadolibre.com.mx/MLM-2932453683-penthouse-en-renta-grand-polanco-amueblado-_JM,mercadolibre,275.97402597402595
68000.0,departamento,Miguel Hidalgo,Ciudad de México,198.0,2.0,2.0,,https://departamento.mercadolibre.com.mx/MLM-2940236571-polanco-v-seccion-lindo-departamento-_JM,mercadolibre,343.4343434343434
100000.0,departamento,Miguel Hidalgo,Ciudad de México,253.0,2.0,2.0,,https://departamento.mercadolibre.com.mx/MLM-2970380705-departamento-en-renta-en-hegel-polanco-_JM,mercadolibre,395.25691699604744
5000.0,departamento,Miguel Hidalgo,Ciudad de México,170.0,3.0,3.0,,https://departamento.mercadolibre.com.mx/MLM-2784660997-departamento-en-renta-en-plaza-carso-_JM,mercadolibre,29.41176470588235
53000.0,departamento,Miguel Hidalgo,Ciudad de México,100.0,2.0,2.0,,https://departamento.mercadolibre.com.mx/MLM-5208844572-depto-en-renta-con-terraza-en-be-grand-_JM,mercadolibre,530.0
70000.0,departamento,Miguel Hidalgo,Ciudad de México,168.0,3.0,3.0,,https://departamento.mercadolibre.com.mx/MLM-2978860753-excelente-departamento-amueblado-en-socrates-_JM,mercadolibre,416.6666666666667
75000.0,departamento,Miguel Hidalgo,Ciudad de México,170.0,3.0,2.0,,https://departamento.mercadolibre.com.mx/MLM-2945401551-departamento-en-renta-en-polanco-_JM,mercadolibre,441.1764705882353
75000.0,departamento,Miguel Hidalgo,Ciudad de México,130.0,2.0,2.0,,https://departamento.mercadolibre.com.mx/MLM-2740295485-departamento-en-renta-en-ampliacion-granada-_JM,mercadolibre,576.9230769230769
67000.0,departamento,Miguel Hidalgo,Ciudad de México,116.0,2.0,2.0,,https://departamento.mercadolibre.com.mx/MLM-5462018356-renta-departamento-en-residencial-miyana-amueblado-_JM,mercadolibre,577.5862068965517
40000.0,departamento,Miguel Hidalgo,Ciudad de México,105.0,2.0,2.0,,https://departamento.mercadolibre.com.mx/MLM-5461954962-renta-de-hermoso-departamento-amueblado-en-grand-polanco-_JM,mercadolibre,380.95238095238096
4900.0,departamento,Miguel Hidalgo,Ciudad de México,253.0,2.0,2.0,,https://departamento.mercadolibre.com.mx/MLM-2836339185-espectacular-departamento-frente-al-parque-lincoln-amueblado-_JM,mercadolibre,19.367588932806324
45000.0,departamento,Miguel Hidalgo,Ciudad de México,115.0,2.0,2.0,,https://departamento.mercadolibre.com.mx/MLM-2971263273-carso-exterior-con-vista-abierta-mant-incluido-_JM,mercadolibre,391.30434782608694
75000.0,departamento,Miguel Hidalgo,Ciudad de México,200.0,2.0,2.0,,https://departamento.mercadolibre.com.mx/MLM-5401459866-departamento-amueblado-en-renta-en-polanco-_JM,mercadolibre,375.0
45000.0,departamento,Miguel Hidalgo,Ciudad de México,85.0,2.0,2.0,,https://departamento.mercadolibre.com.mx/MLM-5374471330-espectacular-departamento-amueblado-y-equipado-_JM,mercadolibre,529.4117647058823
85000.0,departamento,Miguel Hidalgo,Ciudad de México,170.0,3.0,3.0,,https://departamento.mercadolibre.com.mx/MLM-5461166566-departamento-en-renta-en-polanco-_JM,mercadolibre,500.0
90000.0,departamento,Miguel Hidalgo,Ciudad de México,240.0,3.0,4.0,,https://departamento.mercadolibre.com.mx/MLM-5269452258-departamento-en-renta-recien-remodelado-_JM,mercadolibre,375.0
25000.0,departamento,Miguel Hidalgo,Ciudad de México,90.0,2.0,2.0,,https://departamento.mercadolibre.com.mx/MLM-5234531770-departamento-amueblado-en-renta-en-paseo-de-los-ahuehuetes-_JM,mercadolibre,277.77777777777777
68000.0,departamento,Miguel Hidalgo,Ciudad de México,120.0,2.0,2.0,,https://departamento.mercadolibre.com.mx/MLM-5462065950-se-renta-hermosos-departamento-con-increible-terraza-_JM,mercadolibre,566.6666666666666
90000.0,departamento,Miguel Hidalgo,Ciudad de México,300.0,4.0,3.0,,https://departamento.mercadolibre.com.mx/MLM-5455424722-renta-de-departamento-en-polanco-a-una-cuadra-de-masaryk-_JM,mercadolibre,300.0
100000.0,departamento,Miguel Hidalgo,Ciudad de México,200.0,3.0,3.0,,https://departamento.mercadolibre.com.mx/MLM-2970380703-renta-departamento-en-polanco-con-balcon-_JM,mercadolibre,500.0
45000.0,departamento,Miguel Hidalgo,Ciudad de México,120.0,2.0,2.0,,https://departamento.mercadolibre.com.mx/MLM-5389457596-polanco-departamento-amueblado-de-120m2-muy-iluminado-2-amplias-recamaras-2-banos-completos-area-de-lavado-excelente-ubicacion-vigilancia-24-horas-_JM,mercadolibre,375.0
72000.0,departamento,Miguel Hidalgo,Ciudad de México,200.0,2.0,2.0,,https://departamento.mercadolibre.com.mx/MLM-2977510083-departamento-en-renta-en-taine-en-polanco-con-balcon-_JM,mercadolibre,360.0
5900.0,departamento,Miguel Hidalgo,Ciudad de México,181.0,3.0,3.0,,https://departamento.mercadolibre.com.mx/MLM-2988002415-departamento-a-la-renta-en-polanco-_JM,mercadolibre,32.59668508287293
100000.0,departamento,Miguel Hidalgo,Ciudad de México,222.0,2.0,2.0,,https://departamento.mercadolibre.com.mx/MLM-2894390805-renta-o-venta-de-departamento-en-polanco-con-balcon-_JM,mercadolibre,450.45045045045043
42000.0,departamento,Miguel Hidalgo,Ciudad de México,85.0,2.0,2.0,,https://departamento.mercadolibre.com.mx/MLM-2943028813-departamento-amueblado-en-renta-a-pasos-de-polanco-colonia-granada-_JM,mercadolibre,494.11764705882354
5900.0,departamento,Miguel Hidalgo,Ciudad de México,180.0,3.0,3.0,,https://departamento.mercadolibre.com.mx/MLM-2943666393-departamento-amueblado-en-conjunto-plaza-carso-en-renta-_JM,mercadolibre,32.77777777777778
40000.0,departamento,Miguel Hidalgo,Ciudad de México,70.0,1.0,1.0,,https://departamento.mercadolibre.com.mx/MLM-2945666363-departamento-en-renta-en-polarea-lv553-_JM,mercadolibre,571.4285714285714
33500.0,departamento,Miguel Hidalgo,Ciudad de México,73.0,1.0,1.0,,https://departamento.mercadolibre.com.mx/MLM-5462042838-renta-de-departamento-en-be-grand-polanco-amueblado-torre-2-_JM,mercadolibre,458.90410958904107
70000.0,departamento,Miguel Hidalgo,Ciudad de México,255.0,2.0,2.0,,https://departamento.mercadolibre.com.mx/MLM-5450627060-departamento-en-renta-bosque-de-las-lomas-_JM,mercadolibre,274.5098039215686
57000.0,departamento,Miguel Hidalgo,Ciudad de México,78.0,2.0,1.0,,https://departamento.mercadolibre.com.mx/MLM-5445057100-departamento-en-renta-en-polanco-_JM,mercadolibre,730.7692307692307
6700.0,departamento,Miguel Hidalgo,Ciudad de México,330.0,3.0,3.0,,https://departamento.mercadolibre.com.mx/MLM-2818060239-departamento-en-renta-o-venta-a-media-cuadra-de-masaryk-y-una-de-parque-lincoln-_JM,mercadolibre,20.303030303030305
25000.0,departamento,Miguel Hidalgo,Ciudad de México,40.0,1.0,1.0,,https://departamento.mercadolibre.com.mx/MLM-5072062220-departamento-estilo-suite-amueblado-con-todos-los-servicios-incluidos-en-anzures-_JM,mercadolibre,625.0
90000.0,departamento,Miguel Hidalgo,Ciudad de México,300.0,2.0,4.0,,https://departamento.mercadolibre.com.mx/MLM-2967618349-departamento-inteligente-de-lujo-frente-al-parque-en-polanco-_JM,mercadolibre,300.0
30000.0,departamento,Miguel Hidalgo,Ciudad de México,45.0,1.0,1.0,,https://departamento.mercadolibre.com.mx/MLM-5072104138-departamento-tipo-suite-amueblado-con-todos-los-servicios-incluidos-en-anzurez-_JM,mercadolibre,666.6666666666666
31000.0,departamento,Miguel Hidalgo,Ciudad de México,66.0,1.0,1.0,,https://departamento.mercadolibre.com.mx/MLM-5505683898-departamento-amueblado-en-renta-parques-polanco-_JM,mercadolibre,469.6969696969697
9500.0,departamento,Tláhuac,Ciudad de México,60.0,2.0,1.0,,https://departamento.mercadolibre.com.mx/MLM-2981901501-departamento-en-renta-en-perfecto-estado-remodelado-_JM,mercadolibre,158.33333333333334
9000.0,departamento,Tláhuac,Ciudad de México,54.0,2.0,1.0,,https://departamento.mercadolibre.com.mx/MLM-2956542663-departamento-en-renta-los-olivos-tlahuac-cdmx-_JM,mercadolibre,166.66666666666666
4000.0,departamento,Tláhuac,Ciudad de México,56.0,1.0,1.0,,https://departamento.mercadolibre.com.mx/MLM-2945708357-departamento-solo-_JM,mercadolibre,71.42857142857143
27000.0,departamento,Tlalpan,Ciudad de México,92.0,3.0,2.0,,https://departamento.mercadolibre.com.mx/MLM-5498459102-departamento-amueblado-en-renta-col-villa-lazaro-cardenas-_JM,mercadolibre,293.4782608695652
25000.0,departamento,Tlalpan,Ciudad de México,133.0,3.0,2.0,,https://departamento.mercadolibre.com.mx/MLM-5450908982-departamento-en-renta-en-fuentes-de-tepepan-_JM,mercadolibre,187.9699248120301
90000.0,departamento,Tlalpan,Ciudad de México,340.0,3.0,2.0,,https://departamento.mercadolibre.com.mx/MLM-2848224293-departamento-en-renta-torre-olimpo-jardines-en-la-montana-_JM,mercadolibre,264.70588235294116
25000.0,departamento,Tlalpan,Ciudad de México,80.0,1.0,1.0,,https://departamento.mercadolibre.com.mx/MLM-5074303606-gran-loft-amueblado-y-equipado-en-renta-frente-al-bosque-de-tlalpan-_JM,mercadolibre,312.5
11500.0,departamento,Tlalpan,Ciudad de México,60.0,2.0,1.0,,https://departamento.mercadolibre.com.mx/MLM-5397308606-renta-de-departamento-en-tlalpan-_JM,mercadolibre,191.66666666666666
15000.0,departamento,Tlalpan,Ciudad de México,70.0,2.0,2.0,,https://departamento.mercadolibre.com.mx/MLM-5461735726-departamento-en-renta-en-forestal-tlalpan-por-tren-ligero-xomali-y-hospitales-_JM,mercadolibre,214.28571428571428
9800.0,departamento,Tlalpan,Ciudad de México,250.0,1.0,1.0,,https://departamento.mercadolibre.com.mx/MLM-5315461506-departamento-en-renta-tlapan-cdmx-_JM,mercadolibre,39.2
21000.0,departamento,Tlalpan,Ciudad de México,100.0,2.0,2.0,,https://departamento.mercadolibre.com.mx/MLM-2788174879-renta-departamento-solo-medicos-zona-de-hospitales-_JM,mercadolibre,210.0
35000.0,departamento,Tlalpan,Ciudad de México,120.0,2.0,2.0,,https://departamento.mercadolibre.com.mx/MLM-5251727780-departamento-en-renta-en-prados-coapa-_JM,mercadolibre,291.6666666666667
70000.0,departamento,Tlalpan,Ciudad de México,339.0,2.0,2.0,,https://departamento.mercadolibre.com.mx/MLM-5395493270-departamento-en-renta-en-jardines-en-la-montana-_JM,mercadolibre,206.4896755162242
14900.0,departamento,Tlalpan,Ciudad de México,60.0,2.0,1.0,,https://departamento.mercadolibre.com.mx/MLM-2976235157-departamento-en-renta-en-san-bartolo-el-chico-_JM,mercadolibre,248.33333333333334
22000.0,departamento,Tlalpan,Ciudad de México,110.0,2.0,2.0,,https://departamento.mercadolibre.com.mx/MLM-5325410580-hermoso-departamento-en-renta-_JM,mercadolibre,200.0
40000.0,departamento,Tlalpan,Ciudad de México,90.0,1.0,1.0,,https://departamento.mercadolibre.com.mx/MLM-2912468249-origina-pedregal-_JM,mercadolibre,444.44444444444446
35000.0,departamento,Tlalpan,Ciudad de México,200.0,1.0,1.0,,https://departamento.mercadolibre.com.mx/MLM-5407617410-hermoso-departamento-amueblado-en-renta-tlalpan-centro-_JM,mercadolibre,175.0
75000.0,departamento,Tlalpan,Ciudad de México,286.0,3.0,3.0,,https://departamento.mercadolibre.com.mx/MLM-2967803713-departamento-en-renta-jardines-en-la-montana-ph-_JM,mercadolibre,262.23776223776224
30000.0,departamento,Tlalpan,Ciudad de México,132.0,3.0,2.0,,https://departamento.mercadolibre.com.mx/MLM-2940644103-departamento-seminuevo-con-super-amenidades-_JM,mercadolibre,227.27272727272728
27000.0,departamento,Tlalpan,Ciudad de México,99.0,2.0,2.0,,https://departamento.mercadolibre.com.mx/MLM-2943347939-se-renta-departamento-planta-baja-en-santa-teresa-tlalpan-cdmx-_JM,mercadolibre,272.72727272727275
11000.0,departamento,Tlalpan,Ciudad de México,85.0,2.0,1.0,,https://departamento.mercadolibre.com.mx/MLM-2996195161-departamento-en-renta-en-mirador-tlalpan-ciudad-de-mexico-_JM,mercadolibre,129.41176470588235
30000.0,departamento,Tlalpan,Ciudad de México,129.0,3.0,2.0,,https://departamento.mercadolibre.com.mx/MLM-5480268364-penthouse-en-renta-col-granjas-coapa-tlalpan-_JM,mercadolibre,232.5581395348837
15000.0,departamento,Tlalpan,Ciudad de México,65.0,2.0,2.0,,https://departamento.mercadolibre.com.mx/MLM-5497628458-departamento-en-renta-colonia-rinconada-coapa-tlalpan-ciudad-de-mexico-_JM,mercadolibre,230.76923076923077
75000.0,departamento,Tlalpan,Ciudad de México,177.0,2.0,2.0,,https://departamento.mercadolibre.com.mx/MLM-5478267014-departamento-en-renta-lomas-del-pedregal-_JM,mercadolibre,423.728813559322
5000.0,departamento,Tlalpan,Ciudad de México,30.0,1.0,1.0,,https://departamento.mercadolibre.com.mx/MLM-5502454708-renta-departamentos-arboledas-del-sur-t-df0116-0552-_JM,mercadolibre,166.66666666666666
7950.0,departamento,Tlalpan,Ciudad de México,70.0,1.0,1.0,,https://departamento.mercadolibre.com.mx/MLM-5466514256-lindo-departamento-con-terraza-en-renta-hacia-el-ajusco-_JM,mercadolibre,113.57142857142857
7000.0,departamento,Tlalpan,Ciudad de México,50.0,1.0,1.0,,https://departamento.mercadolibre.com.mx/MLM-3008846733-renta-departamentos-ejidos-de-san-pedro-martir-t-df0135-0286-_JM,mercadolibre,140.0
8000.0,departamento,Tlalpan,Ciudad de México,60.0,2.0,1.0,,https://departamento.mercadolibre.com.mx/MLM-3008869415-renta-departamentos-ejidos-de-san-pedro-martir-t-df0135-0285-_JM,mercadolibre,133.33333333333334
10500.0,departamento,Tlalpan,Ciudad de México,80.0,2.0,1.0,,https://departamento.mercadolibre.com.mx/MLM-2919721163-colonia-primavera-departamento-amueblado-en-planta-baja-en-renta-tlalpan-_JM,mercadolibre,131.25
5500.0,departamento,Tlalpan,Ciudad de México,20.0,1.0,1.0,,https://departamento.mercadolibre.com.mx/MLM-2911693039-renta-departamentos-miguel-hidalgo-3a-seccion-t-df0120-0598-_JM,mercadolibre,275.0
9700.0,departamento,Tlalpan,Ciudad de México,30.0,1.0,1.0,,https://departamento.mercadolibre.com.mx/MLM-2964578953-renta-departamentos-la-joya-t-df0019-0241-_JM,mercadolibre,323.3333333333333
6000.0,departamento,Tlalpan,Ciudad de México,40.0,1.0,1.0,,https://departamento.mercadolibre.com.mx/MLM-2826704001-renta-departamentos-ejidos-de-san-pedro-martir-t-df0135-0288-_JM,mercadolibre,150.0
4000.0,departamento,Tlalpan,Ciudad de México,30.0,1.0,1.0,,https://departamento.mercadolibre.com.mx/MLM-5450891396-renta-departamentos-belvedere-ajusco-t-df0218-0095-_JM,mercadolibre,133.33333333333334
9000.0,departamento,Tlalpan,Ciudad de México,65.0,2.0,1.0,,https://departamento.mercadolibre.com.mx/MLM-2826683551-renta-departamentos-ejidos-de-san-pedro-martir-t-df0135-0287-_JM,mercadolibre,138.46153846153845
7000.0,departamento,Tlalpan,Ciudad de México,36.0,1.0,1.0,,https://departamento.mercadolibre.com.mx/MLM-5418895554-renta-departamentos-isidro-fabela-t-df0015-0494-_JM,mercadolibre,194.44444444444446
5000.0,departamento,Tlalpan,Ciudad de México,35.0,1.0,1.0,,https://departamento.mercadolibre.com.mx/MLM-2937042791-renta-departamentos-cruz-del-farol-t-df0218-0093-_JM,mercadolibre,142.85714285714286
17000.0,departamento,Tlalpan,Ciudad de México,102.0,2.0,2.0,,https://departamento.mercadolibre.com.mx/MLM-5402562218-renta-departamentos-colinas-del-bosque-t-df0094-0511-_JM,mercadolibre,166.66666666666666
13500.0,departamento,Tlalpan,Ciudad de México,85.0,2.0,1.0,,https://departamento.mercadolibre.com.mx/MLM-2982520803-renta-departamentos-san-pedro-apostol-t-df0015-0496-_JM,mercadolibre,158.8235294117647
33000.0,departamento,Tlalpan,Ciudad de México,244.0,3.0,2.0,,https://departamento.mercadolibre.com.mx/MLM-2891157033-renta-departamentos-valle-de-tepepan-t-df0094-0508-_JM,mercadolibre,135.24590163934425
39000.0,departamento,Tlalpan,Ciudad de México,115.0,3.0,3.0,,https://departamento.mercadolibre.com.mx/MLM-2824571305-renta-departamentos-fuentes-del-pedregal-t-df0246-0420-_JM,mercadolibre,339.1304347826087
10000.0,departamento,Tlalpan,Ciudad de México,70.0,2.0,1.0,,https://departamento.mercadolibre.com.mx/MLM-5384783234-increible-departamento-recien-remodealod-picacho-ajuscomiguel-hidalgo-_JM,mercadolibre,142.85714285714286
11000.0,departamento,Tlalpan,Ciudad de México,59.0,1.0,1.0,,https://departamento.mercadolibre.com.mx/MLM-5496763350-departamento-en-renta-para-mujer-en-romulo-sanchez-tlalpan-cdmx-_JM,mercadolibre,186.4406779661017
5000.0,departamento,Tlalpan,Ciudad de México,20.0,1.0,1.0,,https://departamento.mercadolibre.com.mx/MLM-5030638426-habitacion-en-renta-en-isidro-fabela-tlalpan-cdmx-_JM,mercadolibre,250.0
25000.0,departamento,Tlalpan,Ciudad de México,120.0,3.0,2.0,,https://departamento.mercadolibre.com.mx/MLM-2798156265-heroes-de-padierna-tlalpan-_JM,mercadolibre,208.33333333333334
12000.0,departamento,Tlalpan,Ciudad de México,55.0,2.0,1.0,,https://departamento.mercadolibre.com.mx/MLM-5439220838-departamento-en-renta-en-lomas-de-padierna-tlalpan-cdmx-_JM,mercadolibre,218.1818181818182
13000.0,departamento,Tlalpan,Ciudad de México,60.0,2.0,1.0,,https://departamento.mercadolibre.com.mx/MLM-2917037605-departamento-en-renta-en-miguel-hidalgo-2da-seccion-tlalpan-cdmx-97241-_JM,mercadolibre,216.66666666666666
38000.0,departamento,Tlalpan,Ciudad de México,220.0,3.0,3.0,,https://departamento.mercadolibre.com.mx/MLM-2964865293-departamento-en-renta-en-parque-del-pedregal-_JM,mercadolibre,172.72727272727272
14000.0,departamento,Tlalpan,Ciudad de México,140.0,3.0,2.0,,https://departamento.mercadolibre.com.mx/MLM-5474153936-bonito-penthouse-o-departamento-amplio-de-3-recamaras-sixflags-_JM,mercadolibre,100.0
12900.0,departamento,Tlalpan,Ciudad de México,67.0,2.0,1.0,,https://departamento.mercadolibre.com.mx/MLM-3002753593-departamento-a-2-cuadras-del-tec-de-monterrey-campus-sur-_JM,mercadolibre,192.53731343283582
5300.0,departamento,Tlalpan,Ciudad de México,35.0,1.0,1.0,,https://departamento.mercadolibre.com.mx/MLM-5502477656-pequeno-departamento-cerca-de-zona-de-hospitales-_JM,mercadolibre,151.42857142857142
17000.0,departamento,Tlalpan,Ciudad de México,115.0,2.0,2.0,,https://departamento.mercadolibre.com.mx/MLM-5496927016-zona-de-hospitales-tlalpan-servicios-incluidos-_JM,mercadolibre,147.82608695652175
6000.0,departamento,Tlalpan,Ciudad de México,70.0,1.0,1.0,,https://departamento.mercadolibre.com.mx/MLM-5446723404-loft-frente-a-six-flags-entrando-por-sinanche-con-internet-opcion-a-estacionamiento-y-acepta-mascotas-_JM,mercadolibre,85.71428571428571
10000.0,departamento,Tlalpan,Ciudad de México,90.0,2.0,1.0,,https://departamento.mercadolibre.com.mx/MLM-5419615852-departamento-completamente-nuevo-en-tlalpan-san-andres-totoltepec-90-m2-_JM,mercadolibre,111.11111111111111
9500.0,departamento,Tlalpan,Ciudad de México,75.0,1.0,1.0,,https://departamento.mercadolibre.com.mx/MLM-5425640700-departamento-tipo-loft-_JM,mercadolibre,126.66666666666667
9000.0,departamento,Tlalpan,Ciudad de México,50.0,1.0,1.0,,https://departamento.mercadolibre.com.mx/MLM-5425850204-departamento-amueblado-a-1-km-de-metrobus-caminero-_JM,mercadolibre,180.0
17000.0,departamento,Tlalpan,Ciudad de México,62.0,2.0,2.0,,https://departamento.mercadolibre.com.mx/MLM-5470720642-departamento-amueblado-2-rec-zona-hospitales-tlalpan-_JM,mercadolibre,274.19354838709677
14500.0,departamento,Tlalpan,Ciudad de México,80.0,2.0,1.0,,https://departamento.mercadolibre.com.mx/MLM-5446741244-amplio-departamento-con-2-habitaciones-un-lugar-de-estacionamiento-jardin-con-amenidades-como-asador-sombrilla-fogon-sala-para-jardin-cocina-equipadaya-cuenta-con-servicio-de-internet-_JM,mercadolibre,181.25
10000.0,departamento,Tlalpan,Ciudad de México,80.0,1.0,1.0,,https://departamento.mercadolibre.com.mx/MLM-2979119755-departamento-con-estacionamiento-y-jardin-1-recamara-bano-sala-comedor-cocina-con-estufa-no-perros-_JM,mercadolibre,125.0
15000.0,departamento,Venustiano Carranza,Ciudad de México,105.0,3.0,2.0,,https://departamento.mercadolibre.com.mx/MLM-2965236775-departamento-en-renta-pensador-mexicana-venustiano-carranza-cdmx-_JM,mercadolibre,142.85714285714286
14500.0,departamento,Venustiano Carranza,Ciudad de México,50.0,2.0,1.0,,https://departamento.mercadolibre.com.mx/MLM-5473729328-departamento-centrico-con-conectividad-excepcional-ubicacion-privilegiada-y-estrategica-dentro-de-la-ciudad-de-mexico-situandose-a-pocos-minutos-del-aeropuerto-internacional-de-la-ciudad-de-mexico-_JM,mercadolibre,290.0
7500.0,departamento,Venustiano Carranza,Ciudad de México,50.0,1.0,1.0,,https://departamento.mercadolibre.com.mx/MLM-5473409078-depa-de-1-recamara-con-entrada-independiente-_JM,mercadolibre,150.0
12000.0,departamento,Venustiano Carranza,Ciudad de México,60.0,1.0,1.0,,https://departamento.mercadolibre.com.mx/MLM-3011518105-excelente-departamento-en-planta-baja-la-mejor-ubicacion-_JM,mercadolibre,200.0
19000.0,departamento,Venustiano Carranza,Ciudad de México,95.0,2.0,2.0,,https://departamento.mercadolibre.com.mx/MLM-3001593411-renta-departamento-2-ambientes-lorenzo-boturini-_JM,mercadolibre,200.0
14000.0,departamento,Venustiano Carranza,Ciudad de México,80.0,3.0,1.0,,https://departamento.mercadolibre.com.mx/MLM-3006035149-renta-departamentos-aquiles-serdan-t-df0262-0007-_JM,mercadolibre,175.0
10000.0,departamento,Venustiano Carranza,Ciudad de México,60.0,2.0,1.0,,https://departamento.mercadolibre.com.mx/MLM-5170722226-renta-departamentos-20-de-noviembre-t-df0143-0191-_JM,mercadolibre,166.66666666666666
13000.0,departamento,Venustiano Carranza,Ciudad de México,65.0,4.0,1.0,,https://departamento.mercadolibre.com.mx/MLM-2886025965-renta-departamentos-puebla-t-df0204-0099-_JM,mercadolibre,200.0
12500.0,departamento,Venustiano Carranza,Ciudad de México,70.0,2.0,1.0,,https://departamento.mercadolibre.com.mx/MLM-5252255306-renta-departamentos-moctezuma-2a-seccion-t-df0198-0109-_JM,mercadolibre,178.57142857142858
12000.0,departamento,Venustiano Carranza,Ciudad de México,80.0,2.0,1.0,,https://departamento.mercadolibre.com.mx/MLM-5385293990-renta-departamentos-moctezuma-2a-seccion-t-df0074-0327-_JM,mercadolibre,150.0
15000.0,departamento,Venustiano Carranza,Ciudad de México,66.0,2.0,2.0,,https://departamento.mercadolibre.com.mx/MLM-2899145805-renta-de-departamento-en-la-colonia-moctezuma-venustiano-carranza-cdmx-_JM,mercadolibre,227.27272727272728
11500.0,departamento,Venustiano Carranza,Ciudad de México,70.0,3.0,1.0,,https://departamento.mercadolibre.com.mx/MLM-5325690948-departamento-en-renta-colonia-jardin-balbuena-venustiano-carranza-cdmx-_JM,mercadolibre,164.28571428571428
12000.0,departamento,Venustiano Carranza,Ciudad de México,55.0,2.0,1.0,,https://departamento.mercadolibre.com.mx/MLM-2962061803-renta-departamentos-lorenzo-boturini-t-df0175-0184-_JM,mercadolibre,218.1818181818182
11500.0,departamento,Venustiano Carranza,Ciudad de México,70.0,2.0,1.0,,https://departamento.mercadolibre.com.mx/MLM-2992862035-departamento-en-renta-muy-cerca-del-circuito-interior-rio-consulado-valle-gomez-_JM,mercadolibre,164.28571428571428
14500.0,departamento,Venustiano Carranza,Ciudad de México,60.0,2.0,1.0,,https://departamento.mercadolibre.com.mx/MLM-2964975137-renta-departamentos-moctezuma-1a-seccion-t-df0166-0151-_JM,mercadolibre,241.66666666666666
18600.0,departamento,Venustiano Carranza,Ciudad de México,65.0,2.0,2.0,,https://departamento.mercadolibre.com.mx/MLM-2907748343-renta-departamento-en-colonia-moctezuma-md2-_JM,mercadolibre,286.15384615384613
13500.0,departamento,Venustiano Carranza,Ciudad de México,70.0,3.0,1.0,,https://departamento.mercadolibre.com.mx/MLM-2970112093-renta-departamentos-simon-bolivar-t-df0262-0005-_JM,mercadolibre,192.85714285714286
15000.0,departamento,Venustiano Carranza,Ciudad de México,105.0,1.0,2.0,,https://departamento.mercadolibre.com.mx/MLM-2886472105-renta-departamento-1-ambiente-1-de-mayo-_JM,mercadolibre,142.85714285714286
17000.0,departamento,Venustiano Carranza,Ciudad de México,110.0,2.0,1.0,,https://departamento.mercadolibre.com.mx/MLM-2886827553-renta-departamento-2-ambientes-1-de-mayo-_JM,mercadolibre,154.54545454545453
15000.0,departamento,Venustiano Carranza,Ciudad de México,80.0,3.0,1.0,,https://departamento.mercadolibre.com.mx/MLM-2978874717-renta-departamentos-puebla-t-df0204-0104-_JM,mercadolibre,187.5
13500.0,departamento,Venustiano Carranza,Ciudad de México,80.0,2.0,2.0,,https://departamento.mercadolibre.com.mx/MLM-5389851002-renta-departamentos-20-de-noviembre-t-df0143-0194-_JM,mercadolibre,168.75
8950.0,departamento,Venustiano Carranza,Ciudad de México,75.0,1.0,1.0,,https://departamento.mercadolibre.com.mx/MLM-2945712927-departamento-en-planta-baja-bastante-amplio-en-venustiano-carranza-_JM,mercadolibre,119.33333333333333
5700.0,departamento,Venustiano Carranza,Ciudad de México,20.0,1.0,1.0,,https://departamento.mercadolibre.com.mx/MLM-2973585971-departamento-en-renta-el-col-jardin-balbuena-venustiano-carranza-cdmx-92308-_JM,mercadolibre,285.0
7500.0,departamento,Venustiano Carranza,Ciudad de México,40.0,1.0,1.0,,https://departamento.mercadolibre.com.mx/MLM-5481263406-departamento-metro-moctezuma-_JM,mercadolibre,187.5
12500.0,departamento,Venustiano Carranza,Ciudad de México,68.0,2.0,2.0,,https://departamento.mercadolibre.com.mx/MLM-2996495547-departamanto-bien-iluminado-natural-cerca-de-metro-y-cerca-de-encuentro-oceania-_JM,mercadolibre,183.8235294117647
2000.0,departamento,Venustiano Carranza,Ciudad de México,24.0,,,,https://departamento.mercadolibre.com.mx/MLM-5470724284-renta-de-estacionamiento-con-vigilancia-_JM,mercadolibre,83.33333333333333
14800.0,departamento,Venustiano Carranza,Ciudad de México,84.0,2.0,2.0,,https://departamento.mercadolibre.com.mx/MLM-2967276439-rento-departamento-de-84-metros-cuadrados-totales-78-m2-de-departamento-mas-6-m2-de-bodega-exclusiva-en-colonia-ignacio-zaragoza-venustiano-carranza-a-5-minutos-del-aeropuerto-_JM,mercadolibre,176.1904761904762
14000.0,departamento,Venustiano Carranza,Ciudad de México,50.0,2.0,1.0,,https://departamento.mercadolibre.com.mx/MLM-5425149770-bonito-departamento-a-5-minutos-del-aeropuerto-estadio-gnp-palacio-de-los-deportes-_JM,mercadolibre,280.0
12000.0,departamento,Venustiano Carranza,Ciudad de México,58.0,2.0,1.0,,https://departamento.mercadolibre.com.mx/MLM-5504709268-su-ubicacion-privilegiada-te-permitira-desplazarte-con-facilidad-hacia-importantes-vialidades-estaciones-de-transporte-publico-centros-comerciales-escuelas-mercados-y-diversos-servicios-esenciales-_JM,mercadolibre,206.89655172413794
11000.0,departamento,Venustiano Carranza,Ciudad de México,70.0,2.0,1.0,,https://departamento.mercadolibre.com.mx/MLM-3013922221-departamento-en-renta-_JM,mercadolibre,157.14285714285714
12500.0,departamento,Xochimilco,Ciudad de México,87.0,3.0,1.0,,https://departamento.mercadolibre.com.mx/MLM-5461165146-renta-departamentos-ampliacion-la-noria-t-df0071-0947-_JM,mercadolibre,143.67816091954023
13000.0,departamento,Xochimilco,Ciudad de México,75.0,2.0,1.0,,https://departamento.mercadolibre.com.mx/MLM-2899300329-departamento-en-renta-colonia-paseos-del-sur-xocchimilco-ciudad-de-mexico-_JM,mercadolibre,173.33333333333334
17200.0,departamento,Xochimilco,Ciudad de México,95.0,2.0,1.0,,https://departamento.mercadolibre.com.mx/MLM-2982830671-renta-departamento-2-ambientes-ampliacion-san-marcos-norte-_JM,mercadolibre,181.05263157894737
11500.0,departamento,Xochimilco,Ciudad de México,60.0,2.0,1.0,,https://departamento.mercadolibre.com.mx/MLM-2901592387-renta-departamentos-tablas-de-san-lorenzo-t-df0068-0389-_JM,mercadolibre,191.66666666666666
6000.0,departamento,Xochimilco,Ciudad de México,60.0,2.0,2.0,,https://departamento.mercadolibre.com.mx/MLM-2985061177-independiente-departamento-para-1-o-2-en-tepepan-_JM,mercadolibre,100.0
10800.0,departamento,Xochimilco,Ciudad de México,70.0,1.0,2.0,,https://departamento.mercadolibre.com.mx/MLM-5402551132-nuevo-departamento-completamente-alfombrado-alcoba-con-balcon-y-bano-privado-balcon-vista-al-jardin-_JM,mercadolibre,154.28571428571428
14500.0,departamento,Xochimilco,Ciudad de México,100.0,2.0,1.0,,https://departamento.mercadolibre.com.mx/MLM-2976914101-departamentoestudio-en-renta-excelente-iluminacion-y-ubicacion-_JM,mercadolibre,145.0
23500.0,desarrollo,Cuajimalpa,Ciudad de México,57.0,1.0,,,https://www.vivanuncios.com.mx/d-desarrollo-ri-a-bosques/141933259?n_src=Listado&n_pg=1&n_pos=1,vivanuncios,412.280701754386
78000.0,casa,Álvaro Obregón,Ciudad de México,90.0,3.0,3.0,2.0,https://www.vivanuncios.com.mx/a-renta-casa-en-condominio/san-angel/renta-casa-en-condominio-en-san-angel/149089341?n_src=Listado&n_pills=Escuelas+cercanas&n_pg=1&n_pos=2,vivanuncios,866.6666666666666
82000.0,casa,Miguel Hidalgo,Ciudad de México,345.0,4.0,4.0,4.0,https://www.vivanuncios.com.mx/a-venta-casa-en-condominio/bosque-de-las-lomas/casa-en-renta-en-bosques-de-las-lomas/147667355?n_src=Listado&n_pills=%C3%81rea+de+juegos+infantiles&n_pg=1&n_pos=4,vivanuncios,237.68115942028984
19000.0,desarrollo,Miguel Hidalgo,Ciudad de México,96.0,1.0,,,https://www.vivanuncios.com.mx/d-desarrollo-gran-ciudad-city-rent/143814443?n_src=Listado&n_pg=1&n_pos=5,vivanuncios,197.91666666666666
100000.0,departamento,Miguel Hidalgo,Ciudad de México,225.0,3.0,3.0,2.0,https://www.vivanuncios.com.mx/a-renta-departamento/polanco/nuevo-polanco:-espectacular-departamento-3-recamaras/149845184?n_src=Listado&n_pills=%C3%81rea+de+juegos+infantiles&n_pg=1&n_pos=8,vivanuncios,444.44444444444446
10000.0,oficina,Álvaro Obregón,Ciudad de México,7.0,,,1.0,https://www.vivanuncios.com.mx/a-renta-oficina/tizapan/consultorio-dental-equipado-en-renta-san-jeronimo-alvaro-obregon/149145070?n_src=Listado&n_pg=1&n_pos=10,vivanuncios,1428.5714285714287
48000.0,departamento,Cuajimalpa,Ciudad de México,96.0,1.0,1.0,1.0,https://www.vivanuncios.com.mx/a-renta-departamento/santa-fe-cuajimalpa/departamento-en-renta-amueblado-en-av-santa-fe/150193194?n_src=Listado&n_pills=Espacio+de+co-working&n_pg=1&n_pos=11,vivanuncios,500.0
45000.0,departamento,Miguel Hidalgo,Ciudad de México,110.0,2.0,2.0,2.0,https://www.vivanuncios.com.mx/a-renta-departamento/polanco/plaza-carso-2-recamaras-acceso-directo-torre-dali/141708669?n_src=Listado&n_pills=Escuelas+cercanas&n_pg=1&n_pos=12,vivanuncios,409.09090909090907
9944.0,oficina,Álvaro Obregón,Ciudad de México,60.0,,2.0,,https://www.vivanuncios.com.mx/a-renta-oficina/santa-fe/alquiler-de-oficinas-bellamente-disenadas-para-3-personas-en-mexico-city-hamburgo/149166215?n_src=Listado&n_pills=Aire+acondicionado&n_pg=1&n_pos=15,vivanuncios,165.73333333333332
32619.0,oficina,Miguel Hidalgo,Ciudad de México,75.0,,2.0,,https://www.vivanuncios.com.mx/a-renta-oficina/anzures/oficinas-privadas-totalmente-equipadas-para-ti-y-tu-equipo-en-mexico-city-mariano-escobedo/149166208?n_src=Listado&n_pills=Amoblado&n_pg=1&n_pos=16,vivanuncios,434.92
55000.0,departamento,Miguel Hidalgo,Ciudad de México,105.0,2.0,2.0,2.0,https://www.vivanuncios.com.mx/a-renta-departamento/granada/en-renta-departamento-en-miyana-polanco-granada-miguel-hidalgo/143883396?n_src=Listado&n_pills=%C3%81rea+de+lavado&n_pg=1&n_pos=17,vivanuncios,523.8095238095239
35000.0,departamento,Miguel Hidalgo,Ciudad de México,75.0,,1.0,1.0,https://www.vivanuncios.com.mx/a-renta-departamento/ampliacion-granada/plaza-carso-1-recamara-amueblado-y-equipado-torre-cezanne/91305933?n_src=Listado&n_pills=Escuelas+cercanas&n_pg=1&n_pos=19,vivanuncios,466.6666666666667
85000.0,departamento,Miguel Hidalgo,Ciudad de México,135.0,2.0,2.0,2.0,https://www.vivanuncios.com.mx/a-renta-departamento/polanco/rento-departamento-en-plaza-carso-moliere-2-recamaras-amueblado/149254312?n_src=Listado&n_pills=%C3%81rea+de+lavado&n_pg=1&n_pos=20,vivanuncios,629.6296296296297
51030.0,oficina,Álvaro Obregón,Ciudad de México,121.0,,,2.0,https://www.vivanuncios.com.mx/a-renta-oficina/santa-fe/oficina-en-renta-en-prolongacion-paseo-de-la-reforma-799-zedec-santa-fe/147681566?n_src=Listado&n_pg=1&n_pos=22,vivanuncios,421.73553719008265
24151.0,oficina,Miguel Hidalgo,Ciudad de México,60.0,,2.0,,https://www.vivanuncios.com.mx/a-renta-oficina/lomas-de-chapultepec/oficinas-privadas-totalmente-equipadas-para-ti-y-tu-equipo-en-mexico-city-spaces-prado-sur/149166319?n_src=Listado&n_pills=Amoblado&n_pg=1&n_pos=25,vivanuncios,402.51666666666665
66500.0,departamento,Tlalpan,Ciudad de México,190.0,,,2.0,https://www.vivanuncios.com.mx/a-renta-edificio/barrio-la-fama/renta-de-edificio-con-uso-de-suelo-en-insurgentes-sur-tlalpan-primer-piso/149861917?n_src=Listado&n_pg=1&n_pos=26,vivanuncios,350.0
28520.0,departamento,Cuauhtémoc,Ciudad de México,33.0,1.0,1.0,1.0,https://www.vivanuncios.com.mx/a-renta-departamento/hipodromo/condesa-depa-amueblado-1-recamaras-1-banos-security-24-7-rooftop-balcony/143737455?n_src=Listado&n_pills=Amoblado&n_pg=1&n_pos=28,vivanuncios,864.2424242424242
27638.0,oficina,Cuauhtémoc,Ciudad de México,75.0,,2.0,,https://www.vivanuncios.com.mx/a-renta-oficina/roma/alquiler-de-oficinas-bellamente-disenadas-para-5-personas-en-mexico-city-roma/149168925?n_src=Listado&n_pills=Amoblado&n_pg=1&n_pos=29,vivanuncios,368.50666666666666
80000.0,departamento,Miguel Hidalgo,Ciudad de México,135.0,2.0,2.0,3.0,https://www.vivanuncios.com.mx/a-renta-departamento/granada/rento-departamento-en-plaza-carso-moliere-nuevo-2-recamaras-amueblado/146866684?n_src=Listado&n_pills=Espacio+de+co-working&n_pg=1&n_pos=30,vivanuncios,592.5925925925926
